ISO-10303-21;
HEADER;
FILE_DESCRIPTION(('KiCad electronic assembly'),'2;1');
FILE_NAME('BoardB_UI.step','2026-05-18T19:30:59',('Pcbnew'),('Kicad'),
  'Open CASCADE STEP processor 7.9','KiCad to STEP converter','Unknown'
  );
FILE_SCHEMA(('AUTOMOTIVE_DESIGN { 1 0 10303 214 1 1 1 1 }'));
ENDSEC;
DATA;
#1 = APPLICATION_PROTOCOL_DEFINITION('international standard',
  'automotive_design',2000,#2);
#2 = APPLICATION_CONTEXT(
  'core data for automotive mechanical design processes');
#3 = SHAPE_DEFINITION_REPRESENTATION(#4,#10);
#4 = PRODUCT_DEFINITION_SHAPE('','',#5);
#5 = PRODUCT_DEFINITION('design','',#6,#9);
#6 = PRODUCT_DEFINITION_FORMATION('','',#7);
#7 = PRODUCT('BoardB_UI 1','BoardB_UI 1','',(#8));
#8 = PRODUCT_CONTEXT('',#2,'mechanical');
#9 = PRODUCT_DEFINITION_CONTEXT('part definition',#2,'design');
#10 = SHAPE_REPRESENTATION('',(#11,#15,#19,#23,#27,#31,#35,#39,#43,#47,
    #51,#55,#59,#63),#67);
#11 = AXIS2_PLACEMENT_3D('',#12,#13,#14);
#12 = CARTESIAN_POINT('',(0.,0.,0.));
#13 = DIRECTION('',(0.,0.,1.));
#14 = DIRECTION('',(1.,0.,-0.));
#15 = AXIS2_PLACEMENT_3D('',#16,#17,#18);
#16 = CARTESIAN_POINT('',(52.,-7.,1.595));
#17 = DIRECTION('',(0.,0.,1.));
#18 = DIRECTION('',(1.,0.,0.));
#19 = AXIS2_PLACEMENT_3D('',#20,#21,#22);
#20 = CARTESIAN_POINT('',(43.,-7.,1.595));
#21 = DIRECTION('',(0.,0.,1.));
#22 = DIRECTION('',(1.,0.,0.));
#23 = AXIS2_PLACEMENT_3D('',#24,#25,#26);
#24 = CARTESIAN_POINT('',(12.,-10.,1.595));
#25 = DIRECTION('',(0.,0.,1.));
#26 = DIRECTION('',(1.,0.,0.));
#27 = AXIS2_PLACEMENT_3D('',#28,#29,#30);
#28 = CARTESIAN_POINT('',(35.,-12.,-8.5E-02));
#29 = DIRECTION('',(-1.224646799147E-16,-1.359631073447E-32,-1.));
#30 = DIRECTION('',(1.110223024625E-16,-1.,0.));
#31 = AXIS2_PLACEMENT_3D('',#32,#33,#34);
#32 = CARTESIAN_POINT('',(30.,-17.,-8.5E-02));
#33 = DIRECTION('',(1.224646799147E-16,-1.359631073447E-32,-1.));
#34 = DIRECTION('',(1.110223024625E-16,1.,0.));
#35 = AXIS2_PLACEMENT_3D('',#36,#37,#38);
#36 = CARTESIAN_POINT('',(32.5,-12.,-8.5E-02));
#37 = DIRECTION('',(-1.224646799147E-16,-1.359631073447E-32,-1.));
#38 = DIRECTION('',(1.110223024625E-16,-1.,0.));
#39 = AXIS2_PLACEMENT_3D('',#40,#41,#42);
#40 = CARTESIAN_POINT('',(30.,-12.,-8.5E-02));
#41 = DIRECTION('',(-1.224646799147E-16,-1.359631073447E-32,-1.));
#42 = DIRECTION('',(1.110223024625E-16,-1.,0.));
#43 = AXIS2_PLACEMENT_3D('',#44,#45,#46);
#44 = CARTESIAN_POINT('',(52.,-10.6,-8.5E-02));
#45 = DIRECTION('',(1.224646799147E-16,-1.359631073447E-32,-1.));
#46 = DIRECTION('',(1.110223024625E-16,1.,0.));
#47 = AXIS2_PLACEMENT_3D('',#48,#49,#50);
#48 = CARTESIAN_POINT('',(43.,-10.6,-8.5E-02));
#49 = DIRECTION('',(1.224646799147E-16,-1.359631073447E-32,-1.));
#50 = DIRECTION('',(1.110223024625E-16,1.,0.));
#51 = AXIS2_PLACEMENT_3D('',#52,#53,#54);
#52 = CARTESIAN_POINT('',(35.,-17.,-8.5E-02));
#53 = DIRECTION('',(1.224646799147E-16,-1.359631073447E-32,-1.));
#54 = DIRECTION('',(1.110223024625E-16,1.,0.));
#55 = AXIS2_PLACEMENT_3D('',#56,#57,#58);
#56 = CARTESIAN_POINT('',(20.,-34.,-8.5E-02));
#57 = DIRECTION('',(0.,-1.224646799147E-16,-1.));
#58 = DIRECTION('',(1.,0.,0.));
#59 = AXIS2_PLACEMENT_3D('',#60,#61,#62);
#60 = CARTESIAN_POINT('',(32.5,-17.,-8.5E-02));
#61 = DIRECTION('',(1.224646799147E-16,-1.359631073447E-32,-1.));
#62 = DIRECTION('',(1.110223024625E-16,1.,0.));
#63 = AXIS2_PLACEMENT_3D('',#64,#65,#66);
#64 = CARTESIAN_POINT('',(0.,0.,0.));
#65 = DIRECTION('',(0.,0.,1.));
#66 = DIRECTION('',(1.,0.,-0.));
#67 = ( GEOMETRIC_REPRESENTATION_CONTEXT(3) 
GLOBAL_UNCERTAINTY_ASSIGNED_CONTEXT((#71)) GLOBAL_UNIT_ASSIGNED_CONTEXT(
(#68,#69,#70)) REPRESENTATION_CONTEXT('Context #1',
  '3D Context with UNIT and UNCERTAINTY') );
#68 = ( LENGTH_UNIT() NAMED_UNIT(*) SI_UNIT(.MILLI.,.METRE.) );
#69 = ( NAMED_UNIT(*) PLANE_ANGLE_UNIT() SI_UNIT($,.RADIAN.) );
#70 = ( NAMED_UNIT(*) SI_UNIT($,.STERADIAN.) SOLID_ANGLE_UNIT() );
#71 = UNCERTAINTY_MEASURE_WITH_UNIT(LENGTH_MEASURE(1.E-07),#68,
  'distance_accuracy_value','confusion accuracy');
#72 = PRODUCT_RELATED_PRODUCT_CATEGORY('part',$,(#7));
#73 = SHAPE_DEFINITION_REPRESENTATION(#74,#80);
#74 = PRODUCT_DEFINITION_SHAPE('','',#75);
#75 = PRODUCT_DEFINITION('design','',#76,#79);
#76 = PRODUCT_DEFINITION_FORMATION('','',#77);
#77 = PRODUCT('LED_0805_2012Metric','LED_0805_2012Metric','',(#78));
#78 = PRODUCT_CONTEXT('',#2,'mechanical');
#79 = PRODUCT_DEFINITION_CONTEXT('part definition',#2,'design');
#80 = ADVANCED_BREP_SHAPE_REPRESENTATION('',(#11,#81),#1604);
#81 = MANIFOLD_SOLID_BREP('',#82);
#82 = CLOSED_SHELL('',(#83,#123,#170,#249,#273,#313,#344,#361,#394,#418,
    #485,#606,#673,#697,#728,#761,#817,#841,#865,#889,#922,#934,#997,
    #1022,#1039,#1063,#1081,#1099,#1117,#1134,#1151,#1182,#1207,#1232,
    #1256,#1273,#1304,#1328,#1345,#1373,#1398,#1422,#1447,#1494,#1511,
    #1523,#1545,#1557,#1575,#1593));
#83 = ADVANCED_FACE('',(#84),#118,.F.);
#84 = FACE_BOUND('',#85,.F.);
#85 = EDGE_LOOP('',(#86,#96,#104,#112));
#86 = ORIENTED_EDGE('',*,*,#87,.T.);
#87 = EDGE_CURVE('',#88,#90,#92,.T.);
#88 = VERTEX_POINT('',#89);
#89 = CARTESIAN_POINT('',(-0.65,-0.625,0.465));
#90 = VERTEX_POINT('',#91);
#91 = CARTESIAN_POINT('',(-0.585,-0.625,1.1));
#92 = LINE('',#93,#94);
#93 = CARTESIAN_POINT('',(-0.65,-0.625,0.465));
#94 = VECTOR('',#95,1.);
#95 = DIRECTION('',(0.101830105936,0.,0.994801804142));
#96 = ORIENTED_EDGE('',*,*,#97,.T.);
#97 = EDGE_CURVE('',#90,#98,#100,.T.);
#98 = VERTEX_POINT('',#99);
#99 = CARTESIAN_POINT('',(0.585,-0.625,1.1));
#100 = LINE('',#101,#102);
#101 = CARTESIAN_POINT('',(-0.585,-0.625,1.1));
#102 = VECTOR('',#103,1.);
#103 = DIRECTION('',(1.,0.,0.));
#104 = ORIENTED_EDGE('',*,*,#105,.T.);
#105 = EDGE_CURVE('',#98,#106,#108,.T.);
#106 = VERTEX_POINT('',#107);
#107 = CARTESIAN_POINT('',(0.65,-0.625,0.465));
#108 = LINE('',#109,#110);
#109 = CARTESIAN_POINT('',(0.585,-0.625,1.1));
#110 = VECTOR('',#111,1.);
#111 = DIRECTION('',(0.101830105936,0.,-0.994801804142));
#112 = ORIENTED_EDGE('',*,*,#113,.T.);
#113 = EDGE_CURVE('',#106,#88,#114,.T.);
#114 = LINE('',#115,#116);
#115 = CARTESIAN_POINT('',(0.65,-0.625,0.465));
#116 = VECTOR('',#117,1.);
#117 = DIRECTION('',(-1.,0.,-4.270088556251E-17));
#118 = PLANE('',#119);
#119 = AXIS2_PLACEMENT_3D('',#120,#121,#122);
#120 = CARTESIAN_POINT('',(1.481626402817E-17,-0.625,0.771483451357));
#121 = DIRECTION('',(-5.57234551408E-33,1.,3.18580557984E-32));
#122 = DIRECTION('',(0.,-3.18580557984E-32,1.));
#123 = ADVANCED_FACE('',(#124),#165,.T.);
#124 = FACE_BOUND('',#125,.T.);
#125 = EDGE_LOOP('',(#126,#136,#144,#150,#151,#159));
#126 = ORIENTED_EDGE('',*,*,#127,.T.);
#127 = EDGE_CURVE('',#128,#130,#132,.T.);
#128 = VERTEX_POINT('',#129);
#129 = CARTESIAN_POINT('',(-0.65,0.625,0.465));
#130 = VERTEX_POINT('',#131);
#131 = CARTESIAN_POINT('',(-0.65,0.46875,0.465));
#132 = LINE('',#133,#134);
#133 = CARTESIAN_POINT('',(-0.65,0.625,0.465));
#134 = VECTOR('',#135,1.);
#135 = DIRECTION('',(0.,-1.,0.));
#136 = ORIENTED_EDGE('',*,*,#137,.F.);
#137 = EDGE_CURVE('',#138,#130,#140,.T.);
#138 = VERTEX_POINT('',#139);
#139 = CARTESIAN_POINT('',(-0.65,-0.46875,0.465));
#140 = LINE('',#141,#142);
#141 = CARTESIAN_POINT('',(-0.65,-0.625,0.465));
#142 = VECTOR('',#143,1.);
#143 = DIRECTION('',(0.,1.,0.));
#144 = ORIENTED_EDGE('',*,*,#145,.T.);
#145 = EDGE_CURVE('',#138,#88,#146,.T.);
#146 = LINE('',#147,#148);
#147 = CARTESIAN_POINT('',(-0.65,0.625,0.465));
#148 = VECTOR('',#149,1.);
#149 = DIRECTION('',(0.,-1.,0.));
#150 = ORIENTED_EDGE('',*,*,#87,.T.);
#151 = ORIENTED_EDGE('',*,*,#152,.F.);
#152 = EDGE_CURVE('',#153,#90,#155,.T.);
#153 = VERTEX_POINT('',#154);
#154 = CARTESIAN_POINT('',(-0.585,0.625,1.1));
#155 = LINE('',#156,#157);
#156 = CARTESIAN_POINT('',(-0.585,0.625,1.1));
#157 = VECTOR('',#158,1.);
#158 = DIRECTION('',(0.,-1.,0.));
#159 = ORIENTED_EDGE('',*,*,#160,.F.);
#160 = EDGE_CURVE('',#128,#153,#161,.T.);
#161 = LINE('',#162,#163);
#162 = CARTESIAN_POINT('',(-0.65,0.625,0.465));
#163 = VECTOR('',#164,1.);
#164 = DIRECTION('',(0.101830105936,0.,0.994801804142));
#165 = PLANE('',#166);
#166 = AXIS2_PLACEMENT_3D('',#167,#168,#169);
#167 = CARTESIAN_POINT('',(-0.65,0.625,0.465));
#168 = DIRECTION('',(-0.994801804142,0.,0.101830105936));
#169 = DIRECTION('',(0.101830105936,0.,0.994801804142));
#170 = ADVANCED_FACE('',(#171),#244,.F.);
#171 = FACE_BOUND('',#172,.F.);
#172 = EDGE_LOOP('',(#173,#183,#191,#199,#205,#206,#214,#222,#230,#238)
  );
#173 = ORIENTED_EDGE('',*,*,#174,.F.);
#174 = EDGE_CURVE('',#175,#177,#179,.T.);
#175 = VERTEX_POINT('',#176);
#176 = CARTESIAN_POINT('',(-0.965,-0.625,3.5E-02));
#177 = VERTEX_POINT('',#178);
#178 = CARTESIAN_POINT('',(-0.9125,-0.625,3.5E-02));
#179 = LINE('',#180,#181);
#180 = CARTESIAN_POINT('',(-0.965,-0.625,3.5E-02));
#181 = VECTOR('',#182,1.);
#182 = DIRECTION('',(1.,0.,0.));
#183 = ORIENTED_EDGE('',*,*,#184,.T.);
#184 = EDGE_CURVE('',#175,#185,#187,.T.);
#185 = VERTEX_POINT('',#186);
#186 = CARTESIAN_POINT('',(-0.965,-0.625,0.465));
#187 = LINE('',#188,#189);
#188 = CARTESIAN_POINT('',(-0.965,-0.625,3.5E-02));
#189 = VECTOR('',#190,1.);
#190 = DIRECTION('',(0.,0.,1.));
#191 = ORIENTED_EDGE('',*,*,#192,.T.);
#192 = EDGE_CURVE('',#185,#193,#195,.T.);
#193 = VERTEX_POINT('',#194);
#194 = CARTESIAN_POINT('',(-0.9125,-0.625,0.465));
#195 = LINE('',#196,#197);
#196 = CARTESIAN_POINT('',(-0.965,-0.625,0.465));
#197 = VECTOR('',#198,1.);
#198 = DIRECTION('',(1.,0.,0.));
#199 = ORIENTED_EDGE('',*,*,#200,.T.);
#200 = EDGE_CURVE('',#193,#88,#201,.T.);
#201 = LINE('',#202,#203);
#202 = CARTESIAN_POINT('',(-0.965,-0.625,0.465));
#203 = VECTOR('',#204,1.);
#204 = DIRECTION('',(1.,0.,0.));
#205 = ORIENTED_EDGE('',*,*,#113,.F.);
#206 = ORIENTED_EDGE('',*,*,#207,.T.);
#207 = EDGE_CURVE('',#106,#208,#210,.T.);
#208 = VERTEX_POINT('',#209);
#209 = CARTESIAN_POINT('',(0.9125,-0.625,0.465));
#210 = LINE('',#211,#212);
#211 = CARTESIAN_POINT('',(-0.965,-0.625,0.465));
#212 = VECTOR('',#213,1.);
#213 = DIRECTION('',(1.,0.,0.));
#214 = ORIENTED_EDGE('',*,*,#215,.T.);
#215 = EDGE_CURVE('',#208,#216,#218,.T.);
#216 = VERTEX_POINT('',#217);
#217 = CARTESIAN_POINT('',(0.965,-0.625,0.465));
#218 = LINE('',#219,#220);
#219 = CARTESIAN_POINT('',(-0.965,-0.625,0.465));
#220 = VECTOR('',#221,1.);
#221 = DIRECTION('',(1.,0.,0.));
#222 = ORIENTED_EDGE('',*,*,#223,.F.);
#223 = EDGE_CURVE('',#224,#216,#226,.T.);
#224 = VERTEX_POINT('',#225);
#225 = CARTESIAN_POINT('',(0.965,-0.625,3.5E-02));
#226 = LINE('',#227,#228);
#227 = CARTESIAN_POINT('',(0.965,-0.625,3.5E-02));
#228 = VECTOR('',#229,1.);
#229 = DIRECTION('',(0.,0.,1.));
#230 = ORIENTED_EDGE('',*,*,#231,.F.);
#231 = EDGE_CURVE('',#232,#224,#234,.T.);
#232 = VERTEX_POINT('',#233);
#233 = CARTESIAN_POINT('',(0.9125,-0.625,3.5E-02));
#234 = LINE('',#235,#236);
#235 = CARTESIAN_POINT('',(-0.965,-0.625,3.5E-02));
#236 = VECTOR('',#237,1.);
#237 = DIRECTION('',(1.,0.,0.));
#238 = ORIENTED_EDGE('',*,*,#239,.F.);
#239 = EDGE_CURVE('',#177,#232,#240,.T.);
#240 = LINE('',#241,#242);
#241 = CARTESIAN_POINT('',(-0.965,-0.625,3.5E-02));
#242 = VECTOR('',#243,1.);
#243 = DIRECTION('',(1.,0.,0.));
#244 = PLANE('',#245);
#245 = AXIS2_PLACEMENT_3D('',#246,#247,#248);
#246 = CARTESIAN_POINT('',(-0.965,-0.625,3.5E-02));
#247 = DIRECTION('',(0.,1.,0.));
#248 = DIRECTION('',(0.,-0.,1.));
#249 = ADVANCED_FACE('',(#250),#268,.T.);
#250 = FACE_BOUND('',#251,.T.);
#251 = EDGE_LOOP('',(#252,#253,#254,#262));
#252 = ORIENTED_EDGE('',*,*,#152,.T.);
#253 = ORIENTED_EDGE('',*,*,#97,.T.);
#254 = ORIENTED_EDGE('',*,*,#255,.F.);
#255 = EDGE_CURVE('',#256,#98,#258,.T.);
#256 = VERTEX_POINT('',#257);
#257 = CARTESIAN_POINT('',(0.585,0.625,1.1));
#258 = LINE('',#259,#260);
#259 = CARTESIAN_POINT('',(0.585,0.625,1.1));
#260 = VECTOR('',#261,1.);
#261 = DIRECTION('',(0.,-1.,0.));
#262 = ORIENTED_EDGE('',*,*,#263,.F.);
#263 = EDGE_CURVE('',#153,#256,#264,.T.);
#264 = LINE('',#265,#266);
#265 = CARTESIAN_POINT('',(-0.585,0.625,1.1));
#266 = VECTOR('',#267,1.);
#267 = DIRECTION('',(1.,0.,0.));
#268 = PLANE('',#269);
#269 = AXIS2_PLACEMENT_3D('',#270,#271,#272);
#270 = CARTESIAN_POINT('',(-0.585,0.625,1.1));
#271 = DIRECTION('',(0.,0.,1.));
#272 = DIRECTION('',(1.,0.,-0.));
#273 = ADVANCED_FACE('',(#274),#308,.T.);
#274 = FACE_BOUND('',#275,.T.);
#275 = EDGE_LOOP('',(#276,#277,#278,#286,#294,#302));
#276 = ORIENTED_EDGE('',*,*,#255,.T.);
#277 = ORIENTED_EDGE('',*,*,#105,.T.);
#278 = ORIENTED_EDGE('',*,*,#279,.F.);
#279 = EDGE_CURVE('',#280,#106,#282,.T.);
#280 = VERTEX_POINT('',#281);
#281 = CARTESIAN_POINT('',(0.65,-0.46875,0.465));
#282 = LINE('',#283,#284);
#283 = CARTESIAN_POINT('',(0.65,0.625,0.465));
#284 = VECTOR('',#285,1.);
#285 = DIRECTION('',(0.,-1.,0.));
#286 = ORIENTED_EDGE('',*,*,#287,.F.);
#287 = EDGE_CURVE('',#288,#280,#290,.T.);
#288 = VERTEX_POINT('',#289);
#289 = CARTESIAN_POINT('',(0.65,0.46875,0.465));
#290 = LINE('',#291,#292);
#291 = CARTESIAN_POINT('',(0.65,0.625,0.465));
#292 = VECTOR('',#293,1.);
#293 = DIRECTION('',(0.,-1.,0.));
#294 = ORIENTED_EDGE('',*,*,#295,.F.);
#295 = EDGE_CURVE('',#296,#288,#298,.T.);
#296 = VERTEX_POINT('',#297);
#297 = CARTESIAN_POINT('',(0.65,0.625,0.465));
#298 = LINE('',#299,#300);
#299 = CARTESIAN_POINT('',(0.65,0.625,0.465));
#300 = VECTOR('',#301,1.);
#301 = DIRECTION('',(0.,-1.,0.));
#302 = ORIENTED_EDGE('',*,*,#303,.F.);
#303 = EDGE_CURVE('',#256,#296,#304,.T.);
#304 = LINE('',#305,#306);
#305 = CARTESIAN_POINT('',(0.585,0.625,1.1));
#306 = VECTOR('',#307,1.);
#307 = DIRECTION('',(0.101830105936,0.,-0.994801804142));
#308 = PLANE('',#309);
#309 = AXIS2_PLACEMENT_3D('',#310,#311,#312);
#310 = CARTESIAN_POINT('',(0.585,0.625,1.1));
#311 = DIRECTION('',(0.994801804142,0.,0.101830105936));
#312 = DIRECTION('',(0.101830105936,0.,-0.994801804142));
#313 = ADVANCED_FACE('',(#314),#339,.T.);
#314 = FACE_BOUND('',#315,.T.);
#315 = EDGE_LOOP('',(#316,#324,#332,#338));
#316 = ORIENTED_EDGE('',*,*,#317,.F.);
#317 = EDGE_CURVE('',#318,#128,#320,.T.);
#318 = VERTEX_POINT('',#319);
#319 = CARTESIAN_POINT('',(-0.9125,0.625,0.465));
#320 = LINE('',#321,#322);
#321 = CARTESIAN_POINT('',(-0.965,0.625,0.465));
#322 = VECTOR('',#323,1.);
#323 = DIRECTION('',(1.,0.,0.));
#324 = ORIENTED_EDGE('',*,*,#325,.F.);
#325 = EDGE_CURVE('',#326,#318,#328,.T.);
#326 = VERTEX_POINT('',#327);
#327 = CARTESIAN_POINT('',(-0.9125,0.46875,0.465));
#328 = LINE('',#329,#330);
#329 = CARTESIAN_POINT('',(-0.9125,7.8125E-02,0.465));
#330 = VECTOR('',#331,1.);
#331 = DIRECTION('',(0.,1.,0.));
#332 = ORIENTED_EDGE('',*,*,#333,.F.);
#333 = EDGE_CURVE('',#130,#326,#334,.T.);
#334 = LINE('',#335,#336);
#335 = CARTESIAN_POINT('',(-0.93875,0.46875,0.465));
#336 = VECTOR('',#337,1.);
#337 = DIRECTION('',(-1.,0.,0.));
#338 = ORIENTED_EDGE('',*,*,#127,.F.);
#339 = PLANE('',#340);
#340 = AXIS2_PLACEMENT_3D('',#341,#342,#343);
#341 = CARTESIAN_POINT('',(-0.965,-0.625,0.465));
#342 = DIRECTION('',(0.,0.,1.));
#343 = DIRECTION('',(1.,0.,-0.));
#344 = ADVANCED_FACE('',(#345),#356,.T.);
#345 = FACE_BOUND('',#346,.T.);
#346 = EDGE_LOOP('',(#347,#348,#349,#350));
#347 = ORIENTED_EDGE('',*,*,#160,.T.);
#348 = ORIENTED_EDGE('',*,*,#263,.T.);
#349 = ORIENTED_EDGE('',*,*,#303,.T.);
#350 = ORIENTED_EDGE('',*,*,#351,.T.);
#351 = EDGE_CURVE('',#296,#128,#352,.T.);
#352 = LINE('',#353,#354);
#353 = CARTESIAN_POINT('',(0.65,0.625,0.465));
#354 = VECTOR('',#355,1.);
#355 = DIRECTION('',(-1.,0.,-4.270088556251E-17));
#356 = PLANE('',#357);
#357 = AXIS2_PLACEMENT_3D('',#358,#359,#360);
#358 = CARTESIAN_POINT('',(1.481626402817E-17,0.625,0.771483451357));
#359 = DIRECTION('',(-5.57234551408E-33,1.,3.18580557984E-32));
#360 = DIRECTION('',(0.,-3.18580557984E-32,1.));
#361 = ADVANCED_FACE('',(#362),#389,.T.);
#362 = FACE_BOUND('',#363,.T.);
#363 = EDGE_LOOP('',(#364,#373,#381,#388));
#364 = ORIENTED_EDGE('',*,*,#365,.F.);
#365 = EDGE_CURVE('',#366,#130,#368,.T.);
#366 = VERTEX_POINT('',#367);
#367 = CARTESIAN_POINT('',(-0.685,0.46875,0.5));
#368 = CIRCLE('',#369,3.5E-02);
#369 = AXIS2_PLACEMENT_3D('',#370,#371,#372);
#370 = CARTESIAN_POINT('',(-0.685,0.46875,0.465));
#371 = DIRECTION('',(-0.,1.,0.));
#372 = DIRECTION('',(1.,0.,0.));
#373 = ORIENTED_EDGE('',*,*,#374,.F.);
#374 = EDGE_CURVE('',#375,#366,#377,.T.);
#375 = VERTEX_POINT('',#376);
#376 = CARTESIAN_POINT('',(-0.685,-0.46875,0.5));
#377 = LINE('',#378,#379);
#378 = CARTESIAN_POINT('',(-0.685,-0.625,0.5));
#379 = VECTOR('',#380,1.);
#380 = DIRECTION('',(0.,1.,0.));
#381 = ORIENTED_EDGE('',*,*,#382,.T.);
#382 = EDGE_CURVE('',#375,#138,#383,.T.);
#383 = CIRCLE('',#384,3.5E-02);
#384 = AXIS2_PLACEMENT_3D('',#385,#386,#387);
#385 = CARTESIAN_POINT('',(-0.685,-0.46875,0.465));
#386 = DIRECTION('',(-0.,1.,0.));
#387 = DIRECTION('',(1.,0.,0.));
#388 = ORIENTED_EDGE('',*,*,#137,.T.);
#389 = CYLINDRICAL_SURFACE('',#390,3.5E-02);
#390 = AXIS2_PLACEMENT_3D('',#391,#392,#393);
#391 = CARTESIAN_POINT('',(-0.685,-0.625,0.465));
#392 = DIRECTION('',(0.,1.,0.));
#393 = DIRECTION('',(1.,0.,0.));
#394 = ADVANCED_FACE('',(#395),#413,.T.);
#395 = FACE_BOUND('',#396,.T.);
#396 = EDGE_LOOP('',(#397,#405,#406,#407));
#397 = ORIENTED_EDGE('',*,*,#398,.F.);
#398 = EDGE_CURVE('',#193,#399,#401,.T.);
#399 = VERTEX_POINT('',#400);
#400 = CARTESIAN_POINT('',(-0.9125,-0.46875,0.465));
#401 = LINE('',#402,#403);
#402 = CARTESIAN_POINT('',(-0.9125,-0.546875,0.465));
#403 = VECTOR('',#404,1.);
#404 = DIRECTION('',(0.,1.,0.));
#405 = ORIENTED_EDGE('',*,*,#200,.T.);
#406 = ORIENTED_EDGE('',*,*,#145,.F.);
#407 = ORIENTED_EDGE('',*,*,#408,.F.);
#408 = EDGE_CURVE('',#399,#138,#409,.T.);
#409 = LINE('',#410,#411);
#410 = CARTESIAN_POINT('',(-2.625E-02,-0.46875,0.465));
#411 = VECTOR('',#412,1.);
#412 = DIRECTION('',(1.,0.,0.));
#413 = PLANE('',#414);
#414 = AXIS2_PLACEMENT_3D('',#415,#416,#417);
#415 = CARTESIAN_POINT('',(-0.965,-0.625,0.465));
#416 = DIRECTION('',(0.,0.,1.));
#417 = DIRECTION('',(1.,0.,-0.));
#418 = ADVANCED_FACE('',(#419),#480,.F.);
#419 = FACE_BOUND('',#420,.F.);
#420 = EDGE_LOOP('',(#421,#431,#440,#448,#457,#465,#471,#472,#473,#474)
  );
#421 = ORIENTED_EDGE('',*,*,#422,.F.);
#422 = EDGE_CURVE('',#423,#425,#427,.T.);
#423 = VERTEX_POINT('',#424);
#424 = CARTESIAN_POINT('',(-0.965,-0.625,-6.938893903907E-18));
#425 = VERTEX_POINT('',#426);
#426 = CARTESIAN_POINT('',(-0.9125,-0.625,0.));
#427 = LINE('',#428,#429);
#428 = CARTESIAN_POINT('',(-1.,-0.625,0.));
#429 = VECTOR('',#430,1.);
#430 = DIRECTION('',(1.,0.,0.));
#431 = ORIENTED_EDGE('',*,*,#432,.F.);
#432 = EDGE_CURVE('',#433,#423,#435,.T.);
#433 = VERTEX_POINT('',#434);
#434 = CARTESIAN_POINT('',(-1.,-0.625,3.5E-02));
#435 = CIRCLE('',#436,3.5E-02);
#436 = AXIS2_PLACEMENT_3D('',#437,#438,#439);
#437 = CARTESIAN_POINT('',(-0.965,-0.625,3.5E-02));
#438 = DIRECTION('',(0.,-1.,0.));
#439 = DIRECTION('',(0.,0.,1.));
#440 = ORIENTED_EDGE('',*,*,#441,.T.);
#441 = EDGE_CURVE('',#433,#442,#444,.T.);
#442 = VERTEX_POINT('',#443);
#443 = CARTESIAN_POINT('',(-1.,-0.625,0.465));
#444 = LINE('',#445,#446);
#445 = CARTESIAN_POINT('',(-1.,-0.625,0.));
#446 = VECTOR('',#447,1.);
#447 = DIRECTION('',(0.,0.,1.));
#448 = ORIENTED_EDGE('',*,*,#449,.T.);
#449 = EDGE_CURVE('',#442,#450,#452,.T.);
#450 = VERTEX_POINT('',#451);
#451 = CARTESIAN_POINT('',(-0.965,-0.625,0.5));
#452 = CIRCLE('',#453,3.5E-02);
#453 = AXIS2_PLACEMENT_3D('',#454,#455,#456);
#454 = CARTESIAN_POINT('',(-0.965,-0.625,0.465));
#455 = DIRECTION('',(0.,1.,0.));
#456 = DIRECTION('',(0.,-0.,1.));
#457 = ORIENTED_EDGE('',*,*,#458,.T.);
#458 = EDGE_CURVE('',#450,#459,#461,.T.);
#459 = VERTEX_POINT('',#460);
#460 = CARTESIAN_POINT('',(-0.9125,-0.625,0.5));
#461 = LINE('',#462,#463);
#462 = CARTESIAN_POINT('',(-1.,-0.625,0.5));
#463 = VECTOR('',#464,1.);
#464 = DIRECTION('',(1.,0.,0.));
#465 = ORIENTED_EDGE('',*,*,#466,.F.);
#466 = EDGE_CURVE('',#193,#459,#467,.T.);
#467 = LINE('',#468,#469);
#468 = CARTESIAN_POINT('',(-0.9125,-0.625,0.375));
#469 = VECTOR('',#470,1.);
#470 = DIRECTION('',(0.,0.,1.));
#471 = ORIENTED_EDGE('',*,*,#192,.F.);
#472 = ORIENTED_EDGE('',*,*,#184,.F.);
#473 = ORIENTED_EDGE('',*,*,#174,.T.);
#474 = ORIENTED_EDGE('',*,*,#475,.F.);
#475 = EDGE_CURVE('',#425,#177,#476,.T.);
#476 = LINE('',#477,#478);
#477 = CARTESIAN_POINT('',(-0.9125,-0.625,0.375));
#478 = VECTOR('',#479,1.);
#479 = DIRECTION('',(0.,0.,1.));
#480 = PLANE('',#481);
#481 = AXIS2_PLACEMENT_3D('',#482,#483,#484);
#482 = CARTESIAN_POINT('',(-1.,-0.625,0.));
#483 = DIRECTION('',(0.,1.,0.));
#484 = DIRECTION('',(0.,-0.,1.));
#485 = ADVANCED_FACE('',(#486,#575),#601,.F.);
#486 = FACE_BOUND('',#487,.F.);
#487 = EDGE_LOOP('',(#488,#496,#497,#505,#513,#521,#529,#537,#545,#553,
    #561,#569));
#488 = ORIENTED_EDGE('',*,*,#489,.F.);
#489 = EDGE_CURVE('',#177,#490,#492,.T.);
#490 = VERTEX_POINT('',#491);
#491 = CARTESIAN_POINT('',(-0.9125,-0.46875,3.5E-02));
#492 = LINE('',#493,#494);
#493 = CARTESIAN_POINT('',(-0.9125,-0.546875,3.5E-02));
#494 = VECTOR('',#495,1.);
#495 = DIRECTION('',(0.,1.,0.));
#496 = ORIENTED_EDGE('',*,*,#239,.T.);
#497 = ORIENTED_EDGE('',*,*,#498,.F.);
#498 = EDGE_CURVE('',#499,#232,#501,.T.);
#499 = VERTEX_POINT('',#500);
#500 = CARTESIAN_POINT('',(0.9125,-0.46875,3.5E-02));
#501 = LINE('',#502,#503);
#502 = CARTESIAN_POINT('',(0.9125,-0.703125,3.5E-02));
#503 = VECTOR('',#504,1.);
#504 = DIRECTION('',(0.,-1.,0.));
#505 = ORIENTED_EDGE('',*,*,#506,.F.);
#506 = EDGE_CURVE('',#507,#499,#509,.T.);
#507 = VERTEX_POINT('',#508);
#508 = CARTESIAN_POINT('',(0.65,-0.46875,3.5E-02));
#509 = LINE('',#510,#511);
#510 = CARTESIAN_POINT('',(-2.625E-02,-0.46875,3.5E-02));
#511 = VECTOR('',#512,1.);
#512 = DIRECTION('',(1.,0.,0.));
#513 = ORIENTED_EDGE('',*,*,#514,.T.);
#514 = EDGE_CURVE('',#507,#515,#517,.T.);
#515 = VERTEX_POINT('',#516);
#516 = CARTESIAN_POINT('',(0.65,0.46875,3.5E-02));
#517 = LINE('',#518,#519);
#518 = CARTESIAN_POINT('',(0.65,-0.625,3.5E-02));
#519 = VECTOR('',#520,1.);
#520 = DIRECTION('',(0.,1.,0.));
#521 = ORIENTED_EDGE('',*,*,#522,.F.);
#522 = EDGE_CURVE('',#523,#515,#525,.T.);
#523 = VERTEX_POINT('',#524);
#524 = CARTESIAN_POINT('',(0.9125,0.46875,3.5E-02));
#525 = LINE('',#526,#527);
#526 = CARTESIAN_POINT('',(-0.93875,0.46875,3.5E-02));
#527 = VECTOR('',#528,1.);
#528 = DIRECTION('',(-1.,0.,0.));
#529 = ORIENTED_EDGE('',*,*,#530,.F.);
#530 = EDGE_CURVE('',#531,#523,#533,.T.);
#531 = VERTEX_POINT('',#532);
#532 = CARTESIAN_POINT('',(0.9125,0.625,3.5E-02));
#533 = LINE('',#534,#535);
#534 = CARTESIAN_POINT('',(0.9125,-7.8125E-02,3.5E-02));
#535 = VECTOR('',#536,1.);
#536 = DIRECTION('',(0.,-1.,0.));
#537 = ORIENTED_EDGE('',*,*,#538,.F.);
#538 = EDGE_CURVE('',#539,#531,#541,.T.);
#539 = VERTEX_POINT('',#540);
#540 = CARTESIAN_POINT('',(-0.9125,0.625,3.5E-02));
#541 = LINE('',#542,#543);
#542 = CARTESIAN_POINT('',(-0.965,0.625,3.5E-02));
#543 = VECTOR('',#544,1.);
#544 = DIRECTION('',(1.,0.,0.));
#545 = ORIENTED_EDGE('',*,*,#546,.F.);
#546 = EDGE_CURVE('',#547,#539,#549,.T.);
#547 = VERTEX_POINT('',#548);
#548 = CARTESIAN_POINT('',(-0.9125,0.46875,3.5E-02));
#549 = LINE('',#550,#551);
#550 = CARTESIAN_POINT('',(-0.9125,7.8125E-02,3.5E-02));
#551 = VECTOR('',#552,1.);
#552 = DIRECTION('',(0.,1.,0.));
#553 = ORIENTED_EDGE('',*,*,#554,.F.);
#554 = EDGE_CURVE('',#555,#547,#557,.T.);
#555 = VERTEX_POINT('',#556);
#556 = CARTESIAN_POINT('',(-0.65,0.46875,3.5E-02));
#557 = LINE('',#558,#559);
#558 = CARTESIAN_POINT('',(-0.93875,0.46875,3.5E-02));
#559 = VECTOR('',#560,1.);
#560 = DIRECTION('',(-1.,0.,0.));
#561 = ORIENTED_EDGE('',*,*,#562,.F.);
#562 = EDGE_CURVE('',#563,#555,#565,.T.);
#563 = VERTEX_POINT('',#564);
#564 = CARTESIAN_POINT('',(-0.65,-0.46875,3.5E-02));
#565 = LINE('',#566,#567);
#566 = CARTESIAN_POINT('',(-0.65,-0.625,3.5E-02));
#567 = VECTOR('',#568,1.);
#568 = DIRECTION('',(0.,1.,0.));
#569 = ORIENTED_EDGE('',*,*,#570,.F.);
#570 = EDGE_CURVE('',#490,#563,#571,.T.);
#571 = LINE('',#572,#573);
#572 = CARTESIAN_POINT('',(-2.625E-02,-0.46875,3.5E-02));
#573 = VECTOR('',#574,1.);
#574 = DIRECTION('',(1.,0.,0.));
#575 = FACE_BOUND('',#576,.F.);
#576 = EDGE_LOOP('',(#577,#587,#595));
#577 = ORIENTED_EDGE('',*,*,#578,.T.);
#578 = EDGE_CURVE('',#579,#581,#583,.T.);
#579 = VERTEX_POINT('',#580);
#580 = CARTESIAN_POINT('',(0.433012701892,0.5,3.5E-02));
#581 = VERTEX_POINT('',#582);
#582 = CARTESIAN_POINT('',(0.433012701892,-0.5,3.5E-02));
#583 = LINE('',#584,#585);
#584 = CARTESIAN_POINT('',(0.433012701892,0.5,3.5E-02));
#585 = VECTOR('',#586,1.);
#586 = DIRECTION('',(0.,-1.,0.));
#587 = ORIENTED_EDGE('',*,*,#588,.T.);
#588 = EDGE_CURVE('',#581,#589,#591,.T.);
#589 = VERTEX_POINT('',#590);
#590 = CARTESIAN_POINT('',(-0.433012701892,0.,3.5E-02));
#591 = LINE('',#592,#593);
#592 = CARTESIAN_POINT('',(0.433012701892,-0.5,3.5E-02));
#593 = VECTOR('',#594,1.);
#594 = DIRECTION('',(-0.866025403784,0.5,0.));
#595 = ORIENTED_EDGE('',*,*,#596,.T.);
#596 = EDGE_CURVE('',#589,#579,#597,.T.);
#597 = LINE('',#598,#599);
#598 = CARTESIAN_POINT('',(-0.433012701892,0.,3.5E-02));
#599 = VECTOR('',#600,1.);
#600 = DIRECTION('',(0.866025403784,0.5,0.));
#601 = PLANE('',#602);
#602 = AXIS2_PLACEMENT_3D('',#603,#604,#605);
#603 = CARTESIAN_POINT('',(-0.965,-0.625,3.5E-02));
#604 = DIRECTION('',(0.,0.,1.));
#605 = DIRECTION('',(1.,0.,-0.));
#606 = ADVANCED_FACE('',(#607),#668,.F.);
#607 = FACE_BOUND('',#608,.F.);
#608 = EDGE_LOOP('',(#609,#619,#625,#626,#627,#628,#636,#644,#653,#661)
  );
#609 = ORIENTED_EDGE('',*,*,#610,.F.);
#610 = EDGE_CURVE('',#611,#613,#615,.T.);
#611 = VERTEX_POINT('',#612);
#612 = CARTESIAN_POINT('',(0.9125,-0.625,0.));
#613 = VERTEX_POINT('',#614);
#614 = CARTESIAN_POINT('',(0.965,-0.625,-6.938893903907E-18));
#615 = LINE('',#616,#617);
#616 = CARTESIAN_POINT('',(0.65,-0.625,0.));
#617 = VECTOR('',#618,1.);
#618 = DIRECTION('',(1.,0.,0.));
#619 = ORIENTED_EDGE('',*,*,#620,.F.);
#620 = EDGE_CURVE('',#232,#611,#621,.T.);
#621 = LINE('',#622,#623);
#622 = CARTESIAN_POINT('',(0.9125,-0.625,0.375));
#623 = VECTOR('',#624,1.);
#624 = DIRECTION('',(0.,0.,-1.));
#625 = ORIENTED_EDGE('',*,*,#231,.T.);
#626 = ORIENTED_EDGE('',*,*,#223,.T.);
#627 = ORIENTED_EDGE('',*,*,#215,.F.);
#628 = ORIENTED_EDGE('',*,*,#629,.F.);
#629 = EDGE_CURVE('',#630,#208,#632,.T.);
#630 = VERTEX_POINT('',#631);
#631 = CARTESIAN_POINT('',(0.9125,-0.625,0.5));
#632 = LINE('',#633,#634);
#633 = CARTESIAN_POINT('',(0.9125,-0.625,0.375));
#634 = VECTOR('',#635,1.);
#635 = DIRECTION('',(0.,0.,-1.));
#636 = ORIENTED_EDGE('',*,*,#637,.T.);
#637 = EDGE_CURVE('',#630,#638,#640,.T.);
#638 = VERTEX_POINT('',#639);
#639 = CARTESIAN_POINT('',(0.965,-0.625,0.5));
#640 = LINE('',#641,#642);
#641 = CARTESIAN_POINT('',(0.65,-0.625,0.5));
#642 = VECTOR('',#643,1.);
#643 = DIRECTION('',(1.,0.,0.));
#644 = ORIENTED_EDGE('',*,*,#645,.F.);
#645 = EDGE_CURVE('',#646,#638,#648,.T.);
#646 = VERTEX_POINT('',#647);
#647 = CARTESIAN_POINT('',(1.,-0.625,0.465));
#648 = CIRCLE('',#649,3.5E-02);
#649 = AXIS2_PLACEMENT_3D('',#650,#651,#652);
#650 = CARTESIAN_POINT('',(0.965,-0.625,0.465));
#651 = DIRECTION('',(0.,-1.,0.));
#652 = DIRECTION('',(0.,0.,1.));
#653 = ORIENTED_EDGE('',*,*,#654,.F.);
#654 = EDGE_CURVE('',#655,#646,#657,.T.);
#655 = VERTEX_POINT('',#656);
#656 = CARTESIAN_POINT('',(1.,-0.625,3.5E-02));
#657 = LINE('',#658,#659);
#658 = CARTESIAN_POINT('',(1.,-0.625,0.));
#659 = VECTOR('',#660,1.);
#660 = DIRECTION('',(0.,0.,1.));
#661 = ORIENTED_EDGE('',*,*,#662,.T.);
#662 = EDGE_CURVE('',#655,#613,#663,.T.);
#663 = CIRCLE('',#664,3.5E-02);
#664 = AXIS2_PLACEMENT_3D('',#665,#666,#667);
#665 = CARTESIAN_POINT('',(0.965,-0.625,3.5E-02));
#666 = DIRECTION('',(0.,1.,0.));
#667 = DIRECTION('',(0.,-0.,1.));
#668 = PLANE('',#669);
#669 = AXIS2_PLACEMENT_3D('',#670,#671,#672);
#670 = CARTESIAN_POINT('',(0.65,-0.625,0.));
#671 = DIRECTION('',(0.,1.,0.));
#672 = DIRECTION('',(0.,-0.,1.));
#673 = ADVANCED_FACE('',(#674),#692,.T.);
#674 = FACE_BOUND('',#675,.T.);
#675 = EDGE_LOOP('',(#676,#684,#685,#686));
#676 = ORIENTED_EDGE('',*,*,#677,.F.);
#677 = EDGE_CURVE('',#280,#678,#680,.T.);
#678 = VERTEX_POINT('',#679);
#679 = CARTESIAN_POINT('',(0.9125,-0.46875,0.465));
#680 = LINE('',#681,#682);
#681 = CARTESIAN_POINT('',(-2.625E-02,-0.46875,0.465));
#682 = VECTOR('',#683,1.);
#683 = DIRECTION('',(1.,0.,0.));
#684 = ORIENTED_EDGE('',*,*,#279,.T.);
#685 = ORIENTED_EDGE('',*,*,#207,.T.);
#686 = ORIENTED_EDGE('',*,*,#687,.F.);
#687 = EDGE_CURVE('',#678,#208,#688,.T.);
#688 = LINE('',#689,#690);
#689 = CARTESIAN_POINT('',(0.9125,-0.703125,0.465));
#690 = VECTOR('',#691,1.);
#691 = DIRECTION('',(0.,-1.,0.));
#692 = PLANE('',#693);
#693 = AXIS2_PLACEMENT_3D('',#694,#695,#696);
#694 = CARTESIAN_POINT('',(-0.965,-0.625,0.465));
#695 = DIRECTION('',(0.,0.,1.));
#696 = DIRECTION('',(1.,0.,-0.));
#697 = ADVANCED_FACE('',(#698),#723,.T.);
#698 = FACE_BOUND('',#699,.T.);
#699 = EDGE_LOOP('',(#700,#708,#709,#717));
#700 = ORIENTED_EDGE('',*,*,#701,.F.);
#701 = EDGE_CURVE('',#296,#702,#704,.T.);
#702 = VERTEX_POINT('',#703);
#703 = CARTESIAN_POINT('',(0.9125,0.625,0.465));
#704 = LINE('',#705,#706);
#705 = CARTESIAN_POINT('',(-0.965,0.625,0.465));
#706 = VECTOR('',#707,1.);
#707 = DIRECTION('',(1.,0.,0.));
#708 = ORIENTED_EDGE('',*,*,#295,.T.);
#709 = ORIENTED_EDGE('',*,*,#710,.F.);
#710 = EDGE_CURVE('',#711,#288,#713,.T.);
#711 = VERTEX_POINT('',#712);
#712 = CARTESIAN_POINT('',(0.9125,0.46875,0.465));
#713 = LINE('',#714,#715);
#714 = CARTESIAN_POINT('',(-0.93875,0.46875,0.465));
#715 = VECTOR('',#716,1.);
#716 = DIRECTION('',(-1.,0.,0.));
#717 = ORIENTED_EDGE('',*,*,#718,.F.);
#718 = EDGE_CURVE('',#702,#711,#719,.T.);
#719 = LINE('',#720,#721);
#720 = CARTESIAN_POINT('',(0.9125,-7.8125E-02,0.465));
#721 = VECTOR('',#722,1.);
#722 = DIRECTION('',(0.,-1.,0.));
#723 = PLANE('',#724);
#724 = AXIS2_PLACEMENT_3D('',#725,#726,#727);
#725 = CARTESIAN_POINT('',(-0.965,-0.625,0.465));
#726 = DIRECTION('',(0.,0.,1.));
#727 = DIRECTION('',(1.,0.,-0.));
#728 = ADVANCED_FACE('',(#729),#756,.T.);
#729 = FACE_BOUND('',#730,.T.);
#730 = EDGE_LOOP('',(#731,#732,#741,#749));
#731 = ORIENTED_EDGE('',*,*,#287,.T.);
#732 = ORIENTED_EDGE('',*,*,#733,.T.);
#733 = EDGE_CURVE('',#280,#734,#736,.T.);
#734 = VERTEX_POINT('',#735);
#735 = CARTESIAN_POINT('',(0.685,-0.46875,0.5));
#736 = CIRCLE('',#737,3.5E-02);
#737 = AXIS2_PLACEMENT_3D('',#738,#739,#740);
#738 = CARTESIAN_POINT('',(0.685,-0.46875,0.465));
#739 = DIRECTION('',(0.,1.,-0.));
#740 = DIRECTION('',(-1.,0.,0.));
#741 = ORIENTED_EDGE('',*,*,#742,.T.);
#742 = EDGE_CURVE('',#734,#743,#745,.T.);
#743 = VERTEX_POINT('',#744);
#744 = CARTESIAN_POINT('',(0.685,0.46875,0.5));
#745 = LINE('',#746,#747);
#746 = CARTESIAN_POINT('',(0.685,-0.625,0.5));
#747 = VECTOR('',#748,1.);
#748 = DIRECTION('',(0.,1.,0.));
#749 = ORIENTED_EDGE('',*,*,#750,.F.);
#750 = EDGE_CURVE('',#288,#743,#751,.T.);
#751 = CIRCLE('',#752,3.5E-02);
#752 = AXIS2_PLACEMENT_3D('',#753,#754,#755);
#753 = CARTESIAN_POINT('',(0.685,0.46875,0.465));
#754 = DIRECTION('',(0.,1.,-0.));
#755 = DIRECTION('',(-1.,0.,0.));
#756 = CYLINDRICAL_SURFACE('',#757,3.5E-02);
#757 = AXIS2_PLACEMENT_3D('',#758,#759,#760);
#758 = CARTESIAN_POINT('',(0.685,-0.625,0.465));
#759 = DIRECTION('',(0.,1.,0.));
#760 = DIRECTION('',(-1.,0.,0.));
#761 = ADVANCED_FACE('',(#762),#812,.T.);
#762 = FACE_BOUND('',#763,.T.);
#763 = EDGE_LOOP('',(#764,#772,#780,#786,#787,#788,#789,#797,#805,#811)
  );
#764 = ORIENTED_EDGE('',*,*,#765,.F.);
#765 = EDGE_CURVE('',#766,#539,#768,.T.);
#766 = VERTEX_POINT('',#767);
#767 = CARTESIAN_POINT('',(-0.965,0.625,3.5E-02));
#768 = LINE('',#769,#770);
#769 = CARTESIAN_POINT('',(-0.965,0.625,3.5E-02));
#770 = VECTOR('',#771,1.);
#771 = DIRECTION('',(1.,0.,0.));
#772 = ORIENTED_EDGE('',*,*,#773,.T.);
#773 = EDGE_CURVE('',#766,#774,#776,.T.);
#774 = VERTEX_POINT('',#775);
#775 = CARTESIAN_POINT('',(-0.965,0.625,0.465));
#776 = LINE('',#777,#778);
#777 = CARTESIAN_POINT('',(-0.965,0.625,3.5E-02));
#778 = VECTOR('',#779,1.);
#779 = DIRECTION('',(0.,0.,1.));
#780 = ORIENTED_EDGE('',*,*,#781,.T.);
#781 = EDGE_CURVE('',#774,#318,#782,.T.);
#782 = LINE('',#783,#784);
#783 = CARTESIAN_POINT('',(-0.965,0.625,0.465));
#784 = VECTOR('',#785,1.);
#785 = DIRECTION('',(1.,0.,0.));
#786 = ORIENTED_EDGE('',*,*,#317,.T.);
#787 = ORIENTED_EDGE('',*,*,#351,.F.);
#788 = ORIENTED_EDGE('',*,*,#701,.T.);
#789 = ORIENTED_EDGE('',*,*,#790,.T.);
#790 = EDGE_CURVE('',#702,#791,#793,.T.);
#791 = VERTEX_POINT('',#792);
#792 = CARTESIAN_POINT('',(0.965,0.625,0.465));
#793 = LINE('',#794,#795);
#794 = CARTESIAN_POINT('',(-0.965,0.625,0.465));
#795 = VECTOR('',#796,1.);
#796 = DIRECTION('',(1.,0.,0.));
#797 = ORIENTED_EDGE('',*,*,#798,.F.);
#798 = EDGE_CURVE('',#799,#791,#801,.T.);
#799 = VERTEX_POINT('',#800);
#800 = CARTESIAN_POINT('',(0.965,0.625,3.5E-02));
#801 = LINE('',#802,#803);
#802 = CARTESIAN_POINT('',(0.965,0.625,3.5E-02));
#803 = VECTOR('',#804,1.);
#804 = DIRECTION('',(0.,0.,1.));
#805 = ORIENTED_EDGE('',*,*,#806,.F.);
#806 = EDGE_CURVE('',#531,#799,#807,.T.);
#807 = LINE('',#808,#809);
#808 = CARTESIAN_POINT('',(-0.965,0.625,3.5E-02));
#809 = VECTOR('',#810,1.);
#810 = DIRECTION('',(1.,0.,0.));
#811 = ORIENTED_EDGE('',*,*,#538,.F.);
#812 = PLANE('',#813);
#813 = AXIS2_PLACEMENT_3D('',#814,#815,#816);
#814 = CARTESIAN_POINT('',(-0.965,0.625,3.5E-02));
#815 = DIRECTION('',(0.,1.,0.));
#816 = DIRECTION('',(0.,-0.,1.));
#817 = ADVANCED_FACE('',(#818),#836,.F.);
#818 = FACE_BOUND('',#819,.F.);
#819 = EDGE_LOOP('',(#820,#828,#834,#835));
#820 = ORIENTED_EDGE('',*,*,#821,.F.);
#821 = EDGE_CURVE('',#822,#366,#824,.T.);
#822 = VERTEX_POINT('',#823);
#823 = CARTESIAN_POINT('',(-0.9125,0.46875,0.5));
#824 = LINE('',#825,#826);
#825 = CARTESIAN_POINT('',(-0.95625,0.46875,0.5));
#826 = VECTOR('',#827,1.);
#827 = DIRECTION('',(1.,0.,0.));
#828 = ORIENTED_EDGE('',*,*,#829,.T.);
#829 = EDGE_CURVE('',#822,#326,#830,.T.);
#830 = LINE('',#831,#832);
#831 = CARTESIAN_POINT('',(-0.9125,0.46875,0.75));
#832 = VECTOR('',#833,1.);
#833 = DIRECTION('',(-0.,-0.,-1.));
#834 = ORIENTED_EDGE('',*,*,#333,.F.);
#835 = ORIENTED_EDGE('',*,*,#365,.F.);
#836 = PLANE('',#837);
#837 = AXIS2_PLACEMENT_3D('',#838,#839,#840);
#838 = CARTESIAN_POINT('',(-0.9125,0.46875,0.75));
#839 = DIRECTION('',(0.,-1.,0.));
#840 = DIRECTION('',(1.,0.,0.));
#841 = ADVANCED_FACE('',(#842),#860,.F.);
#842 = FACE_BOUND('',#843,.F.);
#843 = EDGE_LOOP('',(#844,#845,#853,#859));
#844 = ORIENTED_EDGE('',*,*,#829,.F.);
#845 = ORIENTED_EDGE('',*,*,#846,.F.);
#846 = EDGE_CURVE('',#847,#822,#849,.T.);
#847 = VERTEX_POINT('',#848);
#848 = CARTESIAN_POINT('',(-0.9125,0.625,0.5));
#849 = LINE('',#850,#851);
#850 = CARTESIAN_POINT('',(-0.9125,7.8125E-02,0.5));
#851 = VECTOR('',#852,1.);
#852 = DIRECTION('',(0.,-1.,0.));
#853 = ORIENTED_EDGE('',*,*,#854,.F.);
#854 = EDGE_CURVE('',#318,#847,#855,.T.);
#855 = LINE('',#856,#857);
#856 = CARTESIAN_POINT('',(-0.9125,0.625,0.375));
#857 = VECTOR('',#858,1.);
#858 = DIRECTION('',(0.,0.,1.));
#859 = ORIENTED_EDGE('',*,*,#325,.F.);
#860 = PLANE('',#861);
#861 = AXIS2_PLACEMENT_3D('',#862,#863,#864);
#862 = CARTESIAN_POINT('',(-0.9125,0.78125,0.75));
#863 = DIRECTION('',(-1.,0.,0.));
#864 = DIRECTION('',(0.,-1.,0.));
#865 = ADVANCED_FACE('',(#866),#884,.F.);
#866 = FACE_BOUND('',#867,.F.);
#867 = EDGE_LOOP('',(#868,#876,#882,#883));
#868 = ORIENTED_EDGE('',*,*,#869,.F.);
#869 = EDGE_CURVE('',#870,#399,#872,.T.);
#870 = VERTEX_POINT('',#871);
#871 = CARTESIAN_POINT('',(-0.9125,-0.46875,0.5));
#872 = LINE('',#873,#874);
#873 = CARTESIAN_POINT('',(-0.9125,-0.46875,0.75));
#874 = VECTOR('',#875,1.);
#875 = DIRECTION('',(-0.,-0.,-1.));
#876 = ORIENTED_EDGE('',*,*,#877,.F.);
#877 = EDGE_CURVE('',#375,#870,#878,.T.);
#878 = LINE('',#879,#880);
#879 = CARTESIAN_POINT('',(-4.375E-02,-0.46875,0.5));
#880 = VECTOR('',#881,1.);
#881 = DIRECTION('',(-1.,0.,0.));
#882 = ORIENTED_EDGE('',*,*,#382,.T.);
#883 = ORIENTED_EDGE('',*,*,#408,.F.);
#884 = PLANE('',#885);
#885 = AXIS2_PLACEMENT_3D('',#886,#887,#888);
#886 = CARTESIAN_POINT('',(0.9125,-0.46875,0.75));
#887 = DIRECTION('',(0.,1.,0.));
#888 = DIRECTION('',(-1.,0.,0.));
#889 = ADVANCED_FACE('',(#890),#917,.T.);
#890 = FACE_BOUND('',#891,.T.);
#891 = EDGE_LOOP('',(#892,#900,#906,#907,#913,#914,#915,#916));
#892 = ORIENTED_EDGE('',*,*,#893,.F.);
#893 = EDGE_CURVE('',#894,#847,#896,.T.);
#894 = VERTEX_POINT('',#895);
#895 = CARTESIAN_POINT('',(-0.965,0.625,0.5));
#896 = LINE('',#897,#898);
#897 = CARTESIAN_POINT('',(-1.,0.625,0.5));
#898 = VECTOR('',#899,1.);
#899 = DIRECTION('',(1.,0.,0.));
#900 = ORIENTED_EDGE('',*,*,#901,.F.);
#901 = EDGE_CURVE('',#450,#894,#902,.T.);
#902 = LINE('',#903,#904);
#903 = CARTESIAN_POINT('',(-0.965,-0.625,0.5));
#904 = VECTOR('',#905,1.);
#905 = DIRECTION('',(0.,1.,0.));
#906 = ORIENTED_EDGE('',*,*,#458,.T.);
#907 = ORIENTED_EDGE('',*,*,#908,.F.);
#908 = EDGE_CURVE('',#870,#459,#909,.T.);
#909 = LINE('',#910,#911);
#910 = CARTESIAN_POINT('',(-0.9125,-0.546875,0.5));
#911 = VECTOR('',#912,1.);
#912 = DIRECTION('',(0.,-1.,0.));
#913 = ORIENTED_EDGE('',*,*,#877,.F.);
#914 = ORIENTED_EDGE('',*,*,#374,.T.);
#915 = ORIENTED_EDGE('',*,*,#821,.F.);
#916 = ORIENTED_EDGE('',*,*,#846,.F.);
#917 = PLANE('',#918);
#918 = AXIS2_PLACEMENT_3D('',#919,#920,#921);
#919 = CARTESIAN_POINT('',(-1.,-0.625,0.5));
#920 = DIRECTION('',(0.,0.,1.));
#921 = DIRECTION('',(1.,0.,-0.));
#922 = ADVANCED_FACE('',(#923),#929,.F.);
#923 = FACE_BOUND('',#924,.F.);
#924 = EDGE_LOOP('',(#925,#926,#927,#928));
#925 = ORIENTED_EDGE('',*,*,#908,.F.);
#926 = ORIENTED_EDGE('',*,*,#869,.T.);
#927 = ORIENTED_EDGE('',*,*,#398,.F.);
#928 = ORIENTED_EDGE('',*,*,#466,.T.);
#929 = PLANE('',#930);
#930 = AXIS2_PLACEMENT_3D('',#931,#932,#933);
#931 = CARTESIAN_POINT('',(-0.9125,-0.46875,0.75));
#932 = DIRECTION('',(-1.,0.,0.));
#933 = DIRECTION('',(0.,-1.,0.));
#934 = ADVANCED_FACE('',(#935),#992,.F.);
#935 = FACE_BOUND('',#936,.F.);
#936 = EDGE_LOOP('',(#937,#947,#953,#954,#962,#970,#978,#986));
#937 = ORIENTED_EDGE('',*,*,#938,.F.);
#938 = EDGE_CURVE('',#939,#941,#943,.T.);
#939 = VERTEX_POINT('',#940);
#940 = CARTESIAN_POINT('',(-0.965,0.625,-6.938893903907E-18));
#941 = VERTEX_POINT('',#942);
#942 = CARTESIAN_POINT('',(-0.9125,0.625,0.));
#943 = LINE('',#944,#945);
#944 = CARTESIAN_POINT('',(-1.,0.625,0.));
#945 = VECTOR('',#946,1.);
#946 = DIRECTION('',(1.,0.,0.));
#947 = ORIENTED_EDGE('',*,*,#948,.F.);
#948 = EDGE_CURVE('',#423,#939,#949,.T.);
#949 = LINE('',#950,#951);
#950 = CARTESIAN_POINT('',(-0.965,-0.625,-6.938893903907E-18));
#951 = VECTOR('',#952,1.);
#952 = DIRECTION('',(0.,1.,0.));
#953 = ORIENTED_EDGE('',*,*,#422,.T.);
#954 = ORIENTED_EDGE('',*,*,#955,.F.);
#955 = EDGE_CURVE('',#956,#425,#958,.T.);
#956 = VERTEX_POINT('',#957);
#957 = CARTESIAN_POINT('',(-0.9125,-0.46875,0.));
#958 = LINE('',#959,#960);
#959 = CARTESIAN_POINT('',(-0.9125,-0.546875,0.));
#960 = VECTOR('',#961,1.);
#961 = DIRECTION('',(0.,-1.,0.));
#962 = ORIENTED_EDGE('',*,*,#963,.F.);
#963 = EDGE_CURVE('',#964,#956,#966,.T.);
#964 = VERTEX_POINT('',#965);
#965 = CARTESIAN_POINT('',(-0.685,-0.46875,-6.938893903907E-18));
#966 = LINE('',#967,#968);
#967 = CARTESIAN_POINT('',(-4.375E-02,-0.46875,0.));
#968 = VECTOR('',#969,1.);
#969 = DIRECTION('',(-1.,0.,0.));
#970 = ORIENTED_EDGE('',*,*,#971,.T.);
#971 = EDGE_CURVE('',#964,#972,#974,.T.);
#972 = VERTEX_POINT('',#973);
#973 = CARTESIAN_POINT('',(-0.685,0.46875,-6.938893903907E-18));
#974 = LINE('',#975,#976);
#975 = CARTESIAN_POINT('',(-0.685,-0.625,-6.938893903907E-18));
#976 = VECTOR('',#977,1.);
#977 = DIRECTION('',(0.,1.,0.));
#978 = ORIENTED_EDGE('',*,*,#979,.F.);
#979 = EDGE_CURVE('',#980,#972,#982,.T.);
#980 = VERTEX_POINT('',#981);
#981 = CARTESIAN_POINT('',(-0.9125,0.46875,0.));
#982 = LINE('',#983,#984);
#983 = CARTESIAN_POINT('',(-0.95625,0.46875,0.));
#984 = VECTOR('',#985,1.);
#985 = DIRECTION('',(1.,0.,0.));
#986 = ORIENTED_EDGE('',*,*,#987,.F.);
#987 = EDGE_CURVE('',#941,#980,#988,.T.);
#988 = LINE('',#989,#990);
#989 = CARTESIAN_POINT('',(-0.9125,7.8125E-02,0.));
#990 = VECTOR('',#991,1.);
#991 = DIRECTION('',(0.,-1.,0.));
#992 = PLANE('',#993);
#993 = AXIS2_PLACEMENT_3D('',#994,#995,#996);
#994 = CARTESIAN_POINT('',(-1.,-0.625,0.));
#995 = DIRECTION('',(0.,0.,1.));
#996 = DIRECTION('',(1.,0.,-0.));
#997 = ADVANCED_FACE('',(#998),#1017,.T.);
#998 = FACE_BOUND('',#999,.T.);
#999 = EDGE_LOOP('',(#1000,#1008,#1015,#1016));
#1000 = ORIENTED_EDGE('',*,*,#1001,.T.);
#1001 = EDGE_CURVE('',#433,#1002,#1004,.T.);
#1002 = VERTEX_POINT('',#1003);
#1003 = CARTESIAN_POINT('',(-1.,0.625,3.5E-02));
#1004 = LINE('',#1005,#1006);
#1005 = CARTESIAN_POINT('',(-1.,-0.625,3.5E-02));
#1006 = VECTOR('',#1007,1.);
#1007 = DIRECTION('',(0.,1.,0.));
#1008 = ORIENTED_EDGE('',*,*,#1009,.T.);
#1009 = EDGE_CURVE('',#1002,#939,#1010,.T.);
#1010 = CIRCLE('',#1011,3.5E-02);
#1011 = AXIS2_PLACEMENT_3D('',#1012,#1013,#1014);
#1012 = CARTESIAN_POINT('',(-0.965,0.625,3.5E-02));
#1013 = DIRECTION('',(0.,-1.,0.));
#1014 = DIRECTION('',(0.,0.,1.));
#1015 = ORIENTED_EDGE('',*,*,#948,.F.);
#1016 = ORIENTED_EDGE('',*,*,#432,.F.);
#1017 = CYLINDRICAL_SURFACE('',#1018,3.5E-02);
#1018 = AXIS2_PLACEMENT_3D('',#1019,#1020,#1021);
#1019 = CARTESIAN_POINT('',(-0.965,-0.625,3.5E-02));
#1020 = DIRECTION('',(0.,1.,0.));
#1021 = DIRECTION('',(-1.,0.,0.));
#1022 = ADVANCED_FACE('',(#1023),#1034,.F.);
#1023 = FACE_BOUND('',#1024,.F.);
#1024 = EDGE_LOOP('',(#1025,#1026,#1032,#1033));
#1025 = ORIENTED_EDGE('',*,*,#489,.T.);
#1026 = ORIENTED_EDGE('',*,*,#1027,.T.);
#1027 = EDGE_CURVE('',#490,#956,#1028,.T.);
#1028 = LINE('',#1029,#1030);
#1029 = CARTESIAN_POINT('',(-0.9125,-0.46875,0.75));
#1030 = VECTOR('',#1031,1.);
#1031 = DIRECTION('',(-0.,-0.,-1.));
#1032 = ORIENTED_EDGE('',*,*,#955,.T.);
#1033 = ORIENTED_EDGE('',*,*,#475,.T.);
#1034 = PLANE('',#1035);
#1035 = AXIS2_PLACEMENT_3D('',#1036,#1037,#1038);
#1036 = CARTESIAN_POINT('',(-0.9125,-0.46875,0.75));
#1037 = DIRECTION('',(-1.,0.,0.));
#1038 = DIRECTION('',(0.,-1.,0.));
#1039 = ADVANCED_FACE('',(#1040),#1058,.F.);
#1040 = FACE_BOUND('',#1041,.F.);
#1041 = EDGE_LOOP('',(#1042,#1043,#1044,#1052));
#1042 = ORIENTED_EDGE('',*,*,#441,.F.);
#1043 = ORIENTED_EDGE('',*,*,#1001,.T.);
#1044 = ORIENTED_EDGE('',*,*,#1045,.T.);
#1045 = EDGE_CURVE('',#1002,#1046,#1048,.T.);
#1046 = VERTEX_POINT('',#1047);
#1047 = CARTESIAN_POINT('',(-1.,0.625,0.465));
#1048 = LINE('',#1049,#1050);
#1049 = CARTESIAN_POINT('',(-1.,0.625,0.));
#1050 = VECTOR('',#1051,1.);
#1051 = DIRECTION('',(0.,0.,1.));
#1052 = ORIENTED_EDGE('',*,*,#1053,.F.);
#1053 = EDGE_CURVE('',#442,#1046,#1054,.T.);
#1054 = LINE('',#1055,#1056);
#1055 = CARTESIAN_POINT('',(-1.,-0.625,0.465));
#1056 = VECTOR('',#1057,1.);
#1057 = DIRECTION('',(0.,1.,0.));
#1058 = PLANE('',#1059);
#1059 = AXIS2_PLACEMENT_3D('',#1060,#1061,#1062);
#1060 = CARTESIAN_POINT('',(-1.,-0.625,0.));
#1061 = DIRECTION('',(1.,0.,0.));
#1062 = DIRECTION('',(0.,0.,1.));
#1063 = ADVANCED_FACE('',(#1064),#1076,.T.);
#1064 = FACE_BOUND('',#1065,.T.);
#1065 = EDGE_LOOP('',(#1066,#1067,#1068,#1075));
#1066 = ORIENTED_EDGE('',*,*,#449,.T.);
#1067 = ORIENTED_EDGE('',*,*,#901,.T.);
#1068 = ORIENTED_EDGE('',*,*,#1069,.F.);
#1069 = EDGE_CURVE('',#1046,#894,#1070,.T.);
#1070 = CIRCLE('',#1071,3.5E-02);
#1071 = AXIS2_PLACEMENT_3D('',#1072,#1073,#1074);
#1072 = CARTESIAN_POINT('',(-0.965,0.625,0.465));
#1073 = DIRECTION('',(0.,1.,0.));
#1074 = DIRECTION('',(0.,-0.,1.));
#1075 = ORIENTED_EDGE('',*,*,#1053,.F.);
#1076 = CYLINDRICAL_SURFACE('',#1077,3.5E-02);
#1077 = AXIS2_PLACEMENT_3D('',#1078,#1079,#1080);
#1078 = CARTESIAN_POINT('',(-0.965,-0.625,0.465));
#1079 = DIRECTION('',(0.,1.,0.));
#1080 = DIRECTION('',(-1.,0.,0.));
#1081 = ADVANCED_FACE('',(#1082),#1094,.F.);
#1082 = FACE_BOUND('',#1083,.F.);
#1083 = EDGE_LOOP('',(#1084,#1085,#1086,#1093));
#1084 = ORIENTED_EDGE('',*,*,#1027,.F.);
#1085 = ORIENTED_EDGE('',*,*,#570,.T.);
#1086 = ORIENTED_EDGE('',*,*,#1087,.T.);
#1087 = EDGE_CURVE('',#563,#964,#1088,.T.);
#1088 = CIRCLE('',#1089,3.5E-02);
#1089 = AXIS2_PLACEMENT_3D('',#1090,#1091,#1092);
#1090 = CARTESIAN_POINT('',(-0.685,-0.46875,3.5E-02));
#1091 = DIRECTION('',(-0.,1.,0.));
#1092 = DIRECTION('',(1.,0.,0.));
#1093 = ORIENTED_EDGE('',*,*,#963,.T.);
#1094 = PLANE('',#1095);
#1095 = AXIS2_PLACEMENT_3D('',#1096,#1097,#1098);
#1096 = CARTESIAN_POINT('',(0.9125,-0.46875,0.75));
#1097 = DIRECTION('',(0.,1.,0.));
#1098 = DIRECTION('',(-1.,0.,0.));
#1099 = ADVANCED_FACE('',(#1100),#1112,.T.);
#1100 = FACE_BOUND('',#1101,.T.);
#1101 = EDGE_LOOP('',(#1102,#1103,#1104,#1105));
#1102 = ORIENTED_EDGE('',*,*,#562,.F.);
#1103 = ORIENTED_EDGE('',*,*,#1087,.T.);
#1104 = ORIENTED_EDGE('',*,*,#971,.T.);
#1105 = ORIENTED_EDGE('',*,*,#1106,.F.);
#1106 = EDGE_CURVE('',#555,#972,#1107,.T.);
#1107 = CIRCLE('',#1108,3.5E-02);
#1108 = AXIS2_PLACEMENT_3D('',#1109,#1110,#1111);
#1109 = CARTESIAN_POINT('',(-0.685,0.46875,3.5E-02));
#1110 = DIRECTION('',(-0.,1.,0.));
#1111 = DIRECTION('',(1.,0.,0.));
#1112 = CYLINDRICAL_SURFACE('',#1113,3.5E-02);
#1113 = AXIS2_PLACEMENT_3D('',#1114,#1115,#1116);
#1114 = CARTESIAN_POINT('',(-0.685,-0.625,3.5E-02));
#1115 = DIRECTION('',(0.,1.,0.));
#1116 = DIRECTION('',(1.,0.,0.));
#1117 = ADVANCED_FACE('',(#1118),#1129,.F.);
#1118 = FACE_BOUND('',#1119,.F.);
#1119 = EDGE_LOOP('',(#1120,#1121,#1127,#1128));
#1120 = ORIENTED_EDGE('',*,*,#554,.T.);
#1121 = ORIENTED_EDGE('',*,*,#1122,.T.);
#1122 = EDGE_CURVE('',#547,#980,#1123,.T.);
#1123 = LINE('',#1124,#1125);
#1124 = CARTESIAN_POINT('',(-0.9125,0.46875,0.75));
#1125 = VECTOR('',#1126,1.);
#1126 = DIRECTION('',(-0.,-0.,-1.));
#1127 = ORIENTED_EDGE('',*,*,#979,.T.);
#1128 = ORIENTED_EDGE('',*,*,#1106,.F.);
#1129 = PLANE('',#1130);
#1130 = AXIS2_PLACEMENT_3D('',#1131,#1132,#1133);
#1131 = CARTESIAN_POINT('',(-0.9125,0.46875,0.75));
#1132 = DIRECTION('',(0.,-1.,0.));
#1133 = DIRECTION('',(1.,0.,0.));
#1134 = ADVANCED_FACE('',(#1135),#1146,.F.);
#1135 = FACE_BOUND('',#1136,.F.);
#1136 = EDGE_LOOP('',(#1137,#1138,#1139,#1145));
#1137 = ORIENTED_EDGE('',*,*,#1122,.F.);
#1138 = ORIENTED_EDGE('',*,*,#546,.T.);
#1139 = ORIENTED_EDGE('',*,*,#1140,.F.);
#1140 = EDGE_CURVE('',#941,#539,#1141,.T.);
#1141 = LINE('',#1142,#1143);
#1142 = CARTESIAN_POINT('',(-0.9125,0.625,0.375));
#1143 = VECTOR('',#1144,1.);
#1144 = DIRECTION('',(0.,0.,1.));
#1145 = ORIENTED_EDGE('',*,*,#987,.T.);
#1146 = PLANE('',#1147);
#1147 = AXIS2_PLACEMENT_3D('',#1148,#1149,#1150);
#1148 = CARTESIAN_POINT('',(-0.9125,0.78125,0.75));
#1149 = DIRECTION('',(-1.,0.,0.));
#1150 = DIRECTION('',(0.,-1.,0.));
#1151 = ADVANCED_FACE('',(#1152),#1177,.F.);
#1152 = FACE_BOUND('',#1153,.F.);
#1153 = EDGE_LOOP('',(#1154,#1155,#1163,#1171));
#1154 = ORIENTED_EDGE('',*,*,#530,.T.);
#1155 = ORIENTED_EDGE('',*,*,#1156,.T.);
#1156 = EDGE_CURVE('',#523,#1157,#1159,.T.);
#1157 = VERTEX_POINT('',#1158);
#1158 = CARTESIAN_POINT('',(0.9125,0.46875,0.));
#1159 = LINE('',#1160,#1161);
#1160 = CARTESIAN_POINT('',(0.9125,0.46875,0.75));
#1161 = VECTOR('',#1162,1.);
#1162 = DIRECTION('',(-0.,-0.,-1.));
#1163 = ORIENTED_EDGE('',*,*,#1164,.T.);
#1164 = EDGE_CURVE('',#1157,#1165,#1167,.T.);
#1165 = VERTEX_POINT('',#1166);
#1166 = CARTESIAN_POINT('',(0.9125,0.625,0.));
#1167 = LINE('',#1168,#1169);
#1168 = CARTESIAN_POINT('',(0.9125,-7.8125E-02,0.));
#1169 = VECTOR('',#1170,1.);
#1170 = DIRECTION('',(0.,1.,0.));
#1171 = ORIENTED_EDGE('',*,*,#1172,.F.);
#1172 = EDGE_CURVE('',#531,#1165,#1173,.T.);
#1173 = LINE('',#1174,#1175);
#1174 = CARTESIAN_POINT('',(0.9125,0.625,0.375));
#1175 = VECTOR('',#1176,1.);
#1176 = DIRECTION('',(0.,0.,-1.));
#1177 = PLANE('',#1178);
#1178 = AXIS2_PLACEMENT_3D('',#1179,#1180,#1181);
#1179 = CARTESIAN_POINT('',(0.9125,0.46875,0.75));
#1180 = DIRECTION('',(1.,0.,0.));
#1181 = DIRECTION('',(-0.,1.,0.));
#1182 = ADVANCED_FACE('',(#1183),#1202,.F.);
#1183 = FACE_BOUND('',#1184,.F.);
#1184 = EDGE_LOOP('',(#1185,#1186,#1187,#1196));
#1185 = ORIENTED_EDGE('',*,*,#1156,.F.);
#1186 = ORIENTED_EDGE('',*,*,#522,.T.);
#1187 = ORIENTED_EDGE('',*,*,#1188,.F.);
#1188 = EDGE_CURVE('',#1189,#515,#1191,.T.);
#1189 = VERTEX_POINT('',#1190);
#1190 = CARTESIAN_POINT('',(0.685,0.46875,-6.938893903907E-18));
#1191 = CIRCLE('',#1192,3.5E-02);
#1192 = AXIS2_PLACEMENT_3D('',#1193,#1194,#1195);
#1193 = CARTESIAN_POINT('',(0.685,0.46875,3.5E-02));
#1194 = DIRECTION('',(0.,1.,-0.));
#1195 = DIRECTION('',(-1.,0.,0.));
#1196 = ORIENTED_EDGE('',*,*,#1197,.T.);
#1197 = EDGE_CURVE('',#1189,#1157,#1198,.T.);
#1198 = LINE('',#1199,#1200);
#1199 = CARTESIAN_POINT('',(-0.13125,0.46875,0.));
#1200 = VECTOR('',#1201,1.);
#1201 = DIRECTION('',(1.,0.,0.));
#1202 = PLANE('',#1203);
#1203 = AXIS2_PLACEMENT_3D('',#1204,#1205,#1206);
#1204 = CARTESIAN_POINT('',(-0.9125,0.46875,0.75));
#1205 = DIRECTION('',(0.,-1.,0.));
#1206 = DIRECTION('',(1.,0.,0.));
#1207 = ADVANCED_FACE('',(#1208),#1227,.T.);
#1208 = FACE_BOUND('',#1209,.T.);
#1209 = EDGE_LOOP('',(#1210,#1211,#1219,#1226));
#1210 = ORIENTED_EDGE('',*,*,#1188,.F.);
#1211 = ORIENTED_EDGE('',*,*,#1212,.F.);
#1212 = EDGE_CURVE('',#1213,#1189,#1215,.T.);
#1213 = VERTEX_POINT('',#1214);
#1214 = CARTESIAN_POINT('',(0.685,-0.46875,-6.938893903907E-18));
#1215 = LINE('',#1216,#1217);
#1216 = CARTESIAN_POINT('',(0.685,-0.625,-6.938893903907E-18));
#1217 = VECTOR('',#1218,1.);
#1218 = DIRECTION('',(0.,1.,0.));
#1219 = ORIENTED_EDGE('',*,*,#1220,.T.);
#1220 = EDGE_CURVE('',#1213,#507,#1221,.T.);
#1221 = CIRCLE('',#1222,3.5E-02);
#1222 = AXIS2_PLACEMENT_3D('',#1223,#1224,#1225);
#1223 = CARTESIAN_POINT('',(0.685,-0.46875,3.5E-02));
#1224 = DIRECTION('',(0.,1.,-0.));
#1225 = DIRECTION('',(-1.,0.,0.));
#1226 = ORIENTED_EDGE('',*,*,#514,.T.);
#1227 = CYLINDRICAL_SURFACE('',#1228,3.5E-02);
#1228 = AXIS2_PLACEMENT_3D('',#1229,#1230,#1231);
#1229 = CARTESIAN_POINT('',(0.685,-0.625,3.5E-02));
#1230 = DIRECTION('',(0.,1.,0.));
#1231 = DIRECTION('',(-1.,0.,0.));
#1232 = ADVANCED_FACE('',(#1233),#1251,.F.);
#1233 = FACE_BOUND('',#1234,.F.);
#1234 = EDGE_LOOP('',(#1235,#1236,#1244,#1250));
#1235 = ORIENTED_EDGE('',*,*,#506,.T.);
#1236 = ORIENTED_EDGE('',*,*,#1237,.T.);
#1237 = EDGE_CURVE('',#499,#1238,#1240,.T.);
#1238 = VERTEX_POINT('',#1239);
#1239 = CARTESIAN_POINT('',(0.9125,-0.46875,0.));
#1240 = LINE('',#1241,#1242);
#1241 = CARTESIAN_POINT('',(0.9125,-0.46875,0.75));
#1242 = VECTOR('',#1243,1.);
#1243 = DIRECTION('',(-0.,-0.,-1.));
#1244 = ORIENTED_EDGE('',*,*,#1245,.T.);
#1245 = EDGE_CURVE('',#1238,#1213,#1246,.T.);
#1246 = LINE('',#1247,#1248);
#1247 = CARTESIAN_POINT('',(0.78125,-0.46875,0.));
#1248 = VECTOR('',#1249,1.);
#1249 = DIRECTION('',(-1.,0.,0.));
#1250 = ORIENTED_EDGE('',*,*,#1220,.T.);
#1251 = PLANE('',#1252);
#1252 = AXIS2_PLACEMENT_3D('',#1253,#1254,#1255);
#1253 = CARTESIAN_POINT('',(0.9125,-0.46875,0.75));
#1254 = DIRECTION('',(0.,1.,0.));
#1255 = DIRECTION('',(-1.,0.,0.));
#1256 = ADVANCED_FACE('',(#1257),#1268,.F.);
#1257 = FACE_BOUND('',#1258,.F.);
#1258 = EDGE_LOOP('',(#1259,#1260,#1261,#1262));
#1259 = ORIENTED_EDGE('',*,*,#1237,.F.);
#1260 = ORIENTED_EDGE('',*,*,#498,.T.);
#1261 = ORIENTED_EDGE('',*,*,#620,.T.);
#1262 = ORIENTED_EDGE('',*,*,#1263,.T.);
#1263 = EDGE_CURVE('',#611,#1238,#1264,.T.);
#1264 = LINE('',#1265,#1266);
#1265 = CARTESIAN_POINT('',(0.9125,-0.703125,0.));
#1266 = VECTOR('',#1267,1.);
#1267 = DIRECTION('',(0.,1.,0.));
#1268 = PLANE('',#1269);
#1269 = AXIS2_PLACEMENT_3D('',#1270,#1271,#1272);
#1270 = CARTESIAN_POINT('',(0.9125,-0.78125,0.75));
#1271 = DIRECTION('',(1.,0.,0.));
#1272 = DIRECTION('',(-0.,1.,0.));
#1273 = ADVANCED_FACE('',(#1274),#1299,.T.);
#1274 = FACE_BOUND('',#1275,.T.);
#1275 = EDGE_LOOP('',(#1276,#1284,#1285,#1293));
#1276 = ORIENTED_EDGE('',*,*,#1277,.T.);
#1277 = EDGE_CURVE('',#1278,#579,#1280,.T.);
#1278 = VERTEX_POINT('',#1279);
#1279 = CARTESIAN_POINT('',(0.433012701892,0.5,1.75E-02));
#1280 = LINE('',#1281,#1282);
#1281 = CARTESIAN_POINT('',(0.433012701892,0.5,1.75E-02));
#1282 = VECTOR('',#1283,1.);
#1283 = DIRECTION('',(0.,0.,1.));
#1284 = ORIENTED_EDGE('',*,*,#578,.T.);
#1285 = ORIENTED_EDGE('',*,*,#1286,.F.);
#1286 = EDGE_CURVE('',#1287,#581,#1289,.T.);
#1287 = VERTEX_POINT('',#1288);
#1288 = CARTESIAN_POINT('',(0.433012701892,-0.5,1.75E-02));
#1289 = LINE('',#1290,#1291);
#1290 = CARTESIAN_POINT('',(0.433012701892,-0.5,1.75E-02));
#1291 = VECTOR('',#1292,1.);
#1292 = DIRECTION('',(0.,0.,1.));
#1293 = ORIENTED_EDGE('',*,*,#1294,.F.);
#1294 = EDGE_CURVE('',#1278,#1287,#1295,.T.);
#1295 = LINE('',#1296,#1297);
#1296 = CARTESIAN_POINT('',(0.433012701892,0.5,1.75E-02));
#1297 = VECTOR('',#1298,1.);
#1298 = DIRECTION('',(0.,-1.,0.));
#1299 = PLANE('',#1300);
#1300 = AXIS2_PLACEMENT_3D('',#1301,#1302,#1303);
#1301 = CARTESIAN_POINT('',(0.433012701892,0.5,1.75E-02));
#1302 = DIRECTION('',(1.,0.,0.));
#1303 = DIRECTION('',(0.,-1.,0.));
#1304 = ADVANCED_FACE('',(#1305),#1323,.T.);
#1305 = FACE_BOUND('',#1306,.T.);
#1306 = EDGE_LOOP('',(#1307,#1315,#1316,#1317));
#1307 = ORIENTED_EDGE('',*,*,#1308,.T.);
#1308 = EDGE_CURVE('',#1309,#589,#1311,.T.);
#1309 = VERTEX_POINT('',#1310);
#1310 = CARTESIAN_POINT('',(-0.433012701892,0.,1.75E-02));
#1311 = LINE('',#1312,#1313);
#1312 = CARTESIAN_POINT('',(-0.433012701892,0.,1.75E-02));
#1313 = VECTOR('',#1314,1.);
#1314 = DIRECTION('',(0.,0.,1.));
#1315 = ORIENTED_EDGE('',*,*,#596,.T.);
#1316 = ORIENTED_EDGE('',*,*,#1277,.F.);
#1317 = ORIENTED_EDGE('',*,*,#1318,.F.);
#1318 = EDGE_CURVE('',#1309,#1278,#1319,.T.);
#1319 = LINE('',#1320,#1321);
#1320 = CARTESIAN_POINT('',(-0.433012701892,0.,1.75E-02));
#1321 = VECTOR('',#1322,1.);
#1322 = DIRECTION('',(0.866025403784,0.5,0.));
#1323 = PLANE('',#1324);
#1324 = AXIS2_PLACEMENT_3D('',#1325,#1326,#1327);
#1325 = CARTESIAN_POINT('',(-0.433012701892,0.,1.75E-02));
#1326 = DIRECTION('',(-0.5,0.866025403784,0.));
#1327 = DIRECTION('',(0.866025403784,0.5,0.));
#1328 = ADVANCED_FACE('',(#1329),#1340,.T.);
#1329 = FACE_BOUND('',#1330,.T.);
#1330 = EDGE_LOOP('',(#1331,#1332,#1333,#1334));
#1331 = ORIENTED_EDGE('',*,*,#1286,.T.);
#1332 = ORIENTED_EDGE('',*,*,#588,.T.);
#1333 = ORIENTED_EDGE('',*,*,#1308,.F.);
#1334 = ORIENTED_EDGE('',*,*,#1335,.F.);
#1335 = EDGE_CURVE('',#1287,#1309,#1336,.T.);
#1336 = LINE('',#1337,#1338);
#1337 = CARTESIAN_POINT('',(0.433012701892,-0.5,1.75E-02));
#1338 = VECTOR('',#1339,1.);
#1339 = DIRECTION('',(-0.866025403784,0.5,0.));
#1340 = PLANE('',#1341);
#1341 = AXIS2_PLACEMENT_3D('',#1342,#1343,#1344);
#1342 = CARTESIAN_POINT('',(0.433012701892,-0.5,1.75E-02));
#1343 = DIRECTION('',(-0.5,-0.866025403784,0.));
#1344 = DIRECTION('',(-0.866025403784,0.5,0.));
#1345 = ADVANCED_FACE('',(#1346),#1368,.F.);
#1346 = FACE_BOUND('',#1347,.F.);
#1347 = EDGE_LOOP('',(#1348,#1356,#1357,#1358,#1359,#1360,#1361,#1362));
#1348 = ORIENTED_EDGE('',*,*,#1349,.F.);
#1349 = EDGE_CURVE('',#1165,#1350,#1352,.T.);
#1350 = VERTEX_POINT('',#1351);
#1351 = CARTESIAN_POINT('',(0.965,0.625,-6.938893903907E-18));
#1352 = LINE('',#1353,#1354);
#1353 = CARTESIAN_POINT('',(0.65,0.625,0.));
#1354 = VECTOR('',#1355,1.);
#1355 = DIRECTION('',(1.,0.,0.));
#1356 = ORIENTED_EDGE('',*,*,#1164,.F.);
#1357 = ORIENTED_EDGE('',*,*,#1197,.F.);
#1358 = ORIENTED_EDGE('',*,*,#1212,.F.);
#1359 = ORIENTED_EDGE('',*,*,#1245,.F.);
#1360 = ORIENTED_EDGE('',*,*,#1263,.F.);
#1361 = ORIENTED_EDGE('',*,*,#610,.T.);
#1362 = ORIENTED_EDGE('',*,*,#1363,.T.);
#1363 = EDGE_CURVE('',#613,#1350,#1364,.T.);
#1364 = LINE('',#1365,#1366);
#1365 = CARTESIAN_POINT('',(0.965,-0.625,-6.938893903907E-18));
#1366 = VECTOR('',#1367,1.);
#1367 = DIRECTION('',(0.,1.,0.));
#1368 = PLANE('',#1369);
#1369 = AXIS2_PLACEMENT_3D('',#1370,#1371,#1372);
#1370 = CARTESIAN_POINT('',(0.65,-0.625,0.));
#1371 = DIRECTION('',(0.,0.,1.));
#1372 = DIRECTION('',(1.,0.,-0.));
#1373 = ADVANCED_FACE('',(#1374),#1393,.T.);
#1374 = FACE_BOUND('',#1375,.T.);
#1375 = EDGE_LOOP('',(#1376,#1377,#1378,#1387));
#1376 = ORIENTED_EDGE('',*,*,#662,.T.);
#1377 = ORIENTED_EDGE('',*,*,#1363,.T.);
#1378 = ORIENTED_EDGE('',*,*,#1379,.F.);
#1379 = EDGE_CURVE('',#1380,#1350,#1382,.T.);
#1380 = VERTEX_POINT('',#1381);
#1381 = CARTESIAN_POINT('',(1.,0.625,3.5E-02));
#1382 = CIRCLE('',#1383,3.5E-02);
#1383 = AXIS2_PLACEMENT_3D('',#1384,#1385,#1386);
#1384 = CARTESIAN_POINT('',(0.965,0.625,3.5E-02));
#1385 = DIRECTION('',(0.,1.,0.));
#1386 = DIRECTION('',(0.,-0.,1.));
#1387 = ORIENTED_EDGE('',*,*,#1388,.F.);
#1388 = EDGE_CURVE('',#655,#1380,#1389,.T.);
#1389 = LINE('',#1390,#1391);
#1390 = CARTESIAN_POINT('',(1.,-0.625,3.5E-02));
#1391 = VECTOR('',#1392,1.);
#1392 = DIRECTION('',(0.,1.,0.));
#1393 = CYLINDRICAL_SURFACE('',#1394,3.5E-02);
#1394 = AXIS2_PLACEMENT_3D('',#1395,#1396,#1397);
#1395 = CARTESIAN_POINT('',(0.965,-0.625,3.5E-02));
#1396 = DIRECTION('',(0.,1.,0.));
#1397 = DIRECTION('',(1.,0.,0.));
#1398 = ADVANCED_FACE('',(#1399),#1417,.T.);
#1399 = FACE_BOUND('',#1400,.T.);
#1400 = EDGE_LOOP('',(#1401,#1402,#1403,#1411));
#1401 = ORIENTED_EDGE('',*,*,#654,.F.);
#1402 = ORIENTED_EDGE('',*,*,#1388,.T.);
#1403 = ORIENTED_EDGE('',*,*,#1404,.T.);
#1404 = EDGE_CURVE('',#1380,#1405,#1407,.T.);
#1405 = VERTEX_POINT('',#1406);
#1406 = CARTESIAN_POINT('',(1.,0.625,0.465));
#1407 = LINE('',#1408,#1409);
#1408 = CARTESIAN_POINT('',(1.,0.625,0.));
#1409 = VECTOR('',#1410,1.);
#1410 = DIRECTION('',(0.,0.,1.));
#1411 = ORIENTED_EDGE('',*,*,#1412,.F.);
#1412 = EDGE_CURVE('',#646,#1405,#1413,.T.);
#1413 = LINE('',#1414,#1415);
#1414 = CARTESIAN_POINT('',(1.,-0.625,0.465));
#1415 = VECTOR('',#1416,1.);
#1416 = DIRECTION('',(0.,1.,0.));
#1417 = PLANE('',#1418);
#1418 = AXIS2_PLACEMENT_3D('',#1419,#1420,#1421);
#1419 = CARTESIAN_POINT('',(1.,-0.625,0.));
#1420 = DIRECTION('',(1.,0.,0.));
#1421 = DIRECTION('',(0.,0.,1.));
#1422 = ADVANCED_FACE('',(#1423),#1442,.T.);
#1423 = FACE_BOUND('',#1424,.T.);
#1424 = EDGE_LOOP('',(#1425,#1426,#1435,#1441));
#1425 = ORIENTED_EDGE('',*,*,#1412,.T.);
#1426 = ORIENTED_EDGE('',*,*,#1427,.T.);
#1427 = EDGE_CURVE('',#1405,#1428,#1430,.T.);
#1428 = VERTEX_POINT('',#1429);
#1429 = CARTESIAN_POINT('',(0.965,0.625,0.5));
#1430 = CIRCLE('',#1431,3.5E-02);
#1431 = AXIS2_PLACEMENT_3D('',#1432,#1433,#1434);
#1432 = CARTESIAN_POINT('',(0.965,0.625,0.465));
#1433 = DIRECTION('',(0.,-1.,0.));
#1434 = DIRECTION('',(0.,0.,1.));
#1435 = ORIENTED_EDGE('',*,*,#1436,.F.);
#1436 = EDGE_CURVE('',#638,#1428,#1437,.T.);
#1437 = LINE('',#1438,#1439);
#1438 = CARTESIAN_POINT('',(0.965,-0.625,0.5));
#1439 = VECTOR('',#1440,1.);
#1440 = DIRECTION('',(0.,1.,0.));
#1441 = ORIENTED_EDGE('',*,*,#645,.F.);
#1442 = CYLINDRICAL_SURFACE('',#1443,3.5E-02);
#1443 = AXIS2_PLACEMENT_3D('',#1444,#1445,#1446);
#1444 = CARTESIAN_POINT('',(0.965,-0.625,0.465));
#1445 = DIRECTION('',(0.,1.,0.));
#1446 = DIRECTION('',(1.,0.,0.));
#1447 = ADVANCED_FACE('',(#1448),#1489,.T.);
#1448 = FACE_BOUND('',#1449,.T.);
#1449 = EDGE_LOOP('',(#1450,#1458,#1466,#1472,#1473,#1481,#1487,#1488));
#1450 = ORIENTED_EDGE('',*,*,#1451,.F.);
#1451 = EDGE_CURVE('',#1452,#1428,#1454,.T.);
#1452 = VERTEX_POINT('',#1453);
#1453 = CARTESIAN_POINT('',(0.9125,0.625,0.5));
#1454 = LINE('',#1455,#1456);
#1455 = CARTESIAN_POINT('',(0.65,0.625,0.5));
#1456 = VECTOR('',#1457,1.);
#1457 = DIRECTION('',(1.,0.,0.));
#1458 = ORIENTED_EDGE('',*,*,#1459,.F.);
#1459 = EDGE_CURVE('',#1460,#1452,#1462,.T.);
#1460 = VERTEX_POINT('',#1461);
#1461 = CARTESIAN_POINT('',(0.9125,0.46875,0.5));
#1462 = LINE('',#1463,#1464);
#1463 = CARTESIAN_POINT('',(0.9125,-7.8125E-02,0.5));
#1464 = VECTOR('',#1465,1.);
#1465 = DIRECTION('',(0.,1.,0.));
#1466 = ORIENTED_EDGE('',*,*,#1467,.F.);
#1467 = EDGE_CURVE('',#743,#1460,#1468,.T.);
#1468 = LINE('',#1469,#1470);
#1469 = CARTESIAN_POINT('',(-0.13125,0.46875,0.5));
#1470 = VECTOR('',#1471,1.);
#1471 = DIRECTION('',(1.,0.,0.));
#1472 = ORIENTED_EDGE('',*,*,#742,.F.);
#1473 = ORIENTED_EDGE('',*,*,#1474,.F.);
#1474 = EDGE_CURVE('',#1475,#734,#1477,.T.);
#1475 = VERTEX_POINT('',#1476);
#1476 = CARTESIAN_POINT('',(0.9125,-0.46875,0.5));
#1477 = LINE('',#1478,#1479);
#1478 = CARTESIAN_POINT('',(0.78125,-0.46875,0.5));
#1479 = VECTOR('',#1480,1.);
#1480 = DIRECTION('',(-1.,0.,0.));
#1481 = ORIENTED_EDGE('',*,*,#1482,.F.);
#1482 = EDGE_CURVE('',#630,#1475,#1483,.T.);
#1483 = LINE('',#1484,#1485);
#1484 = CARTESIAN_POINT('',(0.9125,-0.703125,0.5));
#1485 = VECTOR('',#1486,1.);
#1486 = DIRECTION('',(0.,1.,0.));
#1487 = ORIENTED_EDGE('',*,*,#637,.T.);
#1488 = ORIENTED_EDGE('',*,*,#1436,.T.);
#1489 = PLANE('',#1490);
#1490 = AXIS2_PLACEMENT_3D('',#1491,#1492,#1493);
#1491 = CARTESIAN_POINT('',(0.65,-0.625,0.5));
#1492 = DIRECTION('',(0.,0.,1.));
#1493 = DIRECTION('',(1.,0.,-0.));
#1494 = ADVANCED_FACE('',(#1495),#1506,.F.);
#1495 = FACE_BOUND('',#1496,.F.);
#1496 = EDGE_LOOP('',(#1497,#1503,#1504,#1505));
#1497 = ORIENTED_EDGE('',*,*,#1498,.F.);
#1498 = EDGE_CURVE('',#1475,#678,#1499,.T.);
#1499 = LINE('',#1500,#1501);
#1500 = CARTESIAN_POINT('',(0.9125,-0.46875,0.75));
#1501 = VECTOR('',#1502,1.);
#1502 = DIRECTION('',(-0.,-0.,-1.));
#1503 = ORIENTED_EDGE('',*,*,#1482,.F.);
#1504 = ORIENTED_EDGE('',*,*,#629,.T.);
#1505 = ORIENTED_EDGE('',*,*,#687,.F.);
#1506 = PLANE('',#1507);
#1507 = AXIS2_PLACEMENT_3D('',#1508,#1509,#1510);
#1508 = CARTESIAN_POINT('',(0.9125,-0.78125,0.75));
#1509 = DIRECTION('',(1.,0.,0.));
#1510 = DIRECTION('',(-0.,1.,0.));
#1511 = ADVANCED_FACE('',(#1512),#1518,.F.);
#1512 = FACE_BOUND('',#1513,.F.);
#1513 = EDGE_LOOP('',(#1514,#1515,#1516,#1517));
#1514 = ORIENTED_EDGE('',*,*,#1474,.F.);
#1515 = ORIENTED_EDGE('',*,*,#1498,.T.);
#1516 = ORIENTED_EDGE('',*,*,#677,.F.);
#1517 = ORIENTED_EDGE('',*,*,#733,.T.);
#1518 = PLANE('',#1519);
#1519 = AXIS2_PLACEMENT_3D('',#1520,#1521,#1522);
#1520 = CARTESIAN_POINT('',(0.9125,-0.46875,0.75));
#1521 = DIRECTION('',(0.,1.,0.));
#1522 = DIRECTION('',(-1.,0.,0.));
#1523 = ADVANCED_FACE('',(#1524),#1540,.F.);
#1524 = FACE_BOUND('',#1525,.F.);
#1525 = EDGE_LOOP('',(#1526,#1527,#1533,#1534));
#1526 = ORIENTED_EDGE('',*,*,#1459,.F.);
#1527 = ORIENTED_EDGE('',*,*,#1528,.T.);
#1528 = EDGE_CURVE('',#1460,#711,#1529,.T.);
#1529 = LINE('',#1530,#1531);
#1530 = CARTESIAN_POINT('',(0.9125,0.46875,0.75));
#1531 = VECTOR('',#1532,1.);
#1532 = DIRECTION('',(-0.,-0.,-1.));
#1533 = ORIENTED_EDGE('',*,*,#718,.F.);
#1534 = ORIENTED_EDGE('',*,*,#1535,.F.);
#1535 = EDGE_CURVE('',#1452,#702,#1536,.T.);
#1536 = LINE('',#1537,#1538);
#1537 = CARTESIAN_POINT('',(0.9125,0.625,0.375));
#1538 = VECTOR('',#1539,1.);
#1539 = DIRECTION('',(0.,0.,-1.));
#1540 = PLANE('',#1541);
#1541 = AXIS2_PLACEMENT_3D('',#1542,#1543,#1544);
#1542 = CARTESIAN_POINT('',(0.9125,0.46875,0.75));
#1543 = DIRECTION('',(1.,0.,0.));
#1544 = DIRECTION('',(-0.,1.,0.));
#1545 = ADVANCED_FACE('',(#1546),#1552,.F.);
#1546 = FACE_BOUND('',#1547,.F.);
#1547 = EDGE_LOOP('',(#1548,#1549,#1550,#1551));
#1548 = ORIENTED_EDGE('',*,*,#1528,.F.);
#1549 = ORIENTED_EDGE('',*,*,#1467,.F.);
#1550 = ORIENTED_EDGE('',*,*,#750,.F.);
#1551 = ORIENTED_EDGE('',*,*,#710,.F.);
#1552 = PLANE('',#1553);
#1553 = AXIS2_PLACEMENT_3D('',#1554,#1555,#1556);
#1554 = CARTESIAN_POINT('',(-0.9125,0.46875,0.75));
#1555 = DIRECTION('',(0.,-1.,0.));
#1556 = DIRECTION('',(1.,0.,0.));
#1557 = ADVANCED_FACE('',(#1558),#1570,.T.);
#1558 = FACE_BOUND('',#1559,.T.);
#1559 = EDGE_LOOP('',(#1560,#1561,#1562,#1563,#1564,#1565,#1566,#1567,
    #1568,#1569));
#1560 = ORIENTED_EDGE('',*,*,#938,.F.);
#1561 = ORIENTED_EDGE('',*,*,#1009,.F.);
#1562 = ORIENTED_EDGE('',*,*,#1045,.T.);
#1563 = ORIENTED_EDGE('',*,*,#1069,.T.);
#1564 = ORIENTED_EDGE('',*,*,#893,.T.);
#1565 = ORIENTED_EDGE('',*,*,#854,.F.);
#1566 = ORIENTED_EDGE('',*,*,#781,.F.);
#1567 = ORIENTED_EDGE('',*,*,#773,.F.);
#1568 = ORIENTED_EDGE('',*,*,#765,.T.);
#1569 = ORIENTED_EDGE('',*,*,#1140,.F.);
#1570 = PLANE('',#1571);
#1571 = AXIS2_PLACEMENT_3D('',#1572,#1573,#1574);
#1572 = CARTESIAN_POINT('',(-1.,0.625,0.));
#1573 = DIRECTION('',(0.,1.,0.));
#1574 = DIRECTION('',(0.,-0.,1.));
#1575 = ADVANCED_FACE('',(#1576),#1588,.T.);
#1576 = FACE_BOUND('',#1577,.T.);
#1577 = EDGE_LOOP('',(#1578,#1579,#1580,#1581,#1582,#1583,#1584,#1585,
    #1586,#1587));
#1578 = ORIENTED_EDGE('',*,*,#1349,.F.);
#1579 = ORIENTED_EDGE('',*,*,#1172,.F.);
#1580 = ORIENTED_EDGE('',*,*,#806,.T.);
#1581 = ORIENTED_EDGE('',*,*,#798,.T.);
#1582 = ORIENTED_EDGE('',*,*,#790,.F.);
#1583 = ORIENTED_EDGE('',*,*,#1535,.F.);
#1584 = ORIENTED_EDGE('',*,*,#1451,.T.);
#1585 = ORIENTED_EDGE('',*,*,#1427,.F.);
#1586 = ORIENTED_EDGE('',*,*,#1404,.F.);
#1587 = ORIENTED_EDGE('',*,*,#1379,.T.);
#1588 = PLANE('',#1589);
#1589 = AXIS2_PLACEMENT_3D('',#1590,#1591,#1592);
#1590 = CARTESIAN_POINT('',(0.65,0.625,0.));
#1591 = DIRECTION('',(0.,1.,0.));
#1592 = DIRECTION('',(0.,-0.,1.));
#1593 = ADVANCED_FACE('',(#1594),#1599,.T.);
#1594 = FACE_BOUND('',#1595,.T.);
#1595 = EDGE_LOOP('',(#1596,#1597,#1598));
#1596 = ORIENTED_EDGE('',*,*,#1318,.T.);
#1597 = ORIENTED_EDGE('',*,*,#1294,.T.);
#1598 = ORIENTED_EDGE('',*,*,#1335,.T.);
#1599 = PLANE('',#1600);
#1600 = AXIS2_PLACEMENT_3D('',#1601,#1602,#1603);
#1601 = CARTESIAN_POINT('',(0.144337567297,9.251858538543E-18,1.75E-02)
  );
#1602 = DIRECTION('',(-0.,-0.,-1.));
#1603 = DIRECTION('',(-1.,0.,0.));
#1604 = ( GEOMETRIC_REPRESENTATION_CONTEXT(3) 
GLOBAL_UNCERTAINTY_ASSIGNED_CONTEXT((#1608)) 
GLOBAL_UNIT_ASSIGNED_CONTEXT((#1605,#1606,#1607)) REPRESENTATION_CONTEXT
('Context #1','3D Context with UNIT and UNCERTAINTY') );
#1605 = ( LENGTH_UNIT() NAMED_UNIT(*) SI_UNIT(.MILLI.,.METRE.) );
#1606 = ( NAMED_UNIT(*) PLANE_ANGLE_UNIT() SI_UNIT($,.RADIAN.) );
#1607 = ( NAMED_UNIT(*) SI_UNIT($,.STERADIAN.) SOLID_ANGLE_UNIT() );
#1608 = UNCERTAINTY_MEASURE_WITH_UNIT(LENGTH_MEASURE(1.E-07),#1605,
  'distance_accuracy_value','confusion accuracy');
#1609 = CONTEXT_DEPENDENT_SHAPE_REPRESENTATION(#1610,#1612);
#1610 = ( REPRESENTATION_RELATIONSHIP('','',#80,#10) 
REPRESENTATION_RELATIONSHIP_WITH_TRANSFORMATION(#1611) 
SHAPE_REPRESENTATION_RELATIONSHIP() );
#1611 = ITEM_DEFINED_TRANSFORMATION('','',#11,#15);
#1612 = PRODUCT_DEFINITION_SHAPE('Placement','Placement of an item',
  #1613);
#1613 = NEXT_ASSEMBLY_USAGE_OCCURRENCE('1','D2','',#5,#75,$);
#1614 = PRODUCT_RELATED_PRODUCT_CATEGORY('part',$,(#77));
#1615 = CONTEXT_DEPENDENT_SHAPE_REPRESENTATION(#1616,#1618);
#1616 = ( REPRESENTATION_RELATIONSHIP('','',#80,#10) 
REPRESENTATION_RELATIONSHIP_WITH_TRANSFORMATION(#1617) 
SHAPE_REPRESENTATION_RELATIONSHIP() );
#1617 = ITEM_DEFINED_TRANSFORMATION('','',#11,#19);
#1618 = PRODUCT_DEFINITION_SHAPE('Placement','Placement of an item',
  #1619);
#1619 = NEXT_ASSEMBLY_USAGE_OCCURRENCE('2','D1','',#5,#75,$);
#1620 = SHAPE_DEFINITION_REPRESENTATION(#1621,#1627);
#1621 = PRODUCT_DEFINITION_SHAPE('','',#1622);
#1622 = PRODUCT_DEFINITION('design','',#1623,#1626);
#1623 = PRODUCT_DEFINITION_FORMATION('','',#1624);
#1624 = PRODUCT('PinHeader_1x04_P2.54mm_Vertical',
  'PinHeader_1x04_P2.54mm_Vertical','',(#1625));
#1625 = PRODUCT_CONTEXT('',#2,'mechanical');
#1626 = PRODUCT_DEFINITION_CONTEXT('part definition',#2,'design');
#1627 = ADVANCED_BREP_SHAPE_REPRESENTATION('',(#11,#1628),#4408);
#1628 = MANIFOLD_SOLID_BREP('',#1629);
#1629 = CLOSED_SHELL('',(#1630,#1670,#1701,#1732,#2061,#2390,#2407,#2424
    ,#2441,#2458,#2475,#2492,#2509,#2526,#2543,#2560,#2577,#2594,#2611,
    #2628,#2645,#2662,#2679,#2696,#2713,#2730,#2747,#2764,#2776,#2807,
    #2831,#2855,#2872,#2903,#2927,#2951,#2968,#2999,#3023,#3047,#3064,
    #3095,#3119,#3143,#3160,#3191,#3215,#3239,#3256,#3287,#3311,#3335,
    #3352,#3383,#3407,#3431,#3448,#3479,#3503,#3527,#3544,#3575,#3599,
    #3623,#3640,#3671,#3695,#3719,#3736,#3767,#3791,#3815,#3832,#3863,
    #3887,#3911,#3928,#3959,#3983,#4007,#4024,#4055,#4079,#4103,#4120,
    #4151,#4175,#4199,#4216,#4247,#4271,#4295,#4312,#4324,#4336,#4348,
    #4360,#4372,#4384,#4396));
#1630 = ADVANCED_FACE('',(#1631),#1665,.F.);
#1631 = FACE_BOUND('',#1632,.F.);
#1632 = EDGE_LOOP('',(#1633,#1643,#1651,#1659));
#1633 = ORIENTED_EDGE('',*,*,#1634,.T.);
#1634 = EDGE_CURVE('',#1635,#1637,#1639,.T.);
#1635 = VERTEX_POINT('',#1636);
#1636 = CARTESIAN_POINT('',(-1.016,1.27,0.));
#1637 = VERTEX_POINT('',#1638);
#1638 = CARTESIAN_POINT('',(-1.016,1.27,2.54));
#1639 = LINE('',#1640,#1641);
#1640 = CARTESIAN_POINT('',(-1.016,1.27,0.));
#1641 = VECTOR('',#1642,1.);
#1642 = DIRECTION('',(0.,0.,1.));
#1643 = ORIENTED_EDGE('',*,*,#1644,.T.);
#1644 = EDGE_CURVE('',#1637,#1645,#1647,.T.);
#1645 = VERTEX_POINT('',#1646);
#1646 = CARTESIAN_POINT('',(-1.27,1.016,2.54));
#1647 = LINE('',#1648,#1649);
#1648 = CARTESIAN_POINT('',(-1.016,1.27,2.54));
#1649 = VECTOR('',#1650,1.);
#1650 = DIRECTION('',(-0.707106781187,-0.707106781187,0.));
#1651 = ORIENTED_EDGE('',*,*,#1652,.F.);
#1652 = EDGE_CURVE('',#1653,#1645,#1655,.T.);
#1653 = VERTEX_POINT('',#1654);
#1654 = CARTESIAN_POINT('',(-1.27,1.016,0.));
#1655 = LINE('',#1656,#1657);
#1656 = CARTESIAN_POINT('',(-1.27,1.016,0.));
#1657 = VECTOR('',#1658,1.);
#1658 = DIRECTION('',(0.,0.,1.));
#1659 = ORIENTED_EDGE('',*,*,#1660,.F.);
#1660 = EDGE_CURVE('',#1635,#1653,#1661,.T.);
#1661 = LINE('',#1662,#1663);
#1662 = CARTESIAN_POINT('',(-1.016,1.27,0.));
#1663 = VECTOR('',#1664,1.);
#1664 = DIRECTION('',(-0.707106781187,-0.707106781187,0.));
#1665 = PLANE('',#1666);
#1666 = AXIS2_PLACEMENT_3D('',#1667,#1668,#1669);
#1667 = CARTESIAN_POINT('',(-1.016,1.27,0.));
#1668 = DIRECTION('',(0.707106781187,-0.707106781187,0.));
#1669 = DIRECTION('',(-0.707106781187,-0.707106781187,0.));
#1670 = ADVANCED_FACE('',(#1671),#1696,.F.);
#1671 = FACE_BOUND('',#1672,.F.);
#1672 = EDGE_LOOP('',(#1673,#1683,#1689,#1690));
#1673 = ORIENTED_EDGE('',*,*,#1674,.T.);
#1674 = EDGE_CURVE('',#1675,#1677,#1679,.T.);
#1675 = VERTEX_POINT('',#1676);
#1676 = CARTESIAN_POINT('',(1.016,1.27,0.));
#1677 = VERTEX_POINT('',#1678);
#1678 = CARTESIAN_POINT('',(1.016,1.27,2.54));
#1679 = LINE('',#1680,#1681);
#1680 = CARTESIAN_POINT('',(1.016,1.27,0.));
#1681 = VECTOR('',#1682,1.);
#1682 = DIRECTION('',(0.,0.,1.));
#1683 = ORIENTED_EDGE('',*,*,#1684,.T.);
#1684 = EDGE_CURVE('',#1677,#1637,#1685,.T.);
#1685 = LINE('',#1686,#1687);
#1686 = CARTESIAN_POINT('',(1.016,1.27,2.54));
#1687 = VECTOR('',#1688,1.);
#1688 = DIRECTION('',(-1.,0.,0.));
#1689 = ORIENTED_EDGE('',*,*,#1634,.F.);
#1690 = ORIENTED_EDGE('',*,*,#1691,.F.);
#1691 = EDGE_CURVE('',#1675,#1635,#1692,.T.);
#1692 = LINE('',#1693,#1694);
#1693 = CARTESIAN_POINT('',(1.016,1.27,0.));
#1694 = VECTOR('',#1695,1.);
#1695 = DIRECTION('',(-1.,0.,0.));
#1696 = PLANE('',#1697);
#1697 = AXIS2_PLACEMENT_3D('',#1698,#1699,#1700);
#1698 = CARTESIAN_POINT('',(1.016,1.27,0.));
#1699 = DIRECTION('',(0.,-1.,0.));
#1700 = DIRECTION('',(-1.,0.,0.));
#1701 = ADVANCED_FACE('',(#1702),#1727,.F.);
#1702 = FACE_BOUND('',#1703,.F.);
#1703 = EDGE_LOOP('',(#1704,#1705,#1713,#1721));
#1704 = ORIENTED_EDGE('',*,*,#1652,.T.);
#1705 = ORIENTED_EDGE('',*,*,#1706,.T.);
#1706 = EDGE_CURVE('',#1645,#1707,#1709,.T.);
#1707 = VERTEX_POINT('',#1708);
#1708 = CARTESIAN_POINT('',(-1.27,-1.016,2.54));
#1709 = LINE('',#1710,#1711);
#1710 = CARTESIAN_POINT('',(-1.27,1.016,2.54));
#1711 = VECTOR('',#1712,1.);
#1712 = DIRECTION('',(0.,-1.,0.));
#1713 = ORIENTED_EDGE('',*,*,#1714,.F.);
#1714 = EDGE_CURVE('',#1715,#1707,#1717,.T.);
#1715 = VERTEX_POINT('',#1716);
#1716 = CARTESIAN_POINT('',(-1.27,-1.016,0.));
#1717 = LINE('',#1718,#1719);
#1718 = CARTESIAN_POINT('',(-1.27,-1.016,0.));
#1719 = VECTOR('',#1720,1.);
#1720 = DIRECTION('',(0.,0.,1.));
#1721 = ORIENTED_EDGE('',*,*,#1722,.F.);
#1722 = EDGE_CURVE('',#1653,#1715,#1723,.T.);
#1723 = LINE('',#1724,#1725);
#1724 = CARTESIAN_POINT('',(-1.27,1.016,0.));
#1725 = VECTOR('',#1726,1.);
#1726 = DIRECTION('',(0.,-1.,0.));
#1727 = PLANE('',#1728);
#1728 = AXIS2_PLACEMENT_3D('',#1729,#1730,#1731);
#1729 = CARTESIAN_POINT('',(-1.27,1.016,0.));
#1730 = DIRECTION('',(1.,0.,0.));
#1731 = DIRECTION('',(0.,-1.,0.));
#1732 = ADVANCED_FACE('',(#1733,#1920,#1954,#1988,#2022),#2056,.F.);
#1733 = FACE_BOUND('',#1734,.F.);
#1734 = EDGE_LOOP('',(#1735,#1736,#1737,#1745,#1753,#1761,#1769,#1777,
    #1785,#1793,#1801,#1809,#1817,#1825,#1833,#1841,#1849,#1857,#1865,
    #1873,#1881,#1889,#1897,#1905,#1913,#1919));
#1735 = ORIENTED_EDGE('',*,*,#1660,.T.);
#1736 = ORIENTED_EDGE('',*,*,#1722,.T.);
#1737 = ORIENTED_EDGE('',*,*,#1738,.T.);
#1738 = EDGE_CURVE('',#1715,#1739,#1741,.T.);
#1739 = VERTEX_POINT('',#1740);
#1740 = CARTESIAN_POINT('',(-1.016,-1.27,0.));
#1741 = LINE('',#1742,#1743);
#1742 = CARTESIAN_POINT('',(-1.27,-1.016,0.));
#1743 = VECTOR('',#1744,1.);
#1744 = DIRECTION('',(0.707106781187,-0.707106781187,0.));
#1745 = ORIENTED_EDGE('',*,*,#1746,.T.);
#1746 = EDGE_CURVE('',#1739,#1747,#1749,.T.);
#1747 = VERTEX_POINT('',#1748);
#1748 = CARTESIAN_POINT('',(-1.27,-1.524,0.));
#1749 = LINE('',#1750,#1751);
#1750 = CARTESIAN_POINT('',(-1.016,-1.27,0.));
#1751 = VECTOR('',#1752,1.);
#1752 = DIRECTION('',(-0.707106781187,-0.707106781187,0.));
#1753 = ORIENTED_EDGE('',*,*,#1754,.T.);
#1754 = EDGE_CURVE('',#1747,#1755,#1757,.T.);
#1755 = VERTEX_POINT('',#1756);
#1756 = CARTESIAN_POINT('',(-1.27,-3.556,0.));
#1757 = LINE('',#1758,#1759);
#1758 = CARTESIAN_POINT('',(-1.27,-1.524,0.));
#1759 = VECTOR('',#1760,1.);
#1760 = DIRECTION('',(0.,-1.,0.));
#1761 = ORIENTED_EDGE('',*,*,#1762,.T.);
#1762 = EDGE_CURVE('',#1755,#1763,#1765,.T.);
#1763 = VERTEX_POINT('',#1764);
#1764 = CARTESIAN_POINT('',(-1.016,-3.81,0.));
#1765 = LINE('',#1766,#1767);
#1766 = CARTESIAN_POINT('',(-1.27,-3.556,0.));
#1767 = VECTOR('',#1768,1.);
#1768 = DIRECTION('',(0.707106781187,-0.707106781187,0.));
#1769 = ORIENTED_EDGE('',*,*,#1770,.T.);
#1770 = EDGE_CURVE('',#1763,#1771,#1773,.T.);
#1771 = VERTEX_POINT('',#1772);
#1772 = CARTESIAN_POINT('',(-1.27,-4.064,0.));
#1773 = LINE('',#1774,#1775);
#1774 = CARTESIAN_POINT('',(-1.016,-3.81,0.));
#1775 = VECTOR('',#1776,1.);
#1776 = DIRECTION('',(-0.707106781187,-0.707106781187,0.));
#1777 = ORIENTED_EDGE('',*,*,#1778,.T.);
#1778 = EDGE_CURVE('',#1771,#1779,#1781,.T.);
#1779 = VERTEX_POINT('',#1780);
#1780 = CARTESIAN_POINT('',(-1.27,-6.096,0.));
#1781 = LINE('',#1782,#1783);
#1782 = CARTESIAN_POINT('',(-1.27,-4.064,0.));
#1783 = VECTOR('',#1784,1.);
#1784 = DIRECTION('',(0.,-1.,0.));
#1785 = ORIENTED_EDGE('',*,*,#1786,.T.);
#1786 = EDGE_CURVE('',#1779,#1787,#1789,.T.);
#1787 = VERTEX_POINT('',#1788);
#1788 = CARTESIAN_POINT('',(-1.016,-6.35,0.));
#1789 = LINE('',#1790,#1791);
#1790 = CARTESIAN_POINT('',(-1.27,-6.096,0.));
#1791 = VECTOR('',#1792,1.);
#1792 = DIRECTION('',(0.707106781187,-0.707106781187,0.));
#1793 = ORIENTED_EDGE('',*,*,#1794,.T.);
#1794 = EDGE_CURVE('',#1787,#1795,#1797,.T.);
#1795 = VERTEX_POINT('',#1796);
#1796 = CARTESIAN_POINT('',(-1.27,-6.604,0.));
#1797 = LINE('',#1798,#1799);
#1798 = CARTESIAN_POINT('',(-1.016,-6.35,0.));
#1799 = VECTOR('',#1800,1.);
#1800 = DIRECTION('',(-0.707106781187,-0.707106781187,0.));
#1801 = ORIENTED_EDGE('',*,*,#1802,.T.);
#1802 = EDGE_CURVE('',#1795,#1803,#1805,.T.);
#1803 = VERTEX_POINT('',#1804);
#1804 = CARTESIAN_POINT('',(-1.27,-8.636,0.));
#1805 = LINE('',#1806,#1807);
#1806 = CARTESIAN_POINT('',(-1.27,-6.604,0.));
#1807 = VECTOR('',#1808,1.);
#1808 = DIRECTION('',(0.,-1.,0.));
#1809 = ORIENTED_EDGE('',*,*,#1810,.T.);
#1810 = EDGE_CURVE('',#1803,#1811,#1813,.T.);
#1811 = VERTEX_POINT('',#1812);
#1812 = CARTESIAN_POINT('',(-1.016,-8.89,0.));
#1813 = LINE('',#1814,#1815);
#1814 = CARTESIAN_POINT('',(-1.27,-8.636,0.));
#1815 = VECTOR('',#1816,1.);
#1816 = DIRECTION('',(0.707106781187,-0.707106781187,0.));
#1817 = ORIENTED_EDGE('',*,*,#1818,.T.);
#1818 = EDGE_CURVE('',#1811,#1819,#1821,.T.);
#1819 = VERTEX_POINT('',#1820);
#1820 = CARTESIAN_POINT('',(1.016,-8.89,0.));
#1821 = LINE('',#1822,#1823);
#1822 = CARTESIAN_POINT('',(-1.016,-8.89,0.));
#1823 = VECTOR('',#1824,1.);
#1824 = DIRECTION('',(1.,0.,0.));
#1825 = ORIENTED_EDGE('',*,*,#1826,.T.);
#1826 = EDGE_CURVE('',#1819,#1827,#1829,.T.);
#1827 = VERTEX_POINT('',#1828);
#1828 = CARTESIAN_POINT('',(1.27,-8.636,0.));
#1829 = LINE('',#1830,#1831);
#1830 = CARTESIAN_POINT('',(1.016,-8.89,0.));
#1831 = VECTOR('',#1832,1.);
#1832 = DIRECTION('',(0.707106781187,0.707106781187,0.));
#1833 = ORIENTED_EDGE('',*,*,#1834,.T.);
#1834 = EDGE_CURVE('',#1827,#1835,#1837,.T.);
#1835 = VERTEX_POINT('',#1836);
#1836 = CARTESIAN_POINT('',(1.27,-6.604,0.));
#1837 = LINE('',#1838,#1839);
#1838 = CARTESIAN_POINT('',(1.27,-8.636,0.));
#1839 = VECTOR('',#1840,1.);
#1840 = DIRECTION('',(0.,1.,0.));
#1841 = ORIENTED_EDGE('',*,*,#1842,.T.);
#1842 = EDGE_CURVE('',#1835,#1843,#1845,.T.);
#1843 = VERTEX_POINT('',#1844);
#1844 = CARTESIAN_POINT('',(1.016,-6.35,0.));
#1845 = LINE('',#1846,#1847);
#1846 = CARTESIAN_POINT('',(1.27,-6.604,0.));
#1847 = VECTOR('',#1848,1.);
#1848 = DIRECTION('',(-0.707106781187,0.707106781187,0.));
#1849 = ORIENTED_EDGE('',*,*,#1850,.T.);
#1850 = EDGE_CURVE('',#1843,#1851,#1853,.T.);
#1851 = VERTEX_POINT('',#1852);
#1852 = CARTESIAN_POINT('',(1.27,-6.096,0.));
#1853 = LINE('',#1854,#1855);
#1854 = CARTESIAN_POINT('',(1.016,-6.35,0.));
#1855 = VECTOR('',#1856,1.);
#1856 = DIRECTION('',(0.707106781187,0.707106781187,0.));
#1857 = ORIENTED_EDGE('',*,*,#1858,.T.);
#1858 = EDGE_CURVE('',#1851,#1859,#1861,.T.);
#1859 = VERTEX_POINT('',#1860);
#1860 = CARTESIAN_POINT('',(1.27,-4.064,0.));
#1861 = LINE('',#1862,#1863);
#1862 = CARTESIAN_POINT('',(1.27,-6.096,0.));
#1863 = VECTOR('',#1864,1.);
#1864 = DIRECTION('',(0.,1.,0.));
#1865 = ORIENTED_EDGE('',*,*,#1866,.T.);
#1866 = EDGE_CURVE('',#1859,#1867,#1869,.T.);
#1867 = VERTEX_POINT('',#1868);
#1868 = CARTESIAN_POINT('',(1.016,-3.81,0.));
#1869 = LINE('',#1870,#1871);
#1870 = CARTESIAN_POINT('',(1.27,-4.064,0.));
#1871 = VECTOR('',#1872,1.);
#1872 = DIRECTION('',(-0.707106781187,0.707106781187,0.));
#1873 = ORIENTED_EDGE('',*,*,#1874,.T.);
#1874 = EDGE_CURVE('',#1867,#1875,#1877,.T.);
#1875 = VERTEX_POINT('',#1876);
#1876 = CARTESIAN_POINT('',(1.27,-3.556,0.));
#1877 = LINE('',#1878,#1879);
#1878 = CARTESIAN_POINT('',(1.016,-3.81,0.));
#1879 = VECTOR('',#1880,1.);
#1880 = DIRECTION('',(0.707106781187,0.707106781187,0.));
#1881 = ORIENTED_EDGE('',*,*,#1882,.T.);
#1882 = EDGE_CURVE('',#1875,#1883,#1885,.T.);
#1883 = VERTEX_POINT('',#1884);
#1884 = CARTESIAN_POINT('',(1.27,-1.524,0.));
#1885 = LINE('',#1886,#1887);
#1886 = CARTESIAN_POINT('',(1.27,-3.556,0.));
#1887 = VECTOR('',#1888,1.);
#1888 = DIRECTION('',(0.,1.,0.));
#1889 = ORIENTED_EDGE('',*,*,#1890,.T.);
#1890 = EDGE_CURVE('',#1883,#1891,#1893,.T.);
#1891 = VERTEX_POINT('',#1892);
#1892 = CARTESIAN_POINT('',(1.016,-1.27,0.));
#1893 = LINE('',#1894,#1895);
#1894 = CARTESIAN_POINT('',(1.27,-1.524,0.));
#1895 = VECTOR('',#1896,1.);
#1896 = DIRECTION('',(-0.707106781187,0.707106781187,0.));
#1897 = ORIENTED_EDGE('',*,*,#1898,.T.);
#1898 = EDGE_CURVE('',#1891,#1899,#1901,.T.);
#1899 = VERTEX_POINT('',#1900);
#1900 = CARTESIAN_POINT('',(1.27,-1.016,0.));
#1901 = LINE('',#1902,#1903);
#1902 = CARTESIAN_POINT('',(1.016,-1.27,0.));
#1903 = VECTOR('',#1904,1.);
#1904 = DIRECTION('',(0.707106781187,0.707106781187,0.));
#1905 = ORIENTED_EDGE('',*,*,#1906,.T.);
#1906 = EDGE_CURVE('',#1899,#1907,#1909,.T.);
#1907 = VERTEX_POINT('',#1908);
#1908 = CARTESIAN_POINT('',(1.27,1.016,0.));
#1909 = LINE('',#1910,#1911);
#1910 = CARTESIAN_POINT('',(1.27,-1.016,0.));
#1911 = VECTOR('',#1912,1.);
#1912 = DIRECTION('',(0.,1.,0.));
#1913 = ORIENTED_EDGE('',*,*,#1914,.T.);
#1914 = EDGE_CURVE('',#1907,#1675,#1915,.T.);
#1915 = LINE('',#1916,#1917);
#1916 = CARTESIAN_POINT('',(1.27,1.016,0.));
#1917 = VECTOR('',#1918,1.);
#1918 = DIRECTION('',(-0.707106781187,0.707106781187,0.));
#1919 = ORIENTED_EDGE('',*,*,#1691,.T.);
#1920 = FACE_BOUND('',#1921,.F.);
#1921 = EDGE_LOOP('',(#1922,#1932,#1940,#1948));
#1922 = ORIENTED_EDGE('',*,*,#1923,.F.);
#1923 = EDGE_CURVE('',#1924,#1926,#1928,.T.);
#1924 = VERTEX_POINT('',#1925);
#1925 = CARTESIAN_POINT('',(0.32,-4.76,0.));
#1926 = VERTEX_POINT('',#1927);
#1927 = CARTESIAN_POINT('',(-0.32,-4.76,0.));
#1928 = LINE('',#1929,#1930);
#1929 = CARTESIAN_POINT('',(-0.16,-4.76,0.));
#1930 = VECTOR('',#1931,1.);
#1931 = DIRECTION('',(-1.,0.,0.));
#1932 = ORIENTED_EDGE('',*,*,#1933,.F.);
#1933 = EDGE_CURVE('',#1934,#1924,#1936,.T.);
#1934 = VERTEX_POINT('',#1935);
#1935 = CARTESIAN_POINT('',(0.32,-5.4,0.));
#1936 = LINE('',#1937,#1938);
#1937 = CARTESIAN_POINT('',(0.32,-4.605,0.));
#1938 = VECTOR('',#1939,1.);
#1939 = DIRECTION('',(0.,1.,0.));
#1940 = ORIENTED_EDGE('',*,*,#1941,.T.);
#1941 = EDGE_CURVE('',#1934,#1942,#1944,.T.);
#1942 = VERTEX_POINT('',#1943);
#1943 = CARTESIAN_POINT('',(-0.32,-5.4,0.));
#1944 = LINE('',#1945,#1946);
#1945 = CARTESIAN_POINT('',(-0.16,-5.4,0.));
#1946 = VECTOR('',#1947,1.);
#1947 = DIRECTION('',(-1.,0.,0.));
#1948 = ORIENTED_EDGE('',*,*,#1949,.T.);
#1949 = EDGE_CURVE('',#1942,#1926,#1950,.T.);
#1950 = LINE('',#1951,#1952);
#1951 = CARTESIAN_POINT('',(-0.32,-4.605,0.));
#1952 = VECTOR('',#1953,1.);
#1953 = DIRECTION('',(0.,1.,0.));
#1954 = FACE_BOUND('',#1955,.F.);
#1955 = EDGE_LOOP('',(#1956,#1966,#1974,#1982));
#1956 = ORIENTED_EDGE('',*,*,#1957,.F.);
#1957 = EDGE_CURVE('',#1958,#1960,#1962,.T.);
#1958 = VERTEX_POINT('',#1959);
#1959 = CARTESIAN_POINT('',(0.32,-7.94,0.));
#1960 = VERTEX_POINT('',#1961);
#1961 = CARTESIAN_POINT('',(0.32,-7.3,0.));
#1962 = LINE('',#1963,#1964);
#1963 = CARTESIAN_POINT('',(0.32,-5.875,0.));
#1964 = VECTOR('',#1965,1.);
#1965 = DIRECTION('',(0.,1.,0.));
#1966 = ORIENTED_EDGE('',*,*,#1967,.T.);
#1967 = EDGE_CURVE('',#1958,#1968,#1970,.T.);
#1968 = VERTEX_POINT('',#1969);
#1969 = CARTESIAN_POINT('',(-0.32,-7.94,0.));
#1970 = LINE('',#1971,#1972);
#1971 = CARTESIAN_POINT('',(-0.16,-7.94,0.));
#1972 = VECTOR('',#1973,1.);
#1973 = DIRECTION('',(-1.,0.,0.));
#1974 = ORIENTED_EDGE('',*,*,#1975,.T.);
#1975 = EDGE_CURVE('',#1968,#1976,#1978,.T.);
#1976 = VERTEX_POINT('',#1977);
#1977 = CARTESIAN_POINT('',(-0.32,-7.3,0.));
#1978 = LINE('',#1979,#1980);
#1979 = CARTESIAN_POINT('',(-0.32,-5.875,0.));
#1980 = VECTOR('',#1981,1.);
#1981 = DIRECTION('',(0.,1.,0.));
#1982 = ORIENTED_EDGE('',*,*,#1983,.F.);
#1983 = EDGE_CURVE('',#1960,#1976,#1984,.T.);
#1984 = LINE('',#1985,#1986);
#1985 = CARTESIAN_POINT('',(-0.16,-7.3,0.));
#1986 = VECTOR('',#1987,1.);
#1987 = DIRECTION('',(-1.,0.,0.));
#1988 = FACE_BOUND('',#1989,.F.);
#1989 = EDGE_LOOP('',(#1990,#2000,#2008,#2016));
#1990 = ORIENTED_EDGE('',*,*,#1991,.F.);
#1991 = EDGE_CURVE('',#1992,#1994,#1996,.T.);
#1992 = VERTEX_POINT('',#1993);
#1993 = CARTESIAN_POINT('',(0.32,-0.32,0.));
#1994 = VERTEX_POINT('',#1995);
#1995 = CARTESIAN_POINT('',(0.32,0.32,0.));
#1996 = LINE('',#1997,#1998);
#1997 = CARTESIAN_POINT('',(0.32,-2.065,0.));
#1998 = VECTOR('',#1999,1.);
#1999 = DIRECTION('',(0.,1.,0.));
#2000 = ORIENTED_EDGE('',*,*,#2001,.T.);
#2001 = EDGE_CURVE('',#1992,#2002,#2004,.T.);
#2002 = VERTEX_POINT('',#2003);
#2003 = CARTESIAN_POINT('',(-0.32,-0.32,0.));
#2004 = LINE('',#2005,#2006);
#2005 = CARTESIAN_POINT('',(-0.16,-0.32,0.));
#2006 = VECTOR('',#2007,1.);
#2007 = DIRECTION('',(-1.,0.,0.));
#2008 = ORIENTED_EDGE('',*,*,#2009,.T.);
#2009 = EDGE_CURVE('',#2002,#2010,#2012,.T.);
#2010 = VERTEX_POINT('',#2011);
#2011 = CARTESIAN_POINT('',(-0.32,0.32,0.));
#2012 = LINE('',#2013,#2014);
#2013 = CARTESIAN_POINT('',(-0.32,-2.065,0.));
#2014 = VECTOR('',#2015,1.);
#2015 = DIRECTION('',(0.,1.,0.));
#2016 = ORIENTED_EDGE('',*,*,#2017,.F.);
#2017 = EDGE_CURVE('',#1994,#2010,#2018,.T.);
#2018 = LINE('',#2019,#2020);
#2019 = CARTESIAN_POINT('',(-0.16,0.32,0.));
#2020 = VECTOR('',#2021,1.);
#2021 = DIRECTION('',(-1.,0.,0.));
#2022 = FACE_BOUND('',#2023,.F.);
#2023 = EDGE_LOOP('',(#2024,#2034,#2042,#2050));
#2024 = ORIENTED_EDGE('',*,*,#2025,.F.);
#2025 = EDGE_CURVE('',#2026,#2028,#2030,.T.);
#2026 = VERTEX_POINT('',#2027);
#2027 = CARTESIAN_POINT('',(0.32,-2.22,0.));
#2028 = VERTEX_POINT('',#2029);
#2029 = CARTESIAN_POINT('',(-0.32,-2.22,0.));
#2030 = LINE('',#2031,#2032);
#2031 = CARTESIAN_POINT('',(-0.16,-2.22,0.));
#2032 = VECTOR('',#2033,1.);
#2033 = DIRECTION('',(-1.,0.,0.));
#2034 = ORIENTED_EDGE('',*,*,#2035,.F.);
#2035 = EDGE_CURVE('',#2036,#2026,#2038,.T.);
#2036 = VERTEX_POINT('',#2037);
#2037 = CARTESIAN_POINT('',(0.32,-2.86,0.));
#2038 = LINE('',#2039,#2040);
#2039 = CARTESIAN_POINT('',(0.32,-3.335,0.));
#2040 = VECTOR('',#2041,1.);
#2041 = DIRECTION('',(0.,1.,0.));
#2042 = ORIENTED_EDGE('',*,*,#2043,.T.);
#2043 = EDGE_CURVE('',#2036,#2044,#2046,.T.);
#2044 = VERTEX_POINT('',#2045);
#2045 = CARTESIAN_POINT('',(-0.32,-2.86,0.));
#2046 = LINE('',#2047,#2048);
#2047 = CARTESIAN_POINT('',(-0.16,-2.86,0.));
#2048 = VECTOR('',#2049,1.);
#2049 = DIRECTION('',(-1.,0.,0.));
#2050 = ORIENTED_EDGE('',*,*,#2051,.T.);
#2051 = EDGE_CURVE('',#2044,#2028,#2052,.T.);
#2052 = LINE('',#2053,#2054);
#2053 = CARTESIAN_POINT('',(-0.32,-3.335,0.));
#2054 = VECTOR('',#2055,1.);
#2055 = DIRECTION('',(0.,1.,0.));
#2056 = PLANE('',#2057);
#2057 = AXIS2_PLACEMENT_3D('',#2058,#2059,#2060);
#2058 = CARTESIAN_POINT('',(4.259053689278E-17,-3.81,0.));
#2059 = DIRECTION('',(0.,0.,1.));
#2060 = DIRECTION('',(1.,0.,-0.));
#2061 = ADVANCED_FACE('',(#2062,#2249,#2283,#2317,#2351),#2385,.T.);
#2062 = FACE_BOUND('',#2063,.T.);
#2063 = EDGE_LOOP('',(#2064,#2065,#2066,#2074,#2082,#2090,#2098,#2106,
    #2114,#2122,#2130,#2138,#2146,#2154,#2162,#2170,#2178,#2186,#2194,
    #2202,#2210,#2218,#2226,#2234,#2242,#2248));
#2064 = ORIENTED_EDGE('',*,*,#1644,.T.);
#2065 = ORIENTED_EDGE('',*,*,#1706,.T.);
#2066 = ORIENTED_EDGE('',*,*,#2067,.T.);
#2067 = EDGE_CURVE('',#1707,#2068,#2070,.T.);
#2068 = VERTEX_POINT('',#2069);
#2069 = CARTESIAN_POINT('',(-1.016,-1.27,2.54));
#2070 = LINE('',#2071,#2072);
#2071 = CARTESIAN_POINT('',(-1.27,-1.016,2.54));
#2072 = VECTOR('',#2073,1.);
#2073 = DIRECTION('',(0.707106781187,-0.707106781187,0.));
#2074 = ORIENTED_EDGE('',*,*,#2075,.T.);
#2075 = EDGE_CURVE('',#2068,#2076,#2078,.T.);
#2076 = VERTEX_POINT('',#2077);
#2077 = CARTESIAN_POINT('',(-1.27,-1.524,2.54));
#2078 = LINE('',#2079,#2080);
#2079 = CARTESIAN_POINT('',(-1.016,-1.27,2.54));
#2080 = VECTOR('',#2081,1.);
#2081 = DIRECTION('',(-0.707106781187,-0.707106781187,0.));
#2082 = ORIENTED_EDGE('',*,*,#2083,.T.);
#2083 = EDGE_CURVE('',#2076,#2084,#2086,.T.);
#2084 = VERTEX_POINT('',#2085);
#2085 = CARTESIAN_POINT('',(-1.27,-3.556,2.54));
#2086 = LINE('',#2087,#2088);
#2087 = CARTESIAN_POINT('',(-1.27,-1.524,2.54));
#2088 = VECTOR('',#2089,1.);
#2089 = DIRECTION('',(0.,-1.,0.));
#2090 = ORIENTED_EDGE('',*,*,#2091,.T.);
#2091 = EDGE_CURVE('',#2084,#2092,#2094,.T.);
#2092 = VERTEX_POINT('',#2093);
#2093 = CARTESIAN_POINT('',(-1.016,-3.81,2.54));
#2094 = LINE('',#2095,#2096);
#2095 = CARTESIAN_POINT('',(-1.27,-3.556,2.54));
#2096 = VECTOR('',#2097,1.);
#2097 = DIRECTION('',(0.707106781187,-0.707106781187,0.));
#2098 = ORIENTED_EDGE('',*,*,#2099,.T.);
#2099 = EDGE_CURVE('',#2092,#2100,#2102,.T.);
#2100 = VERTEX_POINT('',#2101);
#2101 = CARTESIAN_POINT('',(-1.27,-4.064,2.54));
#2102 = LINE('',#2103,#2104);
#2103 = CARTESIAN_POINT('',(-1.016,-3.81,2.54));
#2104 = VECTOR('',#2105,1.);
#2105 = DIRECTION('',(-0.707106781187,-0.707106781187,0.));
#2106 = ORIENTED_EDGE('',*,*,#2107,.T.);
#2107 = EDGE_CURVE('',#2100,#2108,#2110,.T.);
#2108 = VERTEX_POINT('',#2109);
#2109 = CARTESIAN_POINT('',(-1.27,-6.096,2.54));
#2110 = LINE('',#2111,#2112);
#2111 = CARTESIAN_POINT('',(-1.27,-4.064,2.54));
#2112 = VECTOR('',#2113,1.);
#2113 = DIRECTION('',(0.,-1.,0.));
#2114 = ORIENTED_EDGE('',*,*,#2115,.T.);
#2115 = EDGE_CURVE('',#2108,#2116,#2118,.T.);
#2116 = VERTEX_POINT('',#2117);
#2117 = CARTESIAN_POINT('',(-1.016,-6.35,2.54));
#2118 = LINE('',#2119,#2120);
#2119 = CARTESIAN_POINT('',(-1.27,-6.096,2.54));
#2120 = VECTOR('',#2121,1.);
#2121 = DIRECTION('',(0.707106781187,-0.707106781187,0.));
#2122 = ORIENTED_EDGE('',*,*,#2123,.T.);
#2123 = EDGE_CURVE('',#2116,#2124,#2126,.T.);
#2124 = VERTEX_POINT('',#2125);
#2125 = CARTESIAN_POINT('',(-1.27,-6.604,2.54));
#2126 = LINE('',#2127,#2128);
#2127 = CARTESIAN_POINT('',(-1.016,-6.35,2.54));
#2128 = VECTOR('',#2129,1.);
#2129 = DIRECTION('',(-0.707106781187,-0.707106781187,0.));
#2130 = ORIENTED_EDGE('',*,*,#2131,.T.);
#2131 = EDGE_CURVE('',#2124,#2132,#2134,.T.);
#2132 = VERTEX_POINT('',#2133);
#2133 = CARTESIAN_POINT('',(-1.27,-8.636,2.54));
#2134 = LINE('',#2135,#2136);
#2135 = CARTESIAN_POINT('',(-1.27,-6.604,2.54));
#2136 = VECTOR('',#2137,1.);
#2137 = DIRECTION('',(0.,-1.,0.));
#2138 = ORIENTED_EDGE('',*,*,#2139,.T.);
#2139 = EDGE_CURVE('',#2132,#2140,#2142,.T.);
#2140 = VERTEX_POINT('',#2141);
#2141 = CARTESIAN_POINT('',(-1.016,-8.89,2.54));
#2142 = LINE('',#2143,#2144);
#2143 = CARTESIAN_POINT('',(-1.27,-8.636,2.54));
#2144 = VECTOR('',#2145,1.);
#2145 = DIRECTION('',(0.707106781187,-0.707106781187,0.));
#2146 = ORIENTED_EDGE('',*,*,#2147,.T.);
#2147 = EDGE_CURVE('',#2140,#2148,#2150,.T.);
#2148 = VERTEX_POINT('',#2149);
#2149 = CARTESIAN_POINT('',(1.016,-8.89,2.54));
#2150 = LINE('',#2151,#2152);
#2151 = CARTESIAN_POINT('',(-1.016,-8.89,2.54));
#2152 = VECTOR('',#2153,1.);
#2153 = DIRECTION('',(1.,0.,0.));
#2154 = ORIENTED_EDGE('',*,*,#2155,.T.);
#2155 = EDGE_CURVE('',#2148,#2156,#2158,.T.);
#2156 = VERTEX_POINT('',#2157);
#2157 = CARTESIAN_POINT('',(1.27,-8.636,2.54));
#2158 = LINE('',#2159,#2160);
#2159 = CARTESIAN_POINT('',(1.016,-8.89,2.54));
#2160 = VECTOR('',#2161,1.);
#2161 = DIRECTION('',(0.707106781187,0.707106781187,0.));
#2162 = ORIENTED_EDGE('',*,*,#2163,.T.);
#2163 = EDGE_CURVE('',#2156,#2164,#2166,.T.);
#2164 = VERTEX_POINT('',#2165);
#2165 = CARTESIAN_POINT('',(1.27,-6.604,2.54));
#2166 = LINE('',#2167,#2168);
#2167 = CARTESIAN_POINT('',(1.27,-8.636,2.54));
#2168 = VECTOR('',#2169,1.);
#2169 = DIRECTION('',(0.,1.,0.));
#2170 = ORIENTED_EDGE('',*,*,#2171,.T.);
#2171 = EDGE_CURVE('',#2164,#2172,#2174,.T.);
#2172 = VERTEX_POINT('',#2173);
#2173 = CARTESIAN_POINT('',(1.016,-6.35,2.54));
#2174 = LINE('',#2175,#2176);
#2175 = CARTESIAN_POINT('',(1.27,-6.604,2.54));
#2176 = VECTOR('',#2177,1.);
#2177 = DIRECTION('',(-0.707106781187,0.707106781187,0.));
#2178 = ORIENTED_EDGE('',*,*,#2179,.T.);
#2179 = EDGE_CURVE('',#2172,#2180,#2182,.T.);
#2180 = VERTEX_POINT('',#2181);
#2181 = CARTESIAN_POINT('',(1.27,-6.096,2.54));
#2182 = LINE('',#2183,#2184);
#2183 = CARTESIAN_POINT('',(1.016,-6.35,2.54));
#2184 = VECTOR('',#2185,1.);
#2185 = DIRECTION('',(0.707106781187,0.707106781187,0.));
#2186 = ORIENTED_EDGE('',*,*,#2187,.T.);
#2187 = EDGE_CURVE('',#2180,#2188,#2190,.T.);
#2188 = VERTEX_POINT('',#2189);
#2189 = CARTESIAN_POINT('',(1.27,-4.064,2.54));
#2190 = LINE('',#2191,#2192);
#2191 = CARTESIAN_POINT('',(1.27,-6.096,2.54));
#2192 = VECTOR('',#2193,1.);
#2193 = DIRECTION('',(0.,1.,0.));
#2194 = ORIENTED_EDGE('',*,*,#2195,.T.);
#2195 = EDGE_CURVE('',#2188,#2196,#2198,.T.);
#2196 = VERTEX_POINT('',#2197);
#2197 = CARTESIAN_POINT('',(1.016,-3.81,2.54));
#2198 = LINE('',#2199,#2200);
#2199 = CARTESIAN_POINT('',(1.27,-4.064,2.54));
#2200 = VECTOR('',#2201,1.);
#2201 = DIRECTION('',(-0.707106781187,0.707106781187,0.));
#2202 = ORIENTED_EDGE('',*,*,#2203,.T.);
#2203 = EDGE_CURVE('',#2196,#2204,#2206,.T.);
#2204 = VERTEX_POINT('',#2205);
#2205 = CARTESIAN_POINT('',(1.27,-3.556,2.54));
#2206 = LINE('',#2207,#2208);
#2207 = CARTESIAN_POINT('',(1.016,-3.81,2.54));
#2208 = VECTOR('',#2209,1.);
#2209 = DIRECTION('',(0.707106781187,0.707106781187,0.));
#2210 = ORIENTED_EDGE('',*,*,#2211,.T.);
#2211 = EDGE_CURVE('',#2204,#2212,#2214,.T.);
#2212 = VERTEX_POINT('',#2213);
#2213 = CARTESIAN_POINT('',(1.27,-1.524,2.54));
#2214 = LINE('',#2215,#2216);
#2215 = CARTESIAN_POINT('',(1.27,-3.556,2.54));
#2216 = VECTOR('',#2217,1.);
#2217 = DIRECTION('',(0.,1.,0.));
#2218 = ORIENTED_EDGE('',*,*,#2219,.T.);
#2219 = EDGE_CURVE('',#2212,#2220,#2222,.T.);
#2220 = VERTEX_POINT('',#2221);
#2221 = CARTESIAN_POINT('',(1.016,-1.27,2.54));
#2222 = LINE('',#2223,#2224);
#2223 = CARTESIAN_POINT('',(1.27,-1.524,2.54));
#2224 = VECTOR('',#2225,1.);
#2225 = DIRECTION('',(-0.707106781187,0.707106781187,0.));
#2226 = ORIENTED_EDGE('',*,*,#2227,.T.);
#2227 = EDGE_CURVE('',#2220,#2228,#2230,.T.);
#2228 = VERTEX_POINT('',#2229);
#2229 = CARTESIAN_POINT('',(1.27,-1.016,2.54));
#2230 = LINE('',#2231,#2232);
#2231 = CARTESIAN_POINT('',(1.016,-1.27,2.54));
#2232 = VECTOR('',#2233,1.);
#2233 = DIRECTION('',(0.707106781187,0.707106781187,0.));
#2234 = ORIENTED_EDGE('',*,*,#2235,.T.);
#2235 = EDGE_CURVE('',#2228,#2236,#2238,.T.);
#2236 = VERTEX_POINT('',#2237);
#2237 = CARTESIAN_POINT('',(1.27,1.016,2.54));
#2238 = LINE('',#2239,#2240);
#2239 = CARTESIAN_POINT('',(1.27,-1.016,2.54));
#2240 = VECTOR('',#2241,1.);
#2241 = DIRECTION('',(0.,1.,0.));
#2242 = ORIENTED_EDGE('',*,*,#2243,.T.);
#2243 = EDGE_CURVE('',#2236,#1677,#2244,.T.);
#2244 = LINE('',#2245,#2246);
#2245 = CARTESIAN_POINT('',(1.27,1.016,2.54));
#2246 = VECTOR('',#2247,1.);
#2247 = DIRECTION('',(-0.707106781187,0.707106781187,0.));
#2248 = ORIENTED_EDGE('',*,*,#1684,.T.);
#2249 = FACE_BOUND('',#2250,.T.);
#2250 = EDGE_LOOP('',(#2251,#2261,#2269,#2277));
#2251 = ORIENTED_EDGE('',*,*,#2252,.F.);
#2252 = EDGE_CURVE('',#2253,#2255,#2257,.T.);
#2253 = VERTEX_POINT('',#2254);
#2254 = CARTESIAN_POINT('',(0.32,-4.76,2.54));
#2255 = VERTEX_POINT('',#2256);
#2256 = CARTESIAN_POINT('',(-0.32,-4.76,2.54));
#2257 = LINE('',#2258,#2259);
#2258 = CARTESIAN_POINT('',(-0.16,-4.76,2.54));
#2259 = VECTOR('',#2260,1.);
#2260 = DIRECTION('',(-1.,0.,0.));
#2261 = ORIENTED_EDGE('',*,*,#2262,.F.);
#2262 = EDGE_CURVE('',#2263,#2253,#2265,.T.);
#2263 = VERTEX_POINT('',#2264);
#2264 = CARTESIAN_POINT('',(0.32,-5.4,2.54));
#2265 = LINE('',#2266,#2267);
#2266 = CARTESIAN_POINT('',(0.32,-4.605,2.54));
#2267 = VECTOR('',#2268,1.);
#2268 = DIRECTION('',(0.,1.,0.));
#2269 = ORIENTED_EDGE('',*,*,#2270,.T.);
#2270 = EDGE_CURVE('',#2263,#2271,#2273,.T.);
#2271 = VERTEX_POINT('',#2272);
#2272 = CARTESIAN_POINT('',(-0.32,-5.4,2.54));
#2273 = LINE('',#2274,#2275);
#2274 = CARTESIAN_POINT('',(-0.16,-5.4,2.54));
#2275 = VECTOR('',#2276,1.);
#2276 = DIRECTION('',(-1.,0.,0.));
#2277 = ORIENTED_EDGE('',*,*,#2278,.T.);
#2278 = EDGE_CURVE('',#2271,#2255,#2279,.T.);
#2279 = LINE('',#2280,#2281);
#2280 = CARTESIAN_POINT('',(-0.32,-4.605,2.54));
#2281 = VECTOR('',#2282,1.);
#2282 = DIRECTION('',(0.,1.,0.));
#2283 = FACE_BOUND('',#2284,.T.);
#2284 = EDGE_LOOP('',(#2285,#2295,#2303,#2311));
#2285 = ORIENTED_EDGE('',*,*,#2286,.F.);
#2286 = EDGE_CURVE('',#2287,#2289,#2291,.T.);
#2287 = VERTEX_POINT('',#2288);
#2288 = CARTESIAN_POINT('',(0.32,-7.94,2.54));
#2289 = VERTEX_POINT('',#2290);
#2290 = CARTESIAN_POINT('',(0.32,-7.3,2.54));
#2291 = LINE('',#2292,#2293);
#2292 = CARTESIAN_POINT('',(0.32,-5.875,2.54));
#2293 = VECTOR('',#2294,1.);
#2294 = DIRECTION('',(0.,1.,0.));
#2295 = ORIENTED_EDGE('',*,*,#2296,.T.);
#2296 = EDGE_CURVE('',#2287,#2297,#2299,.T.);
#2297 = VERTEX_POINT('',#2298);
#2298 = CARTESIAN_POINT('',(-0.32,-7.94,2.54));
#2299 = LINE('',#2300,#2301);
#2300 = CARTESIAN_POINT('',(-0.16,-7.94,2.54));
#2301 = VECTOR('',#2302,1.);
#2302 = DIRECTION('',(-1.,0.,0.));
#2303 = ORIENTED_EDGE('',*,*,#2304,.T.);
#2304 = EDGE_CURVE('',#2297,#2305,#2307,.T.);
#2305 = VERTEX_POINT('',#2306);
#2306 = CARTESIAN_POINT('',(-0.32,-7.3,2.54));
#2307 = LINE('',#2308,#2309);
#2308 = CARTESIAN_POINT('',(-0.32,-5.875,2.54));
#2309 = VECTOR('',#2310,1.);
#2310 = DIRECTION('',(0.,1.,0.));
#2311 = ORIENTED_EDGE('',*,*,#2312,.F.);
#2312 = EDGE_CURVE('',#2289,#2305,#2313,.T.);
#2313 = LINE('',#2314,#2315);
#2314 = CARTESIAN_POINT('',(-0.16,-7.3,2.54));
#2315 = VECTOR('',#2316,1.);
#2316 = DIRECTION('',(-1.,0.,0.));
#2317 = FACE_BOUND('',#2318,.T.);
#2318 = EDGE_LOOP('',(#2319,#2329,#2337,#2345));
#2319 = ORIENTED_EDGE('',*,*,#2320,.F.);
#2320 = EDGE_CURVE('',#2321,#2323,#2325,.T.);
#2321 = VERTEX_POINT('',#2322);
#2322 = CARTESIAN_POINT('',(0.32,-0.32,2.54));
#2323 = VERTEX_POINT('',#2324);
#2324 = CARTESIAN_POINT('',(0.32,0.32,2.54));
#2325 = LINE('',#2326,#2327);
#2326 = CARTESIAN_POINT('',(0.32,-2.065,2.54));
#2327 = VECTOR('',#2328,1.);
#2328 = DIRECTION('',(0.,1.,0.));
#2329 = ORIENTED_EDGE('',*,*,#2330,.T.);
#2330 = EDGE_CURVE('',#2321,#2331,#2333,.T.);
#2331 = VERTEX_POINT('',#2332);
#2332 = CARTESIAN_POINT('',(-0.32,-0.32,2.54));
#2333 = LINE('',#2334,#2335);
#2334 = CARTESIAN_POINT('',(-0.16,-0.32,2.54));
#2335 = VECTOR('',#2336,1.);
#2336 = DIRECTION('',(-1.,0.,0.));
#2337 = ORIENTED_EDGE('',*,*,#2338,.T.);
#2338 = EDGE_CURVE('',#2331,#2339,#2341,.T.);
#2339 = VERTEX_POINT('',#2340);
#2340 = CARTESIAN_POINT('',(-0.32,0.32,2.54));
#2341 = LINE('',#2342,#2343);
#2342 = CARTESIAN_POINT('',(-0.32,-2.065,2.54));
#2343 = VECTOR('',#2344,1.);
#2344 = DIRECTION('',(0.,1.,0.));
#2345 = ORIENTED_EDGE('',*,*,#2346,.F.);
#2346 = EDGE_CURVE('',#2323,#2339,#2347,.T.);
#2347 = LINE('',#2348,#2349);
#2348 = CARTESIAN_POINT('',(-0.16,0.32,2.54));
#2349 = VECTOR('',#2350,1.);
#2350 = DIRECTION('',(-1.,0.,0.));
#2351 = FACE_BOUND('',#2352,.T.);
#2352 = EDGE_LOOP('',(#2353,#2363,#2371,#2379));
#2353 = ORIENTED_EDGE('',*,*,#2354,.F.);
#2354 = EDGE_CURVE('',#2355,#2357,#2359,.T.);
#2355 = VERTEX_POINT('',#2356);
#2356 = CARTESIAN_POINT('',(0.32,-2.22,2.54));
#2357 = VERTEX_POINT('',#2358);
#2358 = CARTESIAN_POINT('',(-0.32,-2.22,2.54));
#2359 = LINE('',#2360,#2361);
#2360 = CARTESIAN_POINT('',(-0.16,-2.22,2.54));
#2361 = VECTOR('',#2362,1.);
#2362 = DIRECTION('',(-1.,0.,0.));
#2363 = ORIENTED_EDGE('',*,*,#2364,.F.);
#2364 = EDGE_CURVE('',#2365,#2355,#2367,.T.);
#2365 = VERTEX_POINT('',#2366);
#2366 = CARTESIAN_POINT('',(0.32,-2.86,2.54));
#2367 = LINE('',#2368,#2369);
#2368 = CARTESIAN_POINT('',(0.32,-3.335,2.54));
#2369 = VECTOR('',#2370,1.);
#2370 = DIRECTION('',(0.,1.,0.));
#2371 = ORIENTED_EDGE('',*,*,#2372,.T.);
#2372 = EDGE_CURVE('',#2365,#2373,#2375,.T.);
#2373 = VERTEX_POINT('',#2374);
#2374 = CARTESIAN_POINT('',(-0.32,-2.86,2.54));
#2375 = LINE('',#2376,#2377);
#2376 = CARTESIAN_POINT('',(-0.16,-2.86,2.54));
#2377 = VECTOR('',#2378,1.);
#2378 = DIRECTION('',(-1.,0.,0.));
#2379 = ORIENTED_EDGE('',*,*,#2380,.T.);
#2380 = EDGE_CURVE('',#2373,#2357,#2381,.T.);
#2381 = LINE('',#2382,#2383);
#2382 = CARTESIAN_POINT('',(-0.32,-3.335,2.54));
#2383 = VECTOR('',#2384,1.);
#2384 = DIRECTION('',(0.,1.,0.));
#2385 = PLANE('',#2386);
#2386 = AXIS2_PLACEMENT_3D('',#2387,#2388,#2389);
#2387 = CARTESIAN_POINT('',(4.259053689278E-17,-3.81,2.54));
#2388 = DIRECTION('',(0.,0.,1.));
#2389 = DIRECTION('',(1.,0.,-0.));
#2390 = ADVANCED_FACE('',(#2391),#2402,.F.);
#2391 = FACE_BOUND('',#2392,.F.);
#2392 = EDGE_LOOP('',(#2393,#2399,#2400,#2401));
#2393 = ORIENTED_EDGE('',*,*,#2394,.T.);
#2394 = EDGE_CURVE('',#1907,#2236,#2395,.T.);
#2395 = LINE('',#2396,#2397);
#2396 = CARTESIAN_POINT('',(1.27,1.016,0.));
#2397 = VECTOR('',#2398,1.);
#2398 = DIRECTION('',(0.,0.,1.));
#2399 = ORIENTED_EDGE('',*,*,#2243,.T.);
#2400 = ORIENTED_EDGE('',*,*,#1674,.F.);
#2401 = ORIENTED_EDGE('',*,*,#1914,.F.);
#2402 = PLANE('',#2403);
#2403 = AXIS2_PLACEMENT_3D('',#2404,#2405,#2406);
#2404 = CARTESIAN_POINT('',(1.27,1.016,0.));
#2405 = DIRECTION('',(-0.707106781187,-0.707106781187,0.));
#2406 = DIRECTION('',(-0.707106781187,0.707106781187,0.));
#2407 = ADVANCED_FACE('',(#2408),#2419,.F.);
#2408 = FACE_BOUND('',#2409,.F.);
#2409 = EDGE_LOOP('',(#2410,#2411,#2412,#2418));
#2410 = ORIENTED_EDGE('',*,*,#1714,.T.);
#2411 = ORIENTED_EDGE('',*,*,#2067,.T.);
#2412 = ORIENTED_EDGE('',*,*,#2413,.F.);
#2413 = EDGE_CURVE('',#1739,#2068,#2414,.T.);
#2414 = LINE('',#2415,#2416);
#2415 = CARTESIAN_POINT('',(-1.016,-1.27,0.));
#2416 = VECTOR('',#2417,1.);
#2417 = DIRECTION('',(0.,0.,1.));
#2418 = ORIENTED_EDGE('',*,*,#1738,.F.);
#2419 = PLANE('',#2420);
#2420 = AXIS2_PLACEMENT_3D('',#2421,#2422,#2423);
#2421 = CARTESIAN_POINT('',(-1.27,-1.016,0.));
#2422 = DIRECTION('',(0.707106781187,0.707106781187,0.));
#2423 = DIRECTION('',(0.707106781187,-0.707106781187,0.));
#2424 = ADVANCED_FACE('',(#2425),#2436,.F.);
#2425 = FACE_BOUND('',#2426,.F.);
#2426 = EDGE_LOOP('',(#2427,#2433,#2434,#2435));
#2427 = ORIENTED_EDGE('',*,*,#2428,.T.);
#2428 = EDGE_CURVE('',#1899,#2228,#2429,.T.);
#2429 = LINE('',#2430,#2431);
#2430 = CARTESIAN_POINT('',(1.27,-1.016,0.));
#2431 = VECTOR('',#2432,1.);
#2432 = DIRECTION('',(0.,0.,1.));
#2433 = ORIENTED_EDGE('',*,*,#2235,.T.);
#2434 = ORIENTED_EDGE('',*,*,#2394,.F.);
#2435 = ORIENTED_EDGE('',*,*,#1906,.F.);
#2436 = PLANE('',#2437);
#2437 = AXIS2_PLACEMENT_3D('',#2438,#2439,#2440);
#2438 = CARTESIAN_POINT('',(1.27,-1.016,0.));
#2439 = DIRECTION('',(-1.,0.,0.));
#2440 = DIRECTION('',(0.,1.,0.));
#2441 = ADVANCED_FACE('',(#2442),#2453,.F.);
#2442 = FACE_BOUND('',#2443,.F.);
#2443 = EDGE_LOOP('',(#2444,#2445,#2446,#2452));
#2444 = ORIENTED_EDGE('',*,*,#2413,.T.);
#2445 = ORIENTED_EDGE('',*,*,#2075,.T.);
#2446 = ORIENTED_EDGE('',*,*,#2447,.F.);
#2447 = EDGE_CURVE('',#1747,#2076,#2448,.T.);
#2448 = LINE('',#2449,#2450);
#2449 = CARTESIAN_POINT('',(-1.27,-1.524,0.));
#2450 = VECTOR('',#2451,1.);
#2451 = DIRECTION('',(0.,0.,1.));
#2452 = ORIENTED_EDGE('',*,*,#1746,.F.);
#2453 = PLANE('',#2454);
#2454 = AXIS2_PLACEMENT_3D('',#2455,#2456,#2457);
#2455 = CARTESIAN_POINT('',(-1.016,-1.27,0.));
#2456 = DIRECTION('',(0.707106781187,-0.707106781187,0.));
#2457 = DIRECTION('',(-0.707106781187,-0.707106781187,0.));
#2458 = ADVANCED_FACE('',(#2459),#2470,.F.);
#2459 = FACE_BOUND('',#2460,.F.);
#2460 = EDGE_LOOP('',(#2461,#2467,#2468,#2469));
#2461 = ORIENTED_EDGE('',*,*,#2462,.T.);
#2462 = EDGE_CURVE('',#1891,#2220,#2463,.T.);
#2463 = LINE('',#2464,#2465);
#2464 = CARTESIAN_POINT('',(1.016,-1.27,0.));
#2465 = VECTOR('',#2466,1.);
#2466 = DIRECTION('',(0.,0.,1.));
#2467 = ORIENTED_EDGE('',*,*,#2227,.T.);
#2468 = ORIENTED_EDGE('',*,*,#2428,.F.);
#2469 = ORIENTED_EDGE('',*,*,#1898,.F.);
#2470 = PLANE('',#2471);
#2471 = AXIS2_PLACEMENT_3D('',#2472,#2473,#2474);
#2472 = CARTESIAN_POINT('',(1.016,-1.27,0.));
#2473 = DIRECTION('',(-0.707106781187,0.707106781187,0.));
#2474 = DIRECTION('',(0.707106781187,0.707106781187,0.));
#2475 = ADVANCED_FACE('',(#2476),#2487,.F.);
#2476 = FACE_BOUND('',#2477,.F.);
#2477 = EDGE_LOOP('',(#2478,#2479,#2480,#2486));
#2478 = ORIENTED_EDGE('',*,*,#2447,.T.);
#2479 = ORIENTED_EDGE('',*,*,#2083,.T.);
#2480 = ORIENTED_EDGE('',*,*,#2481,.F.);
#2481 = EDGE_CURVE('',#1755,#2084,#2482,.T.);
#2482 = LINE('',#2483,#2484);
#2483 = CARTESIAN_POINT('',(-1.27,-3.556,0.));
#2484 = VECTOR('',#2485,1.);
#2485 = DIRECTION('',(0.,0.,1.));
#2486 = ORIENTED_EDGE('',*,*,#1754,.F.);
#2487 = PLANE('',#2488);
#2488 = AXIS2_PLACEMENT_3D('',#2489,#2490,#2491);
#2489 = CARTESIAN_POINT('',(-1.27,-1.524,0.));
#2490 = DIRECTION('',(1.,0.,0.));
#2491 = DIRECTION('',(0.,-1.,0.));
#2492 = ADVANCED_FACE('',(#2493),#2504,.F.);
#2493 = FACE_BOUND('',#2494,.F.);
#2494 = EDGE_LOOP('',(#2495,#2501,#2502,#2503));
#2495 = ORIENTED_EDGE('',*,*,#2496,.T.);
#2496 = EDGE_CURVE('',#1883,#2212,#2497,.T.);
#2497 = LINE('',#2498,#2499);
#2498 = CARTESIAN_POINT('',(1.27,-1.524,0.));
#2499 = VECTOR('',#2500,1.);
#2500 = DIRECTION('',(0.,0.,1.));
#2501 = ORIENTED_EDGE('',*,*,#2219,.T.);
#2502 = ORIENTED_EDGE('',*,*,#2462,.F.);
#2503 = ORIENTED_EDGE('',*,*,#1890,.F.);
#2504 = PLANE('',#2505);
#2505 = AXIS2_PLACEMENT_3D('',#2506,#2507,#2508);
#2506 = CARTESIAN_POINT('',(1.27,-1.524,0.));
#2507 = DIRECTION('',(-0.707106781187,-0.707106781187,0.));
#2508 = DIRECTION('',(-0.707106781187,0.707106781187,0.));
#2509 = ADVANCED_FACE('',(#2510),#2521,.F.);
#2510 = FACE_BOUND('',#2511,.F.);
#2511 = EDGE_LOOP('',(#2512,#2513,#2514,#2520));
#2512 = ORIENTED_EDGE('',*,*,#2481,.T.);
#2513 = ORIENTED_EDGE('',*,*,#2091,.T.);
#2514 = ORIENTED_EDGE('',*,*,#2515,.F.);
#2515 = EDGE_CURVE('',#1763,#2092,#2516,.T.);
#2516 = LINE('',#2517,#2518);
#2517 = CARTESIAN_POINT('',(-1.016,-3.81,0.));
#2518 = VECTOR('',#2519,1.);
#2519 = DIRECTION('',(0.,0.,1.));
#2520 = ORIENTED_EDGE('',*,*,#1762,.F.);
#2521 = PLANE('',#2522);
#2522 = AXIS2_PLACEMENT_3D('',#2523,#2524,#2525);
#2523 = CARTESIAN_POINT('',(-1.27,-3.556,0.));
#2524 = DIRECTION('',(0.707106781187,0.707106781187,0.));
#2525 = DIRECTION('',(0.707106781187,-0.707106781187,0.));
#2526 = ADVANCED_FACE('',(#2527),#2538,.F.);
#2527 = FACE_BOUND('',#2528,.F.);
#2528 = EDGE_LOOP('',(#2529,#2535,#2536,#2537));
#2529 = ORIENTED_EDGE('',*,*,#2530,.T.);
#2530 = EDGE_CURVE('',#1875,#2204,#2531,.T.);
#2531 = LINE('',#2532,#2533);
#2532 = CARTESIAN_POINT('',(1.27,-3.556,0.));
#2533 = VECTOR('',#2534,1.);
#2534 = DIRECTION('',(0.,0.,1.));
#2535 = ORIENTED_EDGE('',*,*,#2211,.T.);
#2536 = ORIENTED_EDGE('',*,*,#2496,.F.);
#2537 = ORIENTED_EDGE('',*,*,#1882,.F.);
#2538 = PLANE('',#2539);
#2539 = AXIS2_PLACEMENT_3D('',#2540,#2541,#2542);
#2540 = CARTESIAN_POINT('',(1.27,-3.556,0.));
#2541 = DIRECTION('',(-1.,0.,0.));
#2542 = DIRECTION('',(0.,1.,0.));
#2543 = ADVANCED_FACE('',(#2544),#2555,.F.);
#2544 = FACE_BOUND('',#2545,.F.);
#2545 = EDGE_LOOP('',(#2546,#2547,#2548,#2554));
#2546 = ORIENTED_EDGE('',*,*,#2515,.T.);
#2547 = ORIENTED_EDGE('',*,*,#2099,.T.);
#2548 = ORIENTED_EDGE('',*,*,#2549,.F.);
#2549 = EDGE_CURVE('',#1771,#2100,#2550,.T.);
#2550 = LINE('',#2551,#2552);
#2551 = CARTESIAN_POINT('',(-1.27,-4.064,0.));
#2552 = VECTOR('',#2553,1.);
#2553 = DIRECTION('',(0.,0.,1.));
#2554 = ORIENTED_EDGE('',*,*,#1770,.F.);
#2555 = PLANE('',#2556);
#2556 = AXIS2_PLACEMENT_3D('',#2557,#2558,#2559);
#2557 = CARTESIAN_POINT('',(-1.016,-3.81,0.));
#2558 = DIRECTION('',(0.707106781187,-0.707106781187,0.));
#2559 = DIRECTION('',(-0.707106781187,-0.707106781187,0.));
#2560 = ADVANCED_FACE('',(#2561),#2572,.F.);
#2561 = FACE_BOUND('',#2562,.F.);
#2562 = EDGE_LOOP('',(#2563,#2569,#2570,#2571));
#2563 = ORIENTED_EDGE('',*,*,#2564,.T.);
#2564 = EDGE_CURVE('',#1867,#2196,#2565,.T.);
#2565 = LINE('',#2566,#2567);
#2566 = CARTESIAN_POINT('',(1.016,-3.81,0.));
#2567 = VECTOR('',#2568,1.);
#2568 = DIRECTION('',(0.,0.,1.));
#2569 = ORIENTED_EDGE('',*,*,#2203,.T.);
#2570 = ORIENTED_EDGE('',*,*,#2530,.F.);
#2571 = ORIENTED_EDGE('',*,*,#1874,.F.);
#2572 = PLANE('',#2573);
#2573 = AXIS2_PLACEMENT_3D('',#2574,#2575,#2576);
#2574 = CARTESIAN_POINT('',(1.016,-3.81,0.));
#2575 = DIRECTION('',(-0.707106781187,0.707106781187,0.));
#2576 = DIRECTION('',(0.707106781187,0.707106781187,0.));
#2577 = ADVANCED_FACE('',(#2578),#2589,.F.);
#2578 = FACE_BOUND('',#2579,.F.);
#2579 = EDGE_LOOP('',(#2580,#2581,#2582,#2588));
#2580 = ORIENTED_EDGE('',*,*,#2549,.T.);
#2581 = ORIENTED_EDGE('',*,*,#2107,.T.);
#2582 = ORIENTED_EDGE('',*,*,#2583,.F.);
#2583 = EDGE_CURVE('',#1779,#2108,#2584,.T.);
#2584 = LINE('',#2585,#2586);
#2585 = CARTESIAN_POINT('',(-1.27,-6.096,0.));
#2586 = VECTOR('',#2587,1.);
#2587 = DIRECTION('',(0.,0.,1.));
#2588 = ORIENTED_EDGE('',*,*,#1778,.F.);
#2589 = PLANE('',#2590);
#2590 = AXIS2_PLACEMENT_3D('',#2591,#2592,#2593);
#2591 = CARTESIAN_POINT('',(-1.27,-4.064,0.));
#2592 = DIRECTION('',(1.,0.,0.));
#2593 = DIRECTION('',(0.,-1.,0.));
#2594 = ADVANCED_FACE('',(#2595),#2606,.F.);
#2595 = FACE_BOUND('',#2596,.F.);
#2596 = EDGE_LOOP('',(#2597,#2603,#2604,#2605));
#2597 = ORIENTED_EDGE('',*,*,#2598,.T.);
#2598 = EDGE_CURVE('',#1859,#2188,#2599,.T.);
#2599 = LINE('',#2600,#2601);
#2600 = CARTESIAN_POINT('',(1.27,-4.064,0.));
#2601 = VECTOR('',#2602,1.);
#2602 = DIRECTION('',(0.,0.,1.));
#2603 = ORIENTED_EDGE('',*,*,#2195,.T.);
#2604 = ORIENTED_EDGE('',*,*,#2564,.F.);
#2605 = ORIENTED_EDGE('',*,*,#1866,.F.);
#2606 = PLANE('',#2607);
#2607 = AXIS2_PLACEMENT_3D('',#2608,#2609,#2610);
#2608 = CARTESIAN_POINT('',(1.27,-4.064,0.));
#2609 = DIRECTION('',(-0.707106781187,-0.707106781187,0.));
#2610 = DIRECTION('',(-0.707106781187,0.707106781187,0.));
#2611 = ADVANCED_FACE('',(#2612),#2623,.F.);
#2612 = FACE_BOUND('',#2613,.F.);
#2613 = EDGE_LOOP('',(#2614,#2615,#2616,#2622));
#2614 = ORIENTED_EDGE('',*,*,#2583,.T.);
#2615 = ORIENTED_EDGE('',*,*,#2115,.T.);
#2616 = ORIENTED_EDGE('',*,*,#2617,.F.);
#2617 = EDGE_CURVE('',#1787,#2116,#2618,.T.);
#2618 = LINE('',#2619,#2620);
#2619 = CARTESIAN_POINT('',(-1.016,-6.35,0.));
#2620 = VECTOR('',#2621,1.);
#2621 = DIRECTION('',(0.,0.,1.));
#2622 = ORIENTED_EDGE('',*,*,#1786,.F.);
#2623 = PLANE('',#2624);
#2624 = AXIS2_PLACEMENT_3D('',#2625,#2626,#2627);
#2625 = CARTESIAN_POINT('',(-1.27,-6.096,0.));
#2626 = DIRECTION('',(0.707106781187,0.707106781187,0.));
#2627 = DIRECTION('',(0.707106781187,-0.707106781187,0.));
#2628 = ADVANCED_FACE('',(#2629),#2640,.F.);
#2629 = FACE_BOUND('',#2630,.F.);
#2630 = EDGE_LOOP('',(#2631,#2637,#2638,#2639));
#2631 = ORIENTED_EDGE('',*,*,#2632,.T.);
#2632 = EDGE_CURVE('',#1851,#2180,#2633,.T.);
#2633 = LINE('',#2634,#2635);
#2634 = CARTESIAN_POINT('',(1.27,-6.096,0.));
#2635 = VECTOR('',#2636,1.);
#2636 = DIRECTION('',(0.,0.,1.));
#2637 = ORIENTED_EDGE('',*,*,#2187,.T.);
#2638 = ORIENTED_EDGE('',*,*,#2598,.F.);
#2639 = ORIENTED_EDGE('',*,*,#1858,.F.);
#2640 = PLANE('',#2641);
#2641 = AXIS2_PLACEMENT_3D('',#2642,#2643,#2644);
#2642 = CARTESIAN_POINT('',(1.27,-6.096,0.));
#2643 = DIRECTION('',(-1.,0.,0.));
#2644 = DIRECTION('',(0.,1.,0.));
#2645 = ADVANCED_FACE('',(#2646),#2657,.F.);
#2646 = FACE_BOUND('',#2647,.F.);
#2647 = EDGE_LOOP('',(#2648,#2649,#2650,#2656));
#2648 = ORIENTED_EDGE('',*,*,#2617,.T.);
#2649 = ORIENTED_EDGE('',*,*,#2123,.T.);
#2650 = ORIENTED_EDGE('',*,*,#2651,.F.);
#2651 = EDGE_CURVE('',#1795,#2124,#2652,.T.);
#2652 = LINE('',#2653,#2654);
#2653 = CARTESIAN_POINT('',(-1.27,-6.604,0.));
#2654 = VECTOR('',#2655,1.);
#2655 = DIRECTION('',(0.,0.,1.));
#2656 = ORIENTED_EDGE('',*,*,#1794,.F.);
#2657 = PLANE('',#2658);
#2658 = AXIS2_PLACEMENT_3D('',#2659,#2660,#2661);
#2659 = CARTESIAN_POINT('',(-1.016,-6.35,0.));
#2660 = DIRECTION('',(0.707106781187,-0.707106781187,0.));
#2661 = DIRECTION('',(-0.707106781187,-0.707106781187,0.));
#2662 = ADVANCED_FACE('',(#2663),#2674,.F.);
#2663 = FACE_BOUND('',#2664,.F.);
#2664 = EDGE_LOOP('',(#2665,#2671,#2672,#2673));
#2665 = ORIENTED_EDGE('',*,*,#2666,.T.);
#2666 = EDGE_CURVE('',#1843,#2172,#2667,.T.);
#2667 = LINE('',#2668,#2669);
#2668 = CARTESIAN_POINT('',(1.016,-6.35,0.));
#2669 = VECTOR('',#2670,1.);
#2670 = DIRECTION('',(0.,0.,1.));
#2671 = ORIENTED_EDGE('',*,*,#2179,.T.);
#2672 = ORIENTED_EDGE('',*,*,#2632,.F.);
#2673 = ORIENTED_EDGE('',*,*,#1850,.F.);
#2674 = PLANE('',#2675);
#2675 = AXIS2_PLACEMENT_3D('',#2676,#2677,#2678);
#2676 = CARTESIAN_POINT('',(1.016,-6.35,0.));
#2677 = DIRECTION('',(-0.707106781187,0.707106781187,0.));
#2678 = DIRECTION('',(0.707106781187,0.707106781187,0.));
#2679 = ADVANCED_FACE('',(#2680),#2691,.F.);
#2680 = FACE_BOUND('',#2681,.F.);
#2681 = EDGE_LOOP('',(#2682,#2683,#2684,#2690));
#2682 = ORIENTED_EDGE('',*,*,#2651,.T.);
#2683 = ORIENTED_EDGE('',*,*,#2131,.T.);
#2684 = ORIENTED_EDGE('',*,*,#2685,.F.);
#2685 = EDGE_CURVE('',#1803,#2132,#2686,.T.);
#2686 = LINE('',#2687,#2688);
#2687 = CARTESIAN_POINT('',(-1.27,-8.636,0.));
#2688 = VECTOR('',#2689,1.);
#2689 = DIRECTION('',(0.,0.,1.));
#2690 = ORIENTED_EDGE('',*,*,#1802,.F.);
#2691 = PLANE('',#2692);
#2692 = AXIS2_PLACEMENT_3D('',#2693,#2694,#2695);
#2693 = CARTESIAN_POINT('',(-1.27,-6.604,0.));
#2694 = DIRECTION('',(1.,0.,0.));
#2695 = DIRECTION('',(0.,-1.,0.));
#2696 = ADVANCED_FACE('',(#2697),#2708,.F.);
#2697 = FACE_BOUND('',#2698,.F.);
#2698 = EDGE_LOOP('',(#2699,#2705,#2706,#2707));
#2699 = ORIENTED_EDGE('',*,*,#2700,.T.);
#2700 = EDGE_CURVE('',#1835,#2164,#2701,.T.);
#2701 = LINE('',#2702,#2703);
#2702 = CARTESIAN_POINT('',(1.27,-6.604,0.));
#2703 = VECTOR('',#2704,1.);
#2704 = DIRECTION('',(0.,0.,1.));
#2705 = ORIENTED_EDGE('',*,*,#2171,.T.);
#2706 = ORIENTED_EDGE('',*,*,#2666,.F.);
#2707 = ORIENTED_EDGE('',*,*,#1842,.F.);
#2708 = PLANE('',#2709);
#2709 = AXIS2_PLACEMENT_3D('',#2710,#2711,#2712);
#2710 = CARTESIAN_POINT('',(1.27,-6.604,0.));
#2711 = DIRECTION('',(-0.707106781187,-0.707106781187,0.));
#2712 = DIRECTION('',(-0.707106781187,0.707106781187,0.));
#2713 = ADVANCED_FACE('',(#2714),#2725,.F.);
#2714 = FACE_BOUND('',#2715,.F.);
#2715 = EDGE_LOOP('',(#2716,#2717,#2718,#2724));
#2716 = ORIENTED_EDGE('',*,*,#2685,.T.);
#2717 = ORIENTED_EDGE('',*,*,#2139,.T.);
#2718 = ORIENTED_EDGE('',*,*,#2719,.F.);
#2719 = EDGE_CURVE('',#1811,#2140,#2720,.T.);
#2720 = LINE('',#2721,#2722);
#2721 = CARTESIAN_POINT('',(-1.016,-8.89,0.));
#2722 = VECTOR('',#2723,1.);
#2723 = DIRECTION('',(0.,0.,1.));
#2724 = ORIENTED_EDGE('',*,*,#1810,.F.);
#2725 = PLANE('',#2726);
#2726 = AXIS2_PLACEMENT_3D('',#2727,#2728,#2729);
#2727 = CARTESIAN_POINT('',(-1.27,-8.636,0.));
#2728 = DIRECTION('',(0.707106781187,0.707106781187,0.));
#2729 = DIRECTION('',(0.707106781187,-0.707106781187,0.));
#2730 = ADVANCED_FACE('',(#2731),#2742,.F.);
#2731 = FACE_BOUND('',#2732,.F.);
#2732 = EDGE_LOOP('',(#2733,#2739,#2740,#2741));
#2733 = ORIENTED_EDGE('',*,*,#2734,.T.);
#2734 = EDGE_CURVE('',#1827,#2156,#2735,.T.);
#2735 = LINE('',#2736,#2737);
#2736 = CARTESIAN_POINT('',(1.27,-8.636,0.));
#2737 = VECTOR('',#2738,1.);
#2738 = DIRECTION('',(0.,0.,1.));
#2739 = ORIENTED_EDGE('',*,*,#2163,.T.);
#2740 = ORIENTED_EDGE('',*,*,#2700,.F.);
#2741 = ORIENTED_EDGE('',*,*,#1834,.F.);
#2742 = PLANE('',#2743);
#2743 = AXIS2_PLACEMENT_3D('',#2744,#2745,#2746);
#2744 = CARTESIAN_POINT('',(1.27,-8.636,0.));
#2745 = DIRECTION('',(-1.,0.,0.));
#2746 = DIRECTION('',(0.,1.,0.));
#2747 = ADVANCED_FACE('',(#2748),#2759,.F.);
#2748 = FACE_BOUND('',#2749,.F.);
#2749 = EDGE_LOOP('',(#2750,#2751,#2752,#2758));
#2750 = ORIENTED_EDGE('',*,*,#2719,.T.);
#2751 = ORIENTED_EDGE('',*,*,#2147,.T.);
#2752 = ORIENTED_EDGE('',*,*,#2753,.F.);
#2753 = EDGE_CURVE('',#1819,#2148,#2754,.T.);
#2754 = LINE('',#2755,#2756);
#2755 = CARTESIAN_POINT('',(1.016,-8.89,0.));
#2756 = VECTOR('',#2757,1.);
#2757 = DIRECTION('',(0.,0.,1.));
#2758 = ORIENTED_EDGE('',*,*,#1818,.F.);
#2759 = PLANE('',#2760);
#2760 = AXIS2_PLACEMENT_3D('',#2761,#2762,#2763);
#2761 = CARTESIAN_POINT('',(-1.016,-8.89,0.));
#2762 = DIRECTION('',(0.,1.,0.));
#2763 = DIRECTION('',(1.,0.,0.));
#2764 = ADVANCED_FACE('',(#2765),#2771,.F.);
#2765 = FACE_BOUND('',#2766,.F.);
#2766 = EDGE_LOOP('',(#2767,#2768,#2769,#2770));
#2767 = ORIENTED_EDGE('',*,*,#2753,.T.);
#2768 = ORIENTED_EDGE('',*,*,#2155,.T.);
#2769 = ORIENTED_EDGE('',*,*,#2734,.F.);
#2770 = ORIENTED_EDGE('',*,*,#1826,.F.);
#2771 = PLANE('',#2772);
#2772 = AXIS2_PLACEMENT_3D('',#2773,#2774,#2775);
#2773 = CARTESIAN_POINT('',(1.016,-8.89,0.));
#2774 = DIRECTION('',(-0.707106781187,0.707106781187,0.));
#2775 = DIRECTION('',(0.707106781187,0.707106781187,0.));
#2776 = ADVANCED_FACE('',(#2777),#2802,.T.);
#2777 = FACE_BOUND('',#2778,.T.);
#2778 = EDGE_LOOP('',(#2779,#2787,#2795,#2801));
#2779 = ORIENTED_EDGE('',*,*,#2780,.F.);
#2780 = EDGE_CURVE('',#2781,#1924,#2783,.T.);
#2781 = VERTEX_POINT('',#2782);
#2782 = CARTESIAN_POINT('',(0.32,-4.76,-2.84));
#2783 = LINE('',#2784,#2785);
#2784 = CARTESIAN_POINT('',(0.32,-4.76,-3.));
#2785 = VECTOR('',#2786,1.);
#2786 = DIRECTION('',(0.,0.,1.));
#2787 = ORIENTED_EDGE('',*,*,#2788,.F.);
#2788 = EDGE_CURVE('',#2789,#2781,#2791,.T.);
#2789 = VERTEX_POINT('',#2790);
#2790 = CARTESIAN_POINT('',(-0.32,-4.76,-2.84));
#2791 = LINE('',#2792,#2793);
#2792 = CARTESIAN_POINT('',(-0.32,-4.76,-2.84));
#2793 = VECTOR('',#2794,1.);
#2794 = DIRECTION('',(1.,0.,0.));
#2795 = ORIENTED_EDGE('',*,*,#2796,.T.);
#2796 = EDGE_CURVE('',#2789,#1926,#2797,.T.);
#2797 = LINE('',#2798,#2799);
#2798 = CARTESIAN_POINT('',(-0.32,-4.76,-3.));
#2799 = VECTOR('',#2800,1.);
#2800 = DIRECTION('',(0.,0.,1.));
#2801 = ORIENTED_EDGE('',*,*,#1923,.F.);
#2802 = PLANE('',#2803);
#2803 = AXIS2_PLACEMENT_3D('',#2804,#2805,#2806);
#2804 = CARTESIAN_POINT('',(-0.32,-4.76,-3.));
#2805 = DIRECTION('',(0.,1.,0.));
#2806 = DIRECTION('',(0.,-0.,1.));
#2807 = ADVANCED_FACE('',(#2808),#2826,.F.);
#2808 = FACE_BOUND('',#2809,.F.);
#2809 = EDGE_LOOP('',(#2810,#2818,#2824,#2825));
#2810 = ORIENTED_EDGE('',*,*,#2811,.F.);
#2811 = EDGE_CURVE('',#2812,#1942,#2814,.T.);
#2812 = VERTEX_POINT('',#2813);
#2813 = CARTESIAN_POINT('',(-0.32,-5.4,-2.84));
#2814 = LINE('',#2815,#2816);
#2815 = CARTESIAN_POINT('',(-0.32,-5.4,-3.));
#2816 = VECTOR('',#2817,1.);
#2817 = DIRECTION('',(0.,0.,1.));
#2818 = ORIENTED_EDGE('',*,*,#2819,.T.);
#2819 = EDGE_CURVE('',#2812,#2789,#2820,.T.);
#2820 = LINE('',#2821,#2822);
#2821 = CARTESIAN_POINT('',(-0.32,-5.4,-2.84));
#2822 = VECTOR('',#2823,1.);
#2823 = DIRECTION('',(0.,1.,0.));
#2824 = ORIENTED_EDGE('',*,*,#2796,.T.);
#2825 = ORIENTED_EDGE('',*,*,#1949,.F.);
#2826 = PLANE('',#2827);
#2827 = AXIS2_PLACEMENT_3D('',#2828,#2829,#2830);
#2828 = CARTESIAN_POINT('',(-0.32,-5.4,-3.));
#2829 = DIRECTION('',(1.,0.,0.));
#2830 = DIRECTION('',(0.,0.,1.));
#2831 = ADVANCED_FACE('',(#2832),#2850,.F.);
#2832 = FACE_BOUND('',#2833,.F.);
#2833 = EDGE_LOOP('',(#2834,#2842,#2848,#2849));
#2834 = ORIENTED_EDGE('',*,*,#2835,.F.);
#2835 = EDGE_CURVE('',#2836,#1934,#2838,.T.);
#2836 = VERTEX_POINT('',#2837);
#2837 = CARTESIAN_POINT('',(0.32,-5.4,-2.84));
#2838 = LINE('',#2839,#2840);
#2839 = CARTESIAN_POINT('',(0.32,-5.4,-3.));
#2840 = VECTOR('',#2841,1.);
#2841 = DIRECTION('',(0.,0.,1.));
#2842 = ORIENTED_EDGE('',*,*,#2843,.F.);
#2843 = EDGE_CURVE('',#2812,#2836,#2844,.T.);
#2844 = LINE('',#2845,#2846);
#2845 = CARTESIAN_POINT('',(-0.32,-5.4,-2.84));
#2846 = VECTOR('',#2847,1.);
#2847 = DIRECTION('',(1.,0.,0.));
#2848 = ORIENTED_EDGE('',*,*,#2811,.T.);
#2849 = ORIENTED_EDGE('',*,*,#1941,.F.);
#2850 = PLANE('',#2851);
#2851 = AXIS2_PLACEMENT_3D('',#2852,#2853,#2854);
#2852 = CARTESIAN_POINT('',(-0.32,-5.4,-3.));
#2853 = DIRECTION('',(0.,1.,0.));
#2854 = DIRECTION('',(0.,-0.,1.));
#2855 = ADVANCED_FACE('',(#2856),#2867,.T.);
#2856 = FACE_BOUND('',#2857,.T.);
#2857 = EDGE_LOOP('',(#2858,#2859,#2865,#2866));
#2858 = ORIENTED_EDGE('',*,*,#2835,.F.);
#2859 = ORIENTED_EDGE('',*,*,#2860,.T.);
#2860 = EDGE_CURVE('',#2836,#2781,#2861,.T.);
#2861 = LINE('',#2862,#2863);
#2862 = CARTESIAN_POINT('',(0.32,-5.4,-2.84));
#2863 = VECTOR('',#2864,1.);
#2864 = DIRECTION('',(0.,1.,0.));
#2865 = ORIENTED_EDGE('',*,*,#2780,.T.);
#2866 = ORIENTED_EDGE('',*,*,#1933,.F.);
#2867 = PLANE('',#2868);
#2868 = AXIS2_PLACEMENT_3D('',#2869,#2870,#2871);
#2869 = CARTESIAN_POINT('',(0.32,-5.4,-3.));
#2870 = DIRECTION('',(1.,0.,0.));
#2871 = DIRECTION('',(0.,0.,1.));
#2872 = ADVANCED_FACE('',(#2873),#2898,.T.);
#2873 = FACE_BOUND('',#2874,.T.);
#2874 = EDGE_LOOP('',(#2875,#2883,#2891,#2897));
#2875 = ORIENTED_EDGE('',*,*,#2876,.F.);
#2876 = EDGE_CURVE('',#2877,#1958,#2879,.T.);
#2877 = VERTEX_POINT('',#2878);
#2878 = CARTESIAN_POINT('',(0.32,-7.94,-2.84));
#2879 = LINE('',#2880,#2881);
#2880 = CARTESIAN_POINT('',(0.32,-7.94,-3.));
#2881 = VECTOR('',#2882,1.);
#2882 = DIRECTION('',(0.,0.,1.));
#2883 = ORIENTED_EDGE('',*,*,#2884,.T.);
#2884 = EDGE_CURVE('',#2877,#2885,#2887,.T.);
#2885 = VERTEX_POINT('',#2886);
#2886 = CARTESIAN_POINT('',(0.32,-7.3,-2.84));
#2887 = LINE('',#2888,#2889);
#2888 = CARTESIAN_POINT('',(0.32,-7.94,-2.84));
#2889 = VECTOR('',#2890,1.);
#2890 = DIRECTION('',(0.,1.,0.));
#2891 = ORIENTED_EDGE('',*,*,#2892,.T.);
#2892 = EDGE_CURVE('',#2885,#1960,#2893,.T.);
#2893 = LINE('',#2894,#2895);
#2894 = CARTESIAN_POINT('',(0.32,-7.3,-3.));
#2895 = VECTOR('',#2896,1.);
#2896 = DIRECTION('',(0.,0.,1.));
#2897 = ORIENTED_EDGE('',*,*,#1957,.F.);
#2898 = PLANE('',#2899);
#2899 = AXIS2_PLACEMENT_3D('',#2900,#2901,#2902);
#2900 = CARTESIAN_POINT('',(0.32,-7.94,-3.));
#2901 = DIRECTION('',(1.,0.,0.));
#2902 = DIRECTION('',(0.,0.,1.));
#2903 = ADVANCED_FACE('',(#2904),#2922,.T.);
#2904 = FACE_BOUND('',#2905,.T.);
#2905 = EDGE_LOOP('',(#2906,#2907,#2915,#2921));
#2906 = ORIENTED_EDGE('',*,*,#2892,.F.);
#2907 = ORIENTED_EDGE('',*,*,#2908,.F.);
#2908 = EDGE_CURVE('',#2909,#2885,#2911,.T.);
#2909 = VERTEX_POINT('',#2910);
#2910 = CARTESIAN_POINT('',(-0.32,-7.3,-2.84));
#2911 = LINE('',#2912,#2913);
#2912 = CARTESIAN_POINT('',(-0.32,-7.3,-2.84));
#2913 = VECTOR('',#2914,1.);
#2914 = DIRECTION('',(1.,0.,0.));
#2915 = ORIENTED_EDGE('',*,*,#2916,.T.);
#2916 = EDGE_CURVE('',#2909,#1976,#2917,.T.);
#2917 = LINE('',#2918,#2919);
#2918 = CARTESIAN_POINT('',(-0.32,-7.3,-3.));
#2919 = VECTOR('',#2920,1.);
#2920 = DIRECTION('',(0.,0.,1.));
#2921 = ORIENTED_EDGE('',*,*,#1983,.F.);
#2922 = PLANE('',#2923);
#2923 = AXIS2_PLACEMENT_3D('',#2924,#2925,#2926);
#2924 = CARTESIAN_POINT('',(-0.32,-7.3,-3.));
#2925 = DIRECTION('',(0.,1.,0.));
#2926 = DIRECTION('',(0.,-0.,1.));
#2927 = ADVANCED_FACE('',(#2928),#2946,.F.);
#2928 = FACE_BOUND('',#2929,.F.);
#2929 = EDGE_LOOP('',(#2930,#2938,#2944,#2945));
#2930 = ORIENTED_EDGE('',*,*,#2931,.F.);
#2931 = EDGE_CURVE('',#2932,#1968,#2934,.T.);
#2932 = VERTEX_POINT('',#2933);
#2933 = CARTESIAN_POINT('',(-0.32,-7.94,-2.84));
#2934 = LINE('',#2935,#2936);
#2935 = CARTESIAN_POINT('',(-0.32,-7.94,-3.));
#2936 = VECTOR('',#2937,1.);
#2937 = DIRECTION('',(0.,0.,1.));
#2938 = ORIENTED_EDGE('',*,*,#2939,.T.);
#2939 = EDGE_CURVE('',#2932,#2909,#2940,.T.);
#2940 = LINE('',#2941,#2942);
#2941 = CARTESIAN_POINT('',(-0.32,-7.94,-2.84));
#2942 = VECTOR('',#2943,1.);
#2943 = DIRECTION('',(0.,1.,0.));
#2944 = ORIENTED_EDGE('',*,*,#2916,.T.);
#2945 = ORIENTED_EDGE('',*,*,#1975,.F.);
#2946 = PLANE('',#2947);
#2947 = AXIS2_PLACEMENT_3D('',#2948,#2949,#2950);
#2948 = CARTESIAN_POINT('',(-0.32,-7.94,-3.));
#2949 = DIRECTION('',(1.,0.,0.));
#2950 = DIRECTION('',(0.,0.,1.));
#2951 = ADVANCED_FACE('',(#2952),#2963,.F.);
#2952 = FACE_BOUND('',#2953,.F.);
#2953 = EDGE_LOOP('',(#2954,#2955,#2961,#2962));
#2954 = ORIENTED_EDGE('',*,*,#2876,.F.);
#2955 = ORIENTED_EDGE('',*,*,#2956,.F.);
#2956 = EDGE_CURVE('',#2932,#2877,#2957,.T.);
#2957 = LINE('',#2958,#2959);
#2958 = CARTESIAN_POINT('',(-0.32,-7.94,-2.84));
#2959 = VECTOR('',#2960,1.);
#2960 = DIRECTION('',(1.,0.,0.));
#2961 = ORIENTED_EDGE('',*,*,#2931,.T.);
#2962 = ORIENTED_EDGE('',*,*,#1967,.F.);
#2963 = PLANE('',#2964);
#2964 = AXIS2_PLACEMENT_3D('',#2965,#2966,#2967);
#2965 = CARTESIAN_POINT('',(-0.32,-7.94,-3.));
#2966 = DIRECTION('',(0.,1.,0.));
#2967 = DIRECTION('',(0.,-0.,1.));
#2968 = ADVANCED_FACE('',(#2969),#2994,.T.);
#2969 = FACE_BOUND('',#2970,.T.);
#2970 = EDGE_LOOP('',(#2971,#2979,#2987,#2993));
#2971 = ORIENTED_EDGE('',*,*,#2972,.F.);
#2972 = EDGE_CURVE('',#2973,#1992,#2975,.T.);
#2973 = VERTEX_POINT('',#2974);
#2974 = CARTESIAN_POINT('',(0.32,-0.32,-2.84));
#2975 = LINE('',#2976,#2977);
#2976 = CARTESIAN_POINT('',(0.32,-0.32,-3.));
#2977 = VECTOR('',#2978,1.);
#2978 = DIRECTION('',(0.,0.,1.));
#2979 = ORIENTED_EDGE('',*,*,#2980,.T.);
#2980 = EDGE_CURVE('',#2973,#2981,#2983,.T.);
#2981 = VERTEX_POINT('',#2982);
#2982 = CARTESIAN_POINT('',(0.32,0.32,-2.84));
#2983 = LINE('',#2984,#2985);
#2984 = CARTESIAN_POINT('',(0.32,-0.32,-2.84));
#2985 = VECTOR('',#2986,1.);
#2986 = DIRECTION('',(0.,1.,0.));
#2987 = ORIENTED_EDGE('',*,*,#2988,.T.);
#2988 = EDGE_CURVE('',#2981,#1994,#2989,.T.);
#2989 = LINE('',#2990,#2991);
#2990 = CARTESIAN_POINT('',(0.32,0.32,-3.));
#2991 = VECTOR('',#2992,1.);
#2992 = DIRECTION('',(0.,0.,1.));
#2993 = ORIENTED_EDGE('',*,*,#1991,.F.);
#2994 = PLANE('',#2995);
#2995 = AXIS2_PLACEMENT_3D('',#2996,#2997,#2998);
#2996 = CARTESIAN_POINT('',(0.32,-0.32,-3.));
#2997 = DIRECTION('',(1.,0.,0.));
#2998 = DIRECTION('',(0.,0.,1.));
#2999 = ADVANCED_FACE('',(#3000),#3018,.T.);
#3000 = FACE_BOUND('',#3001,.T.);
#3001 = EDGE_LOOP('',(#3002,#3003,#3011,#3017));
#3002 = ORIENTED_EDGE('',*,*,#2988,.F.);
#3003 = ORIENTED_EDGE('',*,*,#3004,.F.);
#3004 = EDGE_CURVE('',#3005,#2981,#3007,.T.);
#3005 = VERTEX_POINT('',#3006);
#3006 = CARTESIAN_POINT('',(-0.32,0.32,-2.84));
#3007 = LINE('',#3008,#3009);
#3008 = CARTESIAN_POINT('',(-0.32,0.32,-2.84));
#3009 = VECTOR('',#3010,1.);
#3010 = DIRECTION('',(1.,0.,0.));
#3011 = ORIENTED_EDGE('',*,*,#3012,.T.);
#3012 = EDGE_CURVE('',#3005,#2010,#3013,.T.);
#3013 = LINE('',#3014,#3015);
#3014 = CARTESIAN_POINT('',(-0.32,0.32,-3.));
#3015 = VECTOR('',#3016,1.);
#3016 = DIRECTION('',(0.,0.,1.));
#3017 = ORIENTED_EDGE('',*,*,#2017,.F.);
#3018 = PLANE('',#3019);
#3019 = AXIS2_PLACEMENT_3D('',#3020,#3021,#3022);
#3020 = CARTESIAN_POINT('',(-0.32,0.32,-3.));
#3021 = DIRECTION('',(0.,1.,0.));
#3022 = DIRECTION('',(0.,-0.,1.));
#3023 = ADVANCED_FACE('',(#3024),#3042,.F.);
#3024 = FACE_BOUND('',#3025,.F.);
#3025 = EDGE_LOOP('',(#3026,#3034,#3040,#3041));
#3026 = ORIENTED_EDGE('',*,*,#3027,.F.);
#3027 = EDGE_CURVE('',#3028,#2002,#3030,.T.);
#3028 = VERTEX_POINT('',#3029);
#3029 = CARTESIAN_POINT('',(-0.32,-0.32,-2.84));
#3030 = LINE('',#3031,#3032);
#3031 = CARTESIAN_POINT('',(-0.32,-0.32,-3.));
#3032 = VECTOR('',#3033,1.);
#3033 = DIRECTION('',(0.,0.,1.));
#3034 = ORIENTED_EDGE('',*,*,#3035,.T.);
#3035 = EDGE_CURVE('',#3028,#3005,#3036,.T.);
#3036 = LINE('',#3037,#3038);
#3037 = CARTESIAN_POINT('',(-0.32,-0.32,-2.84));
#3038 = VECTOR('',#3039,1.);
#3039 = DIRECTION('',(0.,1.,0.));
#3040 = ORIENTED_EDGE('',*,*,#3012,.T.);
#3041 = ORIENTED_EDGE('',*,*,#2009,.F.);
#3042 = PLANE('',#3043);
#3043 = AXIS2_PLACEMENT_3D('',#3044,#3045,#3046);
#3044 = CARTESIAN_POINT('',(-0.32,-0.32,-3.));
#3045 = DIRECTION('',(1.,0.,0.));
#3046 = DIRECTION('',(0.,0.,1.));
#3047 = ADVANCED_FACE('',(#3048),#3059,.F.);
#3048 = FACE_BOUND('',#3049,.F.);
#3049 = EDGE_LOOP('',(#3050,#3051,#3057,#3058));
#3050 = ORIENTED_EDGE('',*,*,#2972,.F.);
#3051 = ORIENTED_EDGE('',*,*,#3052,.F.);
#3052 = EDGE_CURVE('',#3028,#2973,#3053,.T.);
#3053 = LINE('',#3054,#3055);
#3054 = CARTESIAN_POINT('',(-0.32,-0.32,-2.84));
#3055 = VECTOR('',#3056,1.);
#3056 = DIRECTION('',(1.,0.,0.));
#3057 = ORIENTED_EDGE('',*,*,#3027,.T.);
#3058 = ORIENTED_EDGE('',*,*,#2001,.F.);
#3059 = PLANE('',#3060);
#3060 = AXIS2_PLACEMENT_3D('',#3061,#3062,#3063);
#3061 = CARTESIAN_POINT('',(-0.32,-0.32,-3.));
#3062 = DIRECTION('',(0.,1.,0.));
#3063 = DIRECTION('',(0.,-0.,1.));
#3064 = ADVANCED_FACE('',(#3065),#3090,.T.);
#3065 = FACE_BOUND('',#3066,.T.);
#3066 = EDGE_LOOP('',(#3067,#3075,#3083,#3089));
#3067 = ORIENTED_EDGE('',*,*,#3068,.F.);
#3068 = EDGE_CURVE('',#3069,#2026,#3071,.T.);
#3069 = VERTEX_POINT('',#3070);
#3070 = CARTESIAN_POINT('',(0.32,-2.22,-2.84));
#3071 = LINE('',#3072,#3073);
#3072 = CARTESIAN_POINT('',(0.32,-2.22,-3.));
#3073 = VECTOR('',#3074,1.);
#3074 = DIRECTION('',(0.,0.,1.));
#3075 = ORIENTED_EDGE('',*,*,#3076,.F.);
#3076 = EDGE_CURVE('',#3077,#3069,#3079,.T.);
#3077 = VERTEX_POINT('',#3078);
#3078 = CARTESIAN_POINT('',(-0.32,-2.22,-2.84));
#3079 = LINE('',#3080,#3081);
#3080 = CARTESIAN_POINT('',(-0.32,-2.22,-2.84));
#3081 = VECTOR('',#3082,1.);
#3082 = DIRECTION('',(1.,0.,0.));
#3083 = ORIENTED_EDGE('',*,*,#3084,.T.);
#3084 = EDGE_CURVE('',#3077,#2028,#3085,.T.);
#3085 = LINE('',#3086,#3087);
#3086 = CARTESIAN_POINT('',(-0.32,-2.22,-3.));
#3087 = VECTOR('',#3088,1.);
#3088 = DIRECTION('',(0.,0.,1.));
#3089 = ORIENTED_EDGE('',*,*,#2025,.F.);
#3090 = PLANE('',#3091);
#3091 = AXIS2_PLACEMENT_3D('',#3092,#3093,#3094);
#3092 = CARTESIAN_POINT('',(-0.32,-2.22,-3.));
#3093 = DIRECTION('',(0.,1.,0.));
#3094 = DIRECTION('',(0.,-0.,1.));
#3095 = ADVANCED_FACE('',(#3096),#3114,.F.);
#3096 = FACE_BOUND('',#3097,.F.);
#3097 = EDGE_LOOP('',(#3098,#3106,#3112,#3113));
#3098 = ORIENTED_EDGE('',*,*,#3099,.F.);
#3099 = EDGE_CURVE('',#3100,#2044,#3102,.T.);
#3100 = VERTEX_POINT('',#3101);
#3101 = CARTESIAN_POINT('',(-0.32,-2.86,-2.84));
#3102 = LINE('',#3103,#3104);
#3103 = CARTESIAN_POINT('',(-0.32,-2.86,-3.));
#3104 = VECTOR('',#3105,1.);
#3105 = DIRECTION('',(0.,0.,1.));
#3106 = ORIENTED_EDGE('',*,*,#3107,.T.);
#3107 = EDGE_CURVE('',#3100,#3077,#3108,.T.);
#3108 = LINE('',#3109,#3110);
#3109 = CARTESIAN_POINT('',(-0.32,-2.86,-2.84));
#3110 = VECTOR('',#3111,1.);
#3111 = DIRECTION('',(0.,1.,0.));
#3112 = ORIENTED_EDGE('',*,*,#3084,.T.);
#3113 = ORIENTED_EDGE('',*,*,#2051,.F.);
#3114 = PLANE('',#3115);
#3115 = AXIS2_PLACEMENT_3D('',#3116,#3117,#3118);
#3116 = CARTESIAN_POINT('',(-0.32,-2.86,-3.));
#3117 = DIRECTION('',(1.,0.,0.));
#3118 = DIRECTION('',(0.,0.,1.));
#3119 = ADVANCED_FACE('',(#3120),#3138,.F.);
#3120 = FACE_BOUND('',#3121,.F.);
#3121 = EDGE_LOOP('',(#3122,#3130,#3136,#3137));
#3122 = ORIENTED_EDGE('',*,*,#3123,.F.);
#3123 = EDGE_CURVE('',#3124,#2036,#3126,.T.);
#3124 = VERTEX_POINT('',#3125);
#3125 = CARTESIAN_POINT('',(0.32,-2.86,-2.84));
#3126 = LINE('',#3127,#3128);
#3127 = CARTESIAN_POINT('',(0.32,-2.86,-3.));
#3128 = VECTOR('',#3129,1.);
#3129 = DIRECTION('',(0.,0.,1.));
#3130 = ORIENTED_EDGE('',*,*,#3131,.F.);
#3131 = EDGE_CURVE('',#3100,#3124,#3132,.T.);
#3132 = LINE('',#3133,#3134);
#3133 = CARTESIAN_POINT('',(-0.32,-2.86,-2.84));
#3134 = VECTOR('',#3135,1.);
#3135 = DIRECTION('',(1.,0.,0.));
#3136 = ORIENTED_EDGE('',*,*,#3099,.T.);
#3137 = ORIENTED_EDGE('',*,*,#2043,.F.);
#3138 = PLANE('',#3139);
#3139 = AXIS2_PLACEMENT_3D('',#3140,#3141,#3142);
#3140 = CARTESIAN_POINT('',(-0.32,-2.86,-3.));
#3141 = DIRECTION('',(0.,1.,0.));
#3142 = DIRECTION('',(0.,-0.,1.));
#3143 = ADVANCED_FACE('',(#3144),#3155,.T.);
#3144 = FACE_BOUND('',#3145,.T.);
#3145 = EDGE_LOOP('',(#3146,#3147,#3153,#3154));
#3146 = ORIENTED_EDGE('',*,*,#3123,.F.);
#3147 = ORIENTED_EDGE('',*,*,#3148,.T.);
#3148 = EDGE_CURVE('',#3124,#3069,#3149,.T.);
#3149 = LINE('',#3150,#3151);
#3150 = CARTESIAN_POINT('',(0.32,-2.86,-2.84));
#3151 = VECTOR('',#3152,1.);
#3152 = DIRECTION('',(0.,1.,0.));
#3153 = ORIENTED_EDGE('',*,*,#3068,.T.);
#3154 = ORIENTED_EDGE('',*,*,#2035,.F.);
#3155 = PLANE('',#3156);
#3156 = AXIS2_PLACEMENT_3D('',#3157,#3158,#3159);
#3157 = CARTESIAN_POINT('',(0.32,-2.86,-3.));
#3158 = DIRECTION('',(1.,0.,0.));
#3159 = DIRECTION('',(0.,0.,1.));
#3160 = ADVANCED_FACE('',(#3161),#3186,.T.);
#3161 = FACE_BOUND('',#3162,.T.);
#3162 = EDGE_LOOP('',(#3163,#3171,#3172,#3180));
#3163 = ORIENTED_EDGE('',*,*,#3164,.F.);
#3164 = EDGE_CURVE('',#2253,#3165,#3167,.T.);
#3165 = VERTEX_POINT('',#3166);
#3166 = CARTESIAN_POINT('',(0.32,-4.76,8.38));
#3167 = LINE('',#3168,#3169);
#3168 = CARTESIAN_POINT('',(0.32,-4.76,-3.));
#3169 = VECTOR('',#3170,1.);
#3170 = DIRECTION('',(0.,0.,1.));
#3171 = ORIENTED_EDGE('',*,*,#2252,.T.);
#3172 = ORIENTED_EDGE('',*,*,#3173,.T.);
#3173 = EDGE_CURVE('',#2255,#3174,#3176,.T.);
#3174 = VERTEX_POINT('',#3175);
#3175 = CARTESIAN_POINT('',(-0.32,-4.76,8.38));
#3176 = LINE('',#3177,#3178);
#3177 = CARTESIAN_POINT('',(-0.32,-4.76,-3.));
#3178 = VECTOR('',#3179,1.);
#3179 = DIRECTION('',(0.,0.,1.));
#3180 = ORIENTED_EDGE('',*,*,#3181,.T.);
#3181 = EDGE_CURVE('',#3174,#3165,#3182,.T.);
#3182 = LINE('',#3183,#3184);
#3183 = CARTESIAN_POINT('',(-0.32,-4.76,8.38));
#3184 = VECTOR('',#3185,1.);
#3185 = DIRECTION('',(1.,0.,0.));
#3186 = PLANE('',#3187);
#3187 = AXIS2_PLACEMENT_3D('',#3188,#3189,#3190);
#3188 = CARTESIAN_POINT('',(-0.32,-4.76,-3.));
#3189 = DIRECTION('',(0.,1.,0.));
#3190 = DIRECTION('',(0.,-0.,1.));
#3191 = ADVANCED_FACE('',(#3192),#3210,.F.);
#3192 = FACE_BOUND('',#3193,.F.);
#3193 = EDGE_LOOP('',(#3194,#3202,#3203,#3204));
#3194 = ORIENTED_EDGE('',*,*,#3195,.F.);
#3195 = EDGE_CURVE('',#2271,#3196,#3198,.T.);
#3196 = VERTEX_POINT('',#3197);
#3197 = CARTESIAN_POINT('',(-0.32,-5.4,8.38));
#3198 = LINE('',#3199,#3200);
#3199 = CARTESIAN_POINT('',(-0.32,-5.4,-3.));
#3200 = VECTOR('',#3201,1.);
#3201 = DIRECTION('',(0.,0.,1.));
#3202 = ORIENTED_EDGE('',*,*,#2278,.T.);
#3203 = ORIENTED_EDGE('',*,*,#3173,.T.);
#3204 = ORIENTED_EDGE('',*,*,#3205,.F.);
#3205 = EDGE_CURVE('',#3196,#3174,#3206,.T.);
#3206 = LINE('',#3207,#3208);
#3207 = CARTESIAN_POINT('',(-0.32,-5.4,8.38));
#3208 = VECTOR('',#3209,1.);
#3209 = DIRECTION('',(0.,1.,0.));
#3210 = PLANE('',#3211);
#3211 = AXIS2_PLACEMENT_3D('',#3212,#3213,#3214);
#3212 = CARTESIAN_POINT('',(-0.32,-5.4,-3.));
#3213 = DIRECTION('',(1.,0.,0.));
#3214 = DIRECTION('',(0.,0.,1.));
#3215 = ADVANCED_FACE('',(#3216),#3234,.F.);
#3216 = FACE_BOUND('',#3217,.F.);
#3217 = EDGE_LOOP('',(#3218,#3226,#3227,#3228));
#3218 = ORIENTED_EDGE('',*,*,#3219,.F.);
#3219 = EDGE_CURVE('',#2263,#3220,#3222,.T.);
#3220 = VERTEX_POINT('',#3221);
#3221 = CARTESIAN_POINT('',(0.32,-5.4,8.38));
#3222 = LINE('',#3223,#3224);
#3223 = CARTESIAN_POINT('',(0.32,-5.4,-3.));
#3224 = VECTOR('',#3225,1.);
#3225 = DIRECTION('',(0.,0.,1.));
#3226 = ORIENTED_EDGE('',*,*,#2270,.T.);
#3227 = ORIENTED_EDGE('',*,*,#3195,.T.);
#3228 = ORIENTED_EDGE('',*,*,#3229,.T.);
#3229 = EDGE_CURVE('',#3196,#3220,#3230,.T.);
#3230 = LINE('',#3231,#3232);
#3231 = CARTESIAN_POINT('',(-0.32,-5.4,8.38));
#3232 = VECTOR('',#3233,1.);
#3233 = DIRECTION('',(1.,0.,0.));
#3234 = PLANE('',#3235);
#3235 = AXIS2_PLACEMENT_3D('',#3236,#3237,#3238);
#3236 = CARTESIAN_POINT('',(-0.32,-5.4,-3.));
#3237 = DIRECTION('',(0.,1.,0.));
#3238 = DIRECTION('',(0.,-0.,1.));
#3239 = ADVANCED_FACE('',(#3240),#3251,.T.);
#3240 = FACE_BOUND('',#3241,.T.);
#3241 = EDGE_LOOP('',(#3242,#3243,#3244,#3245));
#3242 = ORIENTED_EDGE('',*,*,#3219,.F.);
#3243 = ORIENTED_EDGE('',*,*,#2262,.T.);
#3244 = ORIENTED_EDGE('',*,*,#3164,.T.);
#3245 = ORIENTED_EDGE('',*,*,#3246,.F.);
#3246 = EDGE_CURVE('',#3220,#3165,#3247,.T.);
#3247 = LINE('',#3248,#3249);
#3248 = CARTESIAN_POINT('',(0.32,-5.4,8.38));
#3249 = VECTOR('',#3250,1.);
#3250 = DIRECTION('',(0.,1.,0.));
#3251 = PLANE('',#3252);
#3252 = AXIS2_PLACEMENT_3D('',#3253,#3254,#3255);
#3253 = CARTESIAN_POINT('',(0.32,-5.4,-3.));
#3254 = DIRECTION('',(1.,0.,0.));
#3255 = DIRECTION('',(0.,0.,1.));
#3256 = ADVANCED_FACE('',(#3257),#3282,.T.);
#3257 = FACE_BOUND('',#3258,.T.);
#3258 = EDGE_LOOP('',(#3259,#3267,#3268,#3276));
#3259 = ORIENTED_EDGE('',*,*,#3260,.F.);
#3260 = EDGE_CURVE('',#2287,#3261,#3263,.T.);
#3261 = VERTEX_POINT('',#3262);
#3262 = CARTESIAN_POINT('',(0.32,-7.94,8.38));
#3263 = LINE('',#3264,#3265);
#3264 = CARTESIAN_POINT('',(0.32,-7.94,-3.));
#3265 = VECTOR('',#3266,1.);
#3266 = DIRECTION('',(0.,0.,1.));
#3267 = ORIENTED_EDGE('',*,*,#2286,.T.);
#3268 = ORIENTED_EDGE('',*,*,#3269,.T.);
#3269 = EDGE_CURVE('',#2289,#3270,#3272,.T.);
#3270 = VERTEX_POINT('',#3271);
#3271 = CARTESIAN_POINT('',(0.32,-7.3,8.38));
#3272 = LINE('',#3273,#3274);
#3273 = CARTESIAN_POINT('',(0.32,-7.3,-3.));
#3274 = VECTOR('',#3275,1.);
#3275 = DIRECTION('',(0.,0.,1.));
#3276 = ORIENTED_EDGE('',*,*,#3277,.F.);
#3277 = EDGE_CURVE('',#3261,#3270,#3278,.T.);
#3278 = LINE('',#3279,#3280);
#3279 = CARTESIAN_POINT('',(0.32,-7.94,8.38));
#3280 = VECTOR('',#3281,1.);
#3281 = DIRECTION('',(0.,1.,0.));
#3282 = PLANE('',#3283);
#3283 = AXIS2_PLACEMENT_3D('',#3284,#3285,#3286);
#3284 = CARTESIAN_POINT('',(0.32,-7.94,-3.));
#3285 = DIRECTION('',(1.,0.,0.));
#3286 = DIRECTION('',(0.,0.,1.));
#3287 = ADVANCED_FACE('',(#3288),#3306,.T.);
#3288 = FACE_BOUND('',#3289,.T.);
#3289 = EDGE_LOOP('',(#3290,#3291,#3292,#3300));
#3290 = ORIENTED_EDGE('',*,*,#3269,.F.);
#3291 = ORIENTED_EDGE('',*,*,#2312,.T.);
#3292 = ORIENTED_EDGE('',*,*,#3293,.T.);
#3293 = EDGE_CURVE('',#2305,#3294,#3296,.T.);
#3294 = VERTEX_POINT('',#3295);
#3295 = CARTESIAN_POINT('',(-0.32,-7.3,8.38));
#3296 = LINE('',#3297,#3298);
#3297 = CARTESIAN_POINT('',(-0.32,-7.3,-3.));
#3298 = VECTOR('',#3299,1.);
#3299 = DIRECTION('',(0.,0.,1.));
#3300 = ORIENTED_EDGE('',*,*,#3301,.T.);
#3301 = EDGE_CURVE('',#3294,#3270,#3302,.T.);
#3302 = LINE('',#3303,#3304);
#3303 = CARTESIAN_POINT('',(-0.32,-7.3,8.38));
#3304 = VECTOR('',#3305,1.);
#3305 = DIRECTION('',(1.,0.,0.));
#3306 = PLANE('',#3307);
#3307 = AXIS2_PLACEMENT_3D('',#3308,#3309,#3310);
#3308 = CARTESIAN_POINT('',(-0.32,-7.3,-3.));
#3309 = DIRECTION('',(0.,1.,0.));
#3310 = DIRECTION('',(0.,-0.,1.));
#3311 = ADVANCED_FACE('',(#3312),#3330,.F.);
#3312 = FACE_BOUND('',#3313,.F.);
#3313 = EDGE_LOOP('',(#3314,#3322,#3323,#3324));
#3314 = ORIENTED_EDGE('',*,*,#3315,.F.);
#3315 = EDGE_CURVE('',#2297,#3316,#3318,.T.);
#3316 = VERTEX_POINT('',#3317);
#3317 = CARTESIAN_POINT('',(-0.32,-7.94,8.38));
#3318 = LINE('',#3319,#3320);
#3319 = CARTESIAN_POINT('',(-0.32,-7.94,-3.));
#3320 = VECTOR('',#3321,1.);
#3321 = DIRECTION('',(0.,0.,1.));
#3322 = ORIENTED_EDGE('',*,*,#2304,.T.);
#3323 = ORIENTED_EDGE('',*,*,#3293,.T.);
#3324 = ORIENTED_EDGE('',*,*,#3325,.F.);
#3325 = EDGE_CURVE('',#3316,#3294,#3326,.T.);
#3326 = LINE('',#3327,#3328);
#3327 = CARTESIAN_POINT('',(-0.32,-7.94,8.38));
#3328 = VECTOR('',#3329,1.);
#3329 = DIRECTION('',(0.,1.,0.));
#3330 = PLANE('',#3331);
#3331 = AXIS2_PLACEMENT_3D('',#3332,#3333,#3334);
#3332 = CARTESIAN_POINT('',(-0.32,-7.94,-3.));
#3333 = DIRECTION('',(1.,0.,0.));
#3334 = DIRECTION('',(0.,0.,1.));
#3335 = ADVANCED_FACE('',(#3336),#3347,.F.);
#3336 = FACE_BOUND('',#3337,.F.);
#3337 = EDGE_LOOP('',(#3338,#3339,#3340,#3341));
#3338 = ORIENTED_EDGE('',*,*,#3260,.F.);
#3339 = ORIENTED_EDGE('',*,*,#2296,.T.);
#3340 = ORIENTED_EDGE('',*,*,#3315,.T.);
#3341 = ORIENTED_EDGE('',*,*,#3342,.T.);
#3342 = EDGE_CURVE('',#3316,#3261,#3343,.T.);
#3343 = LINE('',#3344,#3345);
#3344 = CARTESIAN_POINT('',(-0.32,-7.94,8.38));
#3345 = VECTOR('',#3346,1.);
#3346 = DIRECTION('',(1.,0.,0.));
#3347 = PLANE('',#3348);
#3348 = AXIS2_PLACEMENT_3D('',#3349,#3350,#3351);
#3349 = CARTESIAN_POINT('',(-0.32,-7.94,-3.));
#3350 = DIRECTION('',(0.,1.,0.));
#3351 = DIRECTION('',(0.,-0.,1.));
#3352 = ADVANCED_FACE('',(#3353),#3378,.T.);
#3353 = FACE_BOUND('',#3354,.T.);
#3354 = EDGE_LOOP('',(#3355,#3363,#3364,#3372));
#3355 = ORIENTED_EDGE('',*,*,#3356,.F.);
#3356 = EDGE_CURVE('',#2321,#3357,#3359,.T.);
#3357 = VERTEX_POINT('',#3358);
#3358 = CARTESIAN_POINT('',(0.32,-0.32,8.38));
#3359 = LINE('',#3360,#3361);
#3360 = CARTESIAN_POINT('',(0.32,-0.32,-3.));
#3361 = VECTOR('',#3362,1.);
#3362 = DIRECTION('',(0.,0.,1.));
#3363 = ORIENTED_EDGE('',*,*,#2320,.T.);
#3364 = ORIENTED_EDGE('',*,*,#3365,.T.);
#3365 = EDGE_CURVE('',#2323,#3366,#3368,.T.);
#3366 = VERTEX_POINT('',#3367);
#3367 = CARTESIAN_POINT('',(0.32,0.32,8.38));
#3368 = LINE('',#3369,#3370);
#3369 = CARTESIAN_POINT('',(0.32,0.32,-3.));
#3370 = VECTOR('',#3371,1.);
#3371 = DIRECTION('',(0.,0.,1.));
#3372 = ORIENTED_EDGE('',*,*,#3373,.F.);
#3373 = EDGE_CURVE('',#3357,#3366,#3374,.T.);
#3374 = LINE('',#3375,#3376);
#3375 = CARTESIAN_POINT('',(0.32,-0.32,8.38));
#3376 = VECTOR('',#3377,1.);
#3377 = DIRECTION('',(0.,1.,0.));
#3378 = PLANE('',#3379);
#3379 = AXIS2_PLACEMENT_3D('',#3380,#3381,#3382);
#3380 = CARTESIAN_POINT('',(0.32,-0.32,-3.));
#3381 = DIRECTION('',(1.,0.,0.));
#3382 = DIRECTION('',(0.,0.,1.));
#3383 = ADVANCED_FACE('',(#3384),#3402,.T.);
#3384 = FACE_BOUND('',#3385,.T.);
#3385 = EDGE_LOOP('',(#3386,#3387,#3388,#3396));
#3386 = ORIENTED_EDGE('',*,*,#3365,.F.);
#3387 = ORIENTED_EDGE('',*,*,#2346,.T.);
#3388 = ORIENTED_EDGE('',*,*,#3389,.T.);
#3389 = EDGE_CURVE('',#2339,#3390,#3392,.T.);
#3390 = VERTEX_POINT('',#3391);
#3391 = CARTESIAN_POINT('',(-0.32,0.32,8.38));
#3392 = LINE('',#3393,#3394);
#3393 = CARTESIAN_POINT('',(-0.32,0.32,-3.));
#3394 = VECTOR('',#3395,1.);
#3395 = DIRECTION('',(0.,0.,1.));
#3396 = ORIENTED_EDGE('',*,*,#3397,.T.);
#3397 = EDGE_CURVE('',#3390,#3366,#3398,.T.);
#3398 = LINE('',#3399,#3400);
#3399 = CARTESIAN_POINT('',(-0.32,0.32,8.38));
#3400 = VECTOR('',#3401,1.);
#3401 = DIRECTION('',(1.,0.,0.));
#3402 = PLANE('',#3403);
#3403 = AXIS2_PLACEMENT_3D('',#3404,#3405,#3406);
#3404 = CARTESIAN_POINT('',(-0.32,0.32,-3.));
#3405 = DIRECTION('',(0.,1.,0.));
#3406 = DIRECTION('',(0.,-0.,1.));
#3407 = ADVANCED_FACE('',(#3408),#3426,.F.);
#3408 = FACE_BOUND('',#3409,.F.);
#3409 = EDGE_LOOP('',(#3410,#3418,#3419,#3420));
#3410 = ORIENTED_EDGE('',*,*,#3411,.F.);
#3411 = EDGE_CURVE('',#2331,#3412,#3414,.T.);
#3412 = VERTEX_POINT('',#3413);
#3413 = CARTESIAN_POINT('',(-0.32,-0.32,8.38));
#3414 = LINE('',#3415,#3416);
#3415 = CARTESIAN_POINT('',(-0.32,-0.32,-3.));
#3416 = VECTOR('',#3417,1.);
#3417 = DIRECTION('',(0.,0.,1.));
#3418 = ORIENTED_EDGE('',*,*,#2338,.T.);
#3419 = ORIENTED_EDGE('',*,*,#3389,.T.);
#3420 = ORIENTED_EDGE('',*,*,#3421,.F.);
#3421 = EDGE_CURVE('',#3412,#3390,#3422,.T.);
#3422 = LINE('',#3423,#3424);
#3423 = CARTESIAN_POINT('',(-0.32,-0.32,8.38));
#3424 = VECTOR('',#3425,1.);
#3425 = DIRECTION('',(0.,1.,0.));
#3426 = PLANE('',#3427);
#3427 = AXIS2_PLACEMENT_3D('',#3428,#3429,#3430);
#3428 = CARTESIAN_POINT('',(-0.32,-0.32,-3.));
#3429 = DIRECTION('',(1.,0.,0.));
#3430 = DIRECTION('',(0.,0.,1.));
#3431 = ADVANCED_FACE('',(#3432),#3443,.F.);
#3432 = FACE_BOUND('',#3433,.F.);
#3433 = EDGE_LOOP('',(#3434,#3435,#3436,#3437));
#3434 = ORIENTED_EDGE('',*,*,#3356,.F.);
#3435 = ORIENTED_EDGE('',*,*,#2330,.T.);
#3436 = ORIENTED_EDGE('',*,*,#3411,.T.);
#3437 = ORIENTED_EDGE('',*,*,#3438,.T.);
#3438 = EDGE_CURVE('',#3412,#3357,#3439,.T.);
#3439 = LINE('',#3440,#3441);
#3440 = CARTESIAN_POINT('',(-0.32,-0.32,8.38));
#3441 = VECTOR('',#3442,1.);
#3442 = DIRECTION('',(1.,0.,0.));
#3443 = PLANE('',#3444);
#3444 = AXIS2_PLACEMENT_3D('',#3445,#3446,#3447);
#3445 = CARTESIAN_POINT('',(-0.32,-0.32,-3.));
#3446 = DIRECTION('',(0.,1.,0.));
#3447 = DIRECTION('',(0.,-0.,1.));
#3448 = ADVANCED_FACE('',(#3449),#3474,.T.);
#3449 = FACE_BOUND('',#3450,.T.);
#3450 = EDGE_LOOP('',(#3451,#3459,#3460,#3468));
#3451 = ORIENTED_EDGE('',*,*,#3452,.F.);
#3452 = EDGE_CURVE('',#2355,#3453,#3455,.T.);
#3453 = VERTEX_POINT('',#3454);
#3454 = CARTESIAN_POINT('',(0.32,-2.22,8.38));
#3455 = LINE('',#3456,#3457);
#3456 = CARTESIAN_POINT('',(0.32,-2.22,-3.));
#3457 = VECTOR('',#3458,1.);
#3458 = DIRECTION('',(0.,0.,1.));
#3459 = ORIENTED_EDGE('',*,*,#2354,.T.);
#3460 = ORIENTED_EDGE('',*,*,#3461,.T.);
#3461 = EDGE_CURVE('',#2357,#3462,#3464,.T.);
#3462 = VERTEX_POINT('',#3463);
#3463 = CARTESIAN_POINT('',(-0.32,-2.22,8.38));
#3464 = LINE('',#3465,#3466);
#3465 = CARTESIAN_POINT('',(-0.32,-2.22,-3.));
#3466 = VECTOR('',#3467,1.);
#3467 = DIRECTION('',(0.,0.,1.));
#3468 = ORIENTED_EDGE('',*,*,#3469,.T.);
#3469 = EDGE_CURVE('',#3462,#3453,#3470,.T.);
#3470 = LINE('',#3471,#3472);
#3471 = CARTESIAN_POINT('',(-0.32,-2.22,8.38));
#3472 = VECTOR('',#3473,1.);
#3473 = DIRECTION('',(1.,0.,0.));
#3474 = PLANE('',#3475);
#3475 = AXIS2_PLACEMENT_3D('',#3476,#3477,#3478);
#3476 = CARTESIAN_POINT('',(-0.32,-2.22,-3.));
#3477 = DIRECTION('',(0.,1.,0.));
#3478 = DIRECTION('',(0.,-0.,1.));
#3479 = ADVANCED_FACE('',(#3480),#3498,.F.);
#3480 = FACE_BOUND('',#3481,.F.);
#3481 = EDGE_LOOP('',(#3482,#3490,#3491,#3492));
#3482 = ORIENTED_EDGE('',*,*,#3483,.F.);
#3483 = EDGE_CURVE('',#2373,#3484,#3486,.T.);
#3484 = VERTEX_POINT('',#3485);
#3485 = CARTESIAN_POINT('',(-0.32,-2.86,8.38));
#3486 = LINE('',#3487,#3488);
#3487 = CARTESIAN_POINT('',(-0.32,-2.86,-3.));
#3488 = VECTOR('',#3489,1.);
#3489 = DIRECTION('',(0.,0.,1.));
#3490 = ORIENTED_EDGE('',*,*,#2380,.T.);
#3491 = ORIENTED_EDGE('',*,*,#3461,.T.);
#3492 = ORIENTED_EDGE('',*,*,#3493,.F.);
#3493 = EDGE_CURVE('',#3484,#3462,#3494,.T.);
#3494 = LINE('',#3495,#3496);
#3495 = CARTESIAN_POINT('',(-0.32,-2.86,8.38));
#3496 = VECTOR('',#3497,1.);
#3497 = DIRECTION('',(0.,1.,0.));
#3498 = PLANE('',#3499);
#3499 = AXIS2_PLACEMENT_3D('',#3500,#3501,#3502);
#3500 = CARTESIAN_POINT('',(-0.32,-2.86,-3.));
#3501 = DIRECTION('',(1.,0.,0.));
#3502 = DIRECTION('',(0.,0.,1.));
#3503 = ADVANCED_FACE('',(#3504),#3522,.F.);
#3504 = FACE_BOUND('',#3505,.F.);
#3505 = EDGE_LOOP('',(#3506,#3514,#3515,#3516));
#3506 = ORIENTED_EDGE('',*,*,#3507,.F.);
#3507 = EDGE_CURVE('',#2365,#3508,#3510,.T.);
#3508 = VERTEX_POINT('',#3509);
#3509 = CARTESIAN_POINT('',(0.32,-2.86,8.38));
#3510 = LINE('',#3511,#3512);
#3511 = CARTESIAN_POINT('',(0.32,-2.86,-3.));
#3512 = VECTOR('',#3513,1.);
#3513 = DIRECTION('',(0.,0.,1.));
#3514 = ORIENTED_EDGE('',*,*,#2372,.T.);
#3515 = ORIENTED_EDGE('',*,*,#3483,.T.);
#3516 = ORIENTED_EDGE('',*,*,#3517,.T.);
#3517 = EDGE_CURVE('',#3484,#3508,#3518,.T.);
#3518 = LINE('',#3519,#3520);
#3519 = CARTESIAN_POINT('',(-0.32,-2.86,8.38));
#3520 = VECTOR('',#3521,1.);
#3521 = DIRECTION('',(1.,0.,0.));
#3522 = PLANE('',#3523);
#3523 = AXIS2_PLACEMENT_3D('',#3524,#3525,#3526);
#3524 = CARTESIAN_POINT('',(-0.32,-2.86,-3.));
#3525 = DIRECTION('',(0.,1.,0.));
#3526 = DIRECTION('',(0.,-0.,1.));
#3527 = ADVANCED_FACE('',(#3528),#3539,.T.);
#3528 = FACE_BOUND('',#3529,.T.);
#3529 = EDGE_LOOP('',(#3530,#3531,#3532,#3533));
#3530 = ORIENTED_EDGE('',*,*,#3507,.F.);
#3531 = ORIENTED_EDGE('',*,*,#2364,.T.);
#3532 = ORIENTED_EDGE('',*,*,#3452,.T.);
#3533 = ORIENTED_EDGE('',*,*,#3534,.F.);
#3534 = EDGE_CURVE('',#3508,#3453,#3535,.T.);
#3535 = LINE('',#3536,#3537);
#3536 = CARTESIAN_POINT('',(0.32,-2.86,8.38));
#3537 = VECTOR('',#3538,1.);
#3538 = DIRECTION('',(0.,1.,0.));
#3539 = PLANE('',#3540);
#3540 = AXIS2_PLACEMENT_3D('',#3541,#3542,#3543);
#3541 = CARTESIAN_POINT('',(0.32,-2.86,-3.));
#3542 = DIRECTION('',(1.,0.,0.));
#3543 = DIRECTION('',(0.,0.,1.));
#3544 = ADVANCED_FACE('',(#3545),#3570,.F.);
#3545 = FACE_BOUND('',#3546,.T.);
#3546 = EDGE_LOOP('',(#3547,#3555,#3556,#3564));
#3547 = ORIENTED_EDGE('',*,*,#3548,.F.);
#3548 = EDGE_CURVE('',#2789,#3549,#3551,.T.);
#3549 = VERTEX_POINT('',#3550);
#3550 = CARTESIAN_POINT('',(-0.16,-4.92,-3.));
#3551 = LINE('',#3552,#3553);
#3552 = CARTESIAN_POINT('',(-0.16,-4.92,-3.));
#3553 = VECTOR('',#3554,1.);
#3554 = DIRECTION('',(0.57735026919,-0.57735026919,-0.57735026919));
#3555 = ORIENTED_EDGE('',*,*,#2788,.T.);
#3556 = ORIENTED_EDGE('',*,*,#3557,.T.);
#3557 = EDGE_CURVE('',#2781,#3558,#3560,.T.);
#3558 = VERTEX_POINT('',#3559);
#3559 = CARTESIAN_POINT('',(0.16,-4.92,-3.));
#3560 = LINE('',#3561,#3562);
#3561 = CARTESIAN_POINT('',(5.333333333333E-02,-5.026666666667,
    -3.106666666667));
#3562 = VECTOR('',#3563,1.);
#3563 = DIRECTION('',(-0.57735026919,-0.57735026919,-0.57735026919));
#3564 = ORIENTED_EDGE('',*,*,#3565,.F.);
#3565 = EDGE_CURVE('',#3549,#3558,#3566,.T.);
#3566 = LINE('',#3567,#3568);
#3567 = CARTESIAN_POINT('',(-0.32,-4.92,-3.));
#3568 = VECTOR('',#3569,1.);
#3569 = DIRECTION('',(1.,0.,0.));
#3570 = PLANE('',#3571);
#3571 = AXIS2_PLACEMENT_3D('',#3572,#3573,#3574);
#3572 = CARTESIAN_POINT('',(-0.32,-4.84,-2.92));
#3573 = DIRECTION('',(-1.735167508357E-18,-0.707106781187,0.707106781187
    ));
#3574 = DIRECTION('',(-1.,1.226948711654E-18,-1.226948711654E-18));
#3575 = ADVANCED_FACE('',(#3576),#3594,.T.);
#3576 = FACE_BOUND('',#3577,.T.);
#3577 = EDGE_LOOP('',(#3578,#3586,#3587,#3588));
#3578 = ORIENTED_EDGE('',*,*,#3579,.F.);
#3579 = EDGE_CURVE('',#2812,#3580,#3582,.T.);
#3580 = VERTEX_POINT('',#3581);
#3581 = CARTESIAN_POINT('',(-0.16,-5.24,-3.));
#3582 = LINE('',#3583,#3584);
#3583 = CARTESIAN_POINT('',(-0.266666666667,-5.346666666667,
    -2.893333333333));
#3584 = VECTOR('',#3585,1.);
#3585 = DIRECTION('',(0.57735026919,0.57735026919,-0.57735026919));
#3586 = ORIENTED_EDGE('',*,*,#2819,.T.);
#3587 = ORIENTED_EDGE('',*,*,#3548,.T.);
#3588 = ORIENTED_EDGE('',*,*,#3589,.F.);
#3589 = EDGE_CURVE('',#3580,#3549,#3590,.T.);
#3590 = LINE('',#3591,#3592);
#3591 = CARTESIAN_POINT('',(-0.16,-5.4,-3.));
#3592 = VECTOR('',#3593,1.);
#3593 = DIRECTION('',(0.,1.,0.));
#3594 = PLANE('',#3595);
#3595 = AXIS2_PLACEMENT_3D('',#3596,#3597,#3598);
#3596 = CARTESIAN_POINT('',(-0.24,-5.4,-2.92));
#3597 = DIRECTION('',(-0.707106781187,-1.735167508357E-18,
    -0.707106781187));
#3598 = DIRECTION('',(-1.226948711654E-18,1.,-1.226948711654E-18));
#3599 = ADVANCED_FACE('',(#3600),#3618,.T.);
#3600 = FACE_BOUND('',#3601,.F.);
#3601 = EDGE_LOOP('',(#3602,#3603,#3604,#3612));
#3602 = ORIENTED_EDGE('',*,*,#3579,.F.);
#3603 = ORIENTED_EDGE('',*,*,#2843,.T.);
#3604 = ORIENTED_EDGE('',*,*,#3605,.T.);
#3605 = EDGE_CURVE('',#2836,#3606,#3608,.T.);
#3606 = VERTEX_POINT('',#3607);
#3607 = CARTESIAN_POINT('',(0.16,-5.24,-3.));
#3608 = LINE('',#3609,#3610);
#3609 = CARTESIAN_POINT('',(0.16,-5.24,-3.));
#3610 = VECTOR('',#3611,1.);
#3611 = DIRECTION('',(-0.57735026919,0.57735026919,-0.57735026919));
#3612 = ORIENTED_EDGE('',*,*,#3613,.F.);
#3613 = EDGE_CURVE('',#3580,#3606,#3614,.T.);
#3614 = LINE('',#3615,#3616);
#3615 = CARTESIAN_POINT('',(-0.32,-5.24,-3.));
#3616 = VECTOR('',#3617,1.);
#3617 = DIRECTION('',(1.,0.,0.));
#3618 = PLANE('',#3619);
#3619 = AXIS2_PLACEMENT_3D('',#3620,#3621,#3622);
#3620 = CARTESIAN_POINT('',(-0.32,-5.32,-2.92));
#3621 = DIRECTION('',(1.735167508357E-18,-0.707106781187,-0.707106781187
    ));
#3622 = DIRECTION('',(-1.,-1.226948711654E-18,-1.226948711654E-18));
#3623 = ADVANCED_FACE('',(#3624),#3635,.F.);
#3624 = FACE_BOUND('',#3625,.F.);
#3625 = EDGE_LOOP('',(#3626,#3627,#3628,#3629));
#3626 = ORIENTED_EDGE('',*,*,#3605,.F.);
#3627 = ORIENTED_EDGE('',*,*,#2860,.T.);
#3628 = ORIENTED_EDGE('',*,*,#3557,.T.);
#3629 = ORIENTED_EDGE('',*,*,#3630,.F.);
#3630 = EDGE_CURVE('',#3606,#3558,#3631,.T.);
#3631 = LINE('',#3632,#3633);
#3632 = CARTESIAN_POINT('',(0.16,-5.4,-3.));
#3633 = VECTOR('',#3634,1.);
#3634 = DIRECTION('',(0.,1.,0.));
#3635 = PLANE('',#3636);
#3636 = AXIS2_PLACEMENT_3D('',#3637,#3638,#3639);
#3637 = CARTESIAN_POINT('',(0.24,-5.4,-2.92));
#3638 = DIRECTION('',(-0.707106781187,1.735167508357E-18,0.707106781187)
  );
#3639 = DIRECTION('',(1.226948711654E-18,1.,-1.226948711654E-18));
#3640 = ADVANCED_FACE('',(#3641),#3666,.F.);
#3641 = FACE_BOUND('',#3642,.F.);
#3642 = EDGE_LOOP('',(#3643,#3651,#3652,#3660));
#3643 = ORIENTED_EDGE('',*,*,#3644,.F.);
#3644 = EDGE_CURVE('',#2877,#3645,#3647,.T.);
#3645 = VERTEX_POINT('',#3646);
#3646 = CARTESIAN_POINT('',(0.16,-7.78,-3.));
#3647 = LINE('',#3648,#3649);
#3648 = CARTESIAN_POINT('',(0.16,-7.78,-3.));
#3649 = VECTOR('',#3650,1.);
#3650 = DIRECTION('',(-0.57735026919,0.57735026919,-0.57735026919));
#3651 = ORIENTED_EDGE('',*,*,#2884,.T.);
#3652 = ORIENTED_EDGE('',*,*,#3653,.T.);
#3653 = EDGE_CURVE('',#2885,#3654,#3656,.T.);
#3654 = VERTEX_POINT('',#3655);
#3655 = CARTESIAN_POINT('',(0.16,-7.46,-3.));
#3656 = LINE('',#3657,#3658);
#3657 = CARTESIAN_POINT('',(5.333333333333E-02,-7.566666666667,
    -3.106666666667));
#3658 = VECTOR('',#3659,1.);
#3659 = DIRECTION('',(-0.57735026919,-0.57735026919,-0.57735026919));
#3660 = ORIENTED_EDGE('',*,*,#3661,.F.);
#3661 = EDGE_CURVE('',#3645,#3654,#3662,.T.);
#3662 = LINE('',#3663,#3664);
#3663 = CARTESIAN_POINT('',(0.16,-7.94,-3.));
#3664 = VECTOR('',#3665,1.);
#3665 = DIRECTION('',(0.,1.,0.));
#3666 = PLANE('',#3667);
#3667 = AXIS2_PLACEMENT_3D('',#3668,#3669,#3670);
#3668 = CARTESIAN_POINT('',(0.24,-7.94,-2.92));
#3669 = DIRECTION('',(-0.707106781187,1.735167508357E-18,0.707106781187)
  );
#3670 = DIRECTION('',(1.226948711654E-18,1.,-1.226948711654E-18));
#3671 = ADVANCED_FACE('',(#3672),#3690,.F.);
#3672 = FACE_BOUND('',#3673,.T.);
#3673 = EDGE_LOOP('',(#3674,#3682,#3683,#3684));
#3674 = ORIENTED_EDGE('',*,*,#3675,.F.);
#3675 = EDGE_CURVE('',#2909,#3676,#3678,.T.);
#3676 = VERTEX_POINT('',#3677);
#3677 = CARTESIAN_POINT('',(-0.16,-7.46,-3.));
#3678 = LINE('',#3679,#3680);
#3679 = CARTESIAN_POINT('',(-0.16,-7.46,-3.));
#3680 = VECTOR('',#3681,1.);
#3681 = DIRECTION('',(0.57735026919,-0.57735026919,-0.57735026919));
#3682 = ORIENTED_EDGE('',*,*,#2908,.T.);
#3683 = ORIENTED_EDGE('',*,*,#3653,.T.);
#3684 = ORIENTED_EDGE('',*,*,#3685,.F.);
#3685 = EDGE_CURVE('',#3676,#3654,#3686,.T.);
#3686 = LINE('',#3687,#3688);
#3687 = CARTESIAN_POINT('',(-0.32,-7.46,-3.));
#3688 = VECTOR('',#3689,1.);
#3689 = DIRECTION('',(1.,0.,0.));
#3690 = PLANE('',#3691);
#3691 = AXIS2_PLACEMENT_3D('',#3692,#3693,#3694);
#3692 = CARTESIAN_POINT('',(-0.32,-7.38,-2.92));
#3693 = DIRECTION('',(-1.735167508357E-18,-0.707106781187,0.707106781187
    ));
#3694 = DIRECTION('',(-1.,1.226948711654E-18,-1.226948711654E-18));
#3695 = ADVANCED_FACE('',(#3696),#3714,.T.);
#3696 = FACE_BOUND('',#3697,.T.);
#3697 = EDGE_LOOP('',(#3698,#3706,#3707,#3708));
#3698 = ORIENTED_EDGE('',*,*,#3699,.F.);
#3699 = EDGE_CURVE('',#2932,#3700,#3702,.T.);
#3700 = VERTEX_POINT('',#3701);
#3701 = CARTESIAN_POINT('',(-0.16,-7.78,-3.));
#3702 = LINE('',#3703,#3704);
#3703 = CARTESIAN_POINT('',(-0.266666666667,-7.886666666667,
    -2.893333333333));
#3704 = VECTOR('',#3705,1.);
#3705 = DIRECTION('',(0.57735026919,0.57735026919,-0.57735026919));
#3706 = ORIENTED_EDGE('',*,*,#2939,.T.);
#3707 = ORIENTED_EDGE('',*,*,#3675,.T.);
#3708 = ORIENTED_EDGE('',*,*,#3709,.F.);
#3709 = EDGE_CURVE('',#3700,#3676,#3710,.T.);
#3710 = LINE('',#3711,#3712);
#3711 = CARTESIAN_POINT('',(-0.16,-7.94,-3.));
#3712 = VECTOR('',#3713,1.);
#3713 = DIRECTION('',(0.,1.,0.));
#3714 = PLANE('',#3715);
#3715 = AXIS2_PLACEMENT_3D('',#3716,#3717,#3718);
#3716 = CARTESIAN_POINT('',(-0.24,-7.94,-2.92));
#3717 = DIRECTION('',(-0.707106781187,-1.735167508357E-18,
    -0.707106781187));
#3718 = DIRECTION('',(-1.226948711654E-18,1.,-1.226948711654E-18));
#3719 = ADVANCED_FACE('',(#3720),#3731,.T.);
#3720 = FACE_BOUND('',#3721,.F.);
#3721 = EDGE_LOOP('',(#3722,#3723,#3724,#3725));
#3722 = ORIENTED_EDGE('',*,*,#3699,.F.);
#3723 = ORIENTED_EDGE('',*,*,#2956,.T.);
#3724 = ORIENTED_EDGE('',*,*,#3644,.T.);
#3725 = ORIENTED_EDGE('',*,*,#3726,.F.);
#3726 = EDGE_CURVE('',#3700,#3645,#3727,.T.);
#3727 = LINE('',#3728,#3729);
#3728 = CARTESIAN_POINT('',(-0.32,-7.78,-3.));
#3729 = VECTOR('',#3730,1.);
#3730 = DIRECTION('',(1.,0.,0.));
#3731 = PLANE('',#3732);
#3732 = AXIS2_PLACEMENT_3D('',#3733,#3734,#3735);
#3733 = CARTESIAN_POINT('',(-0.32,-7.86,-2.92));
#3734 = DIRECTION('',(1.735167508357E-18,-0.707106781187,-0.707106781187
    ));
#3735 = DIRECTION('',(-1.,-1.226948711654E-18,-1.226948711654E-18));
#3736 = ADVANCED_FACE('',(#3737),#3762,.F.);
#3737 = FACE_BOUND('',#3738,.F.);
#3738 = EDGE_LOOP('',(#3739,#3747,#3748,#3756));
#3739 = ORIENTED_EDGE('',*,*,#3740,.F.);
#3740 = EDGE_CURVE('',#2973,#3741,#3743,.T.);
#3741 = VERTEX_POINT('',#3742);
#3742 = CARTESIAN_POINT('',(0.16,-0.16,-3.));
#3743 = LINE('',#3744,#3745);
#3744 = CARTESIAN_POINT('',(0.16,-0.16,-3.));
#3745 = VECTOR('',#3746,1.);
#3746 = DIRECTION('',(-0.57735026919,0.57735026919,-0.57735026919));
#3747 = ORIENTED_EDGE('',*,*,#2980,.T.);
#3748 = ORIENTED_EDGE('',*,*,#3749,.T.);
#3749 = EDGE_CURVE('',#2981,#3750,#3752,.T.);
#3750 = VERTEX_POINT('',#3751);
#3751 = CARTESIAN_POINT('',(0.16,0.16,-3.));
#3752 = LINE('',#3753,#3754);
#3753 = CARTESIAN_POINT('',(5.333333333333E-02,5.333333333333E-02,
    -3.106666666667));
#3754 = VECTOR('',#3755,1.);
#3755 = DIRECTION('',(-0.57735026919,-0.57735026919,-0.57735026919));
#3756 = ORIENTED_EDGE('',*,*,#3757,.F.);
#3757 = EDGE_CURVE('',#3741,#3750,#3758,.T.);
#3758 = LINE('',#3759,#3760);
#3759 = CARTESIAN_POINT('',(0.16,-0.32,-3.));
#3760 = VECTOR('',#3761,1.);
#3761 = DIRECTION('',(0.,1.,0.));
#3762 = PLANE('',#3763);
#3763 = AXIS2_PLACEMENT_3D('',#3764,#3765,#3766);
#3764 = CARTESIAN_POINT('',(0.24,-0.32,-2.92));
#3765 = DIRECTION('',(-0.707106781187,1.735167508357E-18,0.707106781187)
  );
#3766 = DIRECTION('',(1.226948711654E-18,1.,-1.226948711654E-18));
#3767 = ADVANCED_FACE('',(#3768),#3786,.F.);
#3768 = FACE_BOUND('',#3769,.T.);
#3769 = EDGE_LOOP('',(#3770,#3778,#3779,#3780));
#3770 = ORIENTED_EDGE('',*,*,#3771,.F.);
#3771 = EDGE_CURVE('',#3005,#3772,#3774,.T.);
#3772 = VERTEX_POINT('',#3773);
#3773 = CARTESIAN_POINT('',(-0.16,0.16,-3.));
#3774 = LINE('',#3775,#3776);
#3775 = CARTESIAN_POINT('',(-0.16,0.16,-3.));
#3776 = VECTOR('',#3777,1.);
#3777 = DIRECTION('',(0.57735026919,-0.57735026919,-0.57735026919));
#3778 = ORIENTED_EDGE('',*,*,#3004,.T.);
#3779 = ORIENTED_EDGE('',*,*,#3749,.T.);
#3780 = ORIENTED_EDGE('',*,*,#3781,.F.);
#3781 = EDGE_CURVE('',#3772,#3750,#3782,.T.);
#3782 = LINE('',#3783,#3784);
#3783 = CARTESIAN_POINT('',(-0.32,0.16,-3.));
#3784 = VECTOR('',#3785,1.);
#3785 = DIRECTION('',(1.,0.,0.));
#3786 = PLANE('',#3787);
#3787 = AXIS2_PLACEMENT_3D('',#3788,#3789,#3790);
#3788 = CARTESIAN_POINT('',(-0.32,0.24,-2.92));
#3789 = DIRECTION('',(-1.735167508357E-18,-0.707106781187,0.707106781187
    ));
#3790 = DIRECTION('',(-1.,1.226948711654E-18,-1.226948711654E-18));
#3791 = ADVANCED_FACE('',(#3792),#3810,.T.);
#3792 = FACE_BOUND('',#3793,.T.);
#3793 = EDGE_LOOP('',(#3794,#3802,#3803,#3804));
#3794 = ORIENTED_EDGE('',*,*,#3795,.F.);
#3795 = EDGE_CURVE('',#3028,#3796,#3798,.T.);
#3796 = VERTEX_POINT('',#3797);
#3797 = CARTESIAN_POINT('',(-0.16,-0.16,-3.));
#3798 = LINE('',#3799,#3800);
#3799 = CARTESIAN_POINT('',(-0.266666666667,-0.266666666667,
    -2.893333333333));
#3800 = VECTOR('',#3801,1.);
#3801 = DIRECTION('',(0.57735026919,0.57735026919,-0.57735026919));
#3802 = ORIENTED_EDGE('',*,*,#3035,.T.);
#3803 = ORIENTED_EDGE('',*,*,#3771,.T.);
#3804 = ORIENTED_EDGE('',*,*,#3805,.F.);
#3805 = EDGE_CURVE('',#3796,#3772,#3806,.T.);
#3806 = LINE('',#3807,#3808);
#3807 = CARTESIAN_POINT('',(-0.16,-0.32,-3.));
#3808 = VECTOR('',#3809,1.);
#3809 = DIRECTION('',(0.,1.,0.));
#3810 = PLANE('',#3811);
#3811 = AXIS2_PLACEMENT_3D('',#3812,#3813,#3814);
#3812 = CARTESIAN_POINT('',(-0.24,-0.32,-2.92));
#3813 = DIRECTION('',(-0.707106781187,-1.735167508357E-18,
    -0.707106781187));
#3814 = DIRECTION('',(-1.226948711654E-18,1.,-1.226948711654E-18));
#3815 = ADVANCED_FACE('',(#3816),#3827,.T.);
#3816 = FACE_BOUND('',#3817,.F.);
#3817 = EDGE_LOOP('',(#3818,#3819,#3820,#3821));
#3818 = ORIENTED_EDGE('',*,*,#3795,.F.);
#3819 = ORIENTED_EDGE('',*,*,#3052,.T.);
#3820 = ORIENTED_EDGE('',*,*,#3740,.T.);
#3821 = ORIENTED_EDGE('',*,*,#3822,.F.);
#3822 = EDGE_CURVE('',#3796,#3741,#3823,.T.);
#3823 = LINE('',#3824,#3825);
#3824 = CARTESIAN_POINT('',(-0.32,-0.16,-3.));
#3825 = VECTOR('',#3826,1.);
#3826 = DIRECTION('',(1.,0.,0.));
#3827 = PLANE('',#3828);
#3828 = AXIS2_PLACEMENT_3D('',#3829,#3830,#3831);
#3829 = CARTESIAN_POINT('',(-0.32,-0.24,-2.92));
#3830 = DIRECTION('',(1.735167508357E-18,-0.707106781187,-0.707106781187
    ));
#3831 = DIRECTION('',(-1.,-1.226948711654E-18,-1.226948711654E-18));
#3832 = ADVANCED_FACE('',(#3833),#3858,.F.);
#3833 = FACE_BOUND('',#3834,.T.);
#3834 = EDGE_LOOP('',(#3835,#3843,#3844,#3852));
#3835 = ORIENTED_EDGE('',*,*,#3836,.F.);
#3836 = EDGE_CURVE('',#3077,#3837,#3839,.T.);
#3837 = VERTEX_POINT('',#3838);
#3838 = CARTESIAN_POINT('',(-0.16,-2.38,-3.));
#3839 = LINE('',#3840,#3841);
#3840 = CARTESIAN_POINT('',(-0.16,-2.38,-3.));
#3841 = VECTOR('',#3842,1.);
#3842 = DIRECTION('',(0.57735026919,-0.57735026919,-0.57735026919));
#3843 = ORIENTED_EDGE('',*,*,#3076,.T.);
#3844 = ORIENTED_EDGE('',*,*,#3845,.T.);
#3845 = EDGE_CURVE('',#3069,#3846,#3848,.T.);
#3846 = VERTEX_POINT('',#3847);
#3847 = CARTESIAN_POINT('',(0.16,-2.38,-3.));
#3848 = LINE('',#3849,#3850);
#3849 = CARTESIAN_POINT('',(5.333333333333E-02,-2.486666666667,
    -3.106666666667));
#3850 = VECTOR('',#3851,1.);
#3851 = DIRECTION('',(-0.57735026919,-0.57735026919,-0.57735026919));
#3852 = ORIENTED_EDGE('',*,*,#3853,.F.);
#3853 = EDGE_CURVE('',#3837,#3846,#3854,.T.);
#3854 = LINE('',#3855,#3856);
#3855 = CARTESIAN_POINT('',(-0.32,-2.38,-3.));
#3856 = VECTOR('',#3857,1.);
#3857 = DIRECTION('',(1.,0.,0.));
#3858 = PLANE('',#3859);
#3859 = AXIS2_PLACEMENT_3D('',#3860,#3861,#3862);
#3860 = CARTESIAN_POINT('',(-0.32,-2.3,-2.92));
#3861 = DIRECTION('',(-1.735167508357E-18,-0.707106781187,0.707106781187
    ));
#3862 = DIRECTION('',(-1.,1.226948711654E-18,-1.226948711654E-18));
#3863 = ADVANCED_FACE('',(#3864),#3882,.T.);
#3864 = FACE_BOUND('',#3865,.T.);
#3865 = EDGE_LOOP('',(#3866,#3874,#3875,#3876));
#3866 = ORIENTED_EDGE('',*,*,#3867,.F.);
#3867 = EDGE_CURVE('',#3100,#3868,#3870,.T.);
#3868 = VERTEX_POINT('',#3869);
#3869 = CARTESIAN_POINT('',(-0.16,-2.7,-3.));
#3870 = LINE('',#3871,#3872);
#3871 = CARTESIAN_POINT('',(-0.266666666667,-2.806666666667,
    -2.893333333333));
#3872 = VECTOR('',#3873,1.);
#3873 = DIRECTION('',(0.57735026919,0.57735026919,-0.57735026919));
#3874 = ORIENTED_EDGE('',*,*,#3107,.T.);
#3875 = ORIENTED_EDGE('',*,*,#3836,.T.);
#3876 = ORIENTED_EDGE('',*,*,#3877,.F.);
#3877 = EDGE_CURVE('',#3868,#3837,#3878,.T.);
#3878 = LINE('',#3879,#3880);
#3879 = CARTESIAN_POINT('',(-0.16,-2.86,-3.));
#3880 = VECTOR('',#3881,1.);
#3881 = DIRECTION('',(0.,1.,0.));
#3882 = PLANE('',#3883);
#3883 = AXIS2_PLACEMENT_3D('',#3884,#3885,#3886);
#3884 = CARTESIAN_POINT('',(-0.24,-2.86,-2.92));
#3885 = DIRECTION('',(-0.707106781187,-1.735167508357E-18,
    -0.707106781187));
#3886 = DIRECTION('',(-1.226948711654E-18,1.,-1.226948711654E-18));
#3887 = ADVANCED_FACE('',(#3888),#3906,.T.);
#3888 = FACE_BOUND('',#3889,.F.);
#3889 = EDGE_LOOP('',(#3890,#3891,#3892,#3900));
#3890 = ORIENTED_EDGE('',*,*,#3867,.F.);
#3891 = ORIENTED_EDGE('',*,*,#3131,.T.);
#3892 = ORIENTED_EDGE('',*,*,#3893,.T.);
#3893 = EDGE_CURVE('',#3124,#3894,#3896,.T.);
#3894 = VERTEX_POINT('',#3895);
#3895 = CARTESIAN_POINT('',(0.16,-2.7,-3.));
#3896 = LINE('',#3897,#3898);
#3897 = CARTESIAN_POINT('',(0.16,-2.7,-3.));
#3898 = VECTOR('',#3899,1.);
#3899 = DIRECTION('',(-0.57735026919,0.57735026919,-0.57735026919));
#3900 = ORIENTED_EDGE('',*,*,#3901,.F.);
#3901 = EDGE_CURVE('',#3868,#3894,#3902,.T.);
#3902 = LINE('',#3903,#3904);
#3903 = CARTESIAN_POINT('',(-0.32,-2.7,-3.));
#3904 = VECTOR('',#3905,1.);
#3905 = DIRECTION('',(1.,0.,0.));
#3906 = PLANE('',#3907);
#3907 = AXIS2_PLACEMENT_3D('',#3908,#3909,#3910);
#3908 = CARTESIAN_POINT('',(-0.32,-2.78,-2.92));
#3909 = DIRECTION('',(1.735167508357E-18,-0.707106781187,-0.707106781187
    ));
#3910 = DIRECTION('',(-1.,-1.226948711654E-18,-1.226948711654E-18));
#3911 = ADVANCED_FACE('',(#3912),#3923,.F.);
#3912 = FACE_BOUND('',#3913,.F.);
#3913 = EDGE_LOOP('',(#3914,#3915,#3916,#3917));
#3914 = ORIENTED_EDGE('',*,*,#3893,.F.);
#3915 = ORIENTED_EDGE('',*,*,#3148,.T.);
#3916 = ORIENTED_EDGE('',*,*,#3845,.T.);
#3917 = ORIENTED_EDGE('',*,*,#3918,.F.);
#3918 = EDGE_CURVE('',#3894,#3846,#3919,.T.);
#3919 = LINE('',#3920,#3921);
#3920 = CARTESIAN_POINT('',(0.16,-2.86,-3.));
#3921 = VECTOR('',#3922,1.);
#3922 = DIRECTION('',(0.,1.,0.));
#3923 = PLANE('',#3924);
#3924 = AXIS2_PLACEMENT_3D('',#3925,#3926,#3927);
#3925 = CARTESIAN_POINT('',(0.24,-2.86,-2.92));
#3926 = DIRECTION('',(-0.707106781187,1.735167508357E-18,0.707106781187)
  );
#3927 = DIRECTION('',(1.226948711654E-18,1.,-1.226948711654E-18));
#3928 = ADVANCED_FACE('',(#3929),#3954,.T.);
#3929 = FACE_BOUND('',#3930,.F.);
#3930 = EDGE_LOOP('',(#3931,#3939,#3940,#3948));
#3931 = ORIENTED_EDGE('',*,*,#3932,.F.);
#3932 = EDGE_CURVE('',#3174,#3933,#3935,.T.);
#3933 = VERTEX_POINT('',#3934);
#3934 = CARTESIAN_POINT('',(-0.16,-4.92,8.54));
#3935 = LINE('',#3936,#3937);
#3936 = CARTESIAN_POINT('',(-0.16,-4.92,8.54));
#3937 = VECTOR('',#3938,1.);
#3938 = DIRECTION('',(0.57735026919,-0.57735026919,0.57735026919));
#3939 = ORIENTED_EDGE('',*,*,#3181,.T.);
#3940 = ORIENTED_EDGE('',*,*,#3941,.T.);
#3941 = EDGE_CURVE('',#3165,#3942,#3944,.T.);
#3942 = VERTEX_POINT('',#3943);
#3943 = CARTESIAN_POINT('',(0.16,-4.92,8.54));
#3944 = LINE('',#3945,#3946);
#3945 = CARTESIAN_POINT('',(5.333333333333E-02,-5.026666666667,
    8.646666666667));
#3946 = VECTOR('',#3947,1.);
#3947 = DIRECTION('',(-0.57735026919,-0.57735026919,0.57735026919));
#3948 = ORIENTED_EDGE('',*,*,#3949,.F.);
#3949 = EDGE_CURVE('',#3933,#3942,#3950,.T.);
#3950 = LINE('',#3951,#3952);
#3951 = CARTESIAN_POINT('',(-0.32,-4.92,8.54));
#3952 = VECTOR('',#3953,1.);
#3953 = DIRECTION('',(1.,0.,0.));
#3954 = PLANE('',#3955);
#3955 = AXIS2_PLACEMENT_3D('',#3956,#3957,#3958);
#3956 = CARTESIAN_POINT('',(-0.32,-4.84,8.46));
#3957 = DIRECTION('',(1.735167508357E-18,0.707106781187,0.707106781187)
  );
#3958 = DIRECTION('',(-1.,1.226948711654E-18,1.226948711654E-18));
#3959 = ADVANCED_FACE('',(#3960),#3978,.F.);
#3960 = FACE_BOUND('',#3961,.F.);
#3961 = EDGE_LOOP('',(#3962,#3970,#3971,#3972));
#3962 = ORIENTED_EDGE('',*,*,#3963,.F.);
#3963 = EDGE_CURVE('',#3196,#3964,#3966,.T.);
#3964 = VERTEX_POINT('',#3965);
#3965 = CARTESIAN_POINT('',(-0.16,-5.24,8.54));
#3966 = LINE('',#3967,#3968);
#3967 = CARTESIAN_POINT('',(-0.266666666667,-5.346666666667,
    8.433333333333));
#3968 = VECTOR('',#3969,1.);
#3969 = DIRECTION('',(0.57735026919,0.57735026919,0.57735026919));
#3970 = ORIENTED_EDGE('',*,*,#3205,.T.);
#3971 = ORIENTED_EDGE('',*,*,#3932,.T.);
#3972 = ORIENTED_EDGE('',*,*,#3973,.F.);
#3973 = EDGE_CURVE('',#3964,#3933,#3974,.T.);
#3974 = LINE('',#3975,#3976);
#3975 = CARTESIAN_POINT('',(-0.16,-5.4,8.54));
#3976 = VECTOR('',#3977,1.);
#3977 = DIRECTION('',(0.,1.,0.));
#3978 = PLANE('',#3979);
#3979 = AXIS2_PLACEMENT_3D('',#3980,#3981,#3982);
#3980 = CARTESIAN_POINT('',(-0.24,-5.4,8.46));
#3981 = DIRECTION('',(0.707106781187,1.735167508357E-18,-0.707106781187)
  );
#3982 = DIRECTION('',(-1.226948711654E-18,1.,1.226948711654E-18));
#3983 = ADVANCED_FACE('',(#3984),#4002,.F.);
#3984 = FACE_BOUND('',#3985,.T.);
#3985 = EDGE_LOOP('',(#3986,#3987,#3988,#3996));
#3986 = ORIENTED_EDGE('',*,*,#3963,.F.);
#3987 = ORIENTED_EDGE('',*,*,#3229,.T.);
#3988 = ORIENTED_EDGE('',*,*,#3989,.T.);
#3989 = EDGE_CURVE('',#3220,#3990,#3992,.T.);
#3990 = VERTEX_POINT('',#3991);
#3991 = CARTESIAN_POINT('',(0.16,-5.24,8.54));
#3992 = LINE('',#3993,#3994);
#3993 = CARTESIAN_POINT('',(0.16,-5.24,8.54));
#3994 = VECTOR('',#3995,1.);
#3995 = DIRECTION('',(-0.57735026919,0.57735026919,0.57735026919));
#3996 = ORIENTED_EDGE('',*,*,#3997,.F.);
#3997 = EDGE_CURVE('',#3964,#3990,#3998,.T.);
#3998 = LINE('',#3999,#4000);
#3999 = CARTESIAN_POINT('',(-0.32,-5.24,8.54));
#4000 = VECTOR('',#4001,1.);
#4001 = DIRECTION('',(1.,0.,0.));
#4002 = PLANE('',#4003);
#4003 = AXIS2_PLACEMENT_3D('',#4004,#4005,#4006);
#4004 = CARTESIAN_POINT('',(-0.32,-5.32,8.46));
#4005 = DIRECTION('',(-1.735167508357E-18,0.707106781187,-0.707106781187
    ));
#4006 = DIRECTION('',(-1.,-1.226948711654E-18,1.226948711654E-18));
#4007 = ADVANCED_FACE('',(#4008),#4019,.T.);
#4008 = FACE_BOUND('',#4009,.T.);
#4009 = EDGE_LOOP('',(#4010,#4011,#4012,#4013));
#4010 = ORIENTED_EDGE('',*,*,#3989,.F.);
#4011 = ORIENTED_EDGE('',*,*,#3246,.T.);
#4012 = ORIENTED_EDGE('',*,*,#3941,.T.);
#4013 = ORIENTED_EDGE('',*,*,#4014,.F.);
#4014 = EDGE_CURVE('',#3990,#3942,#4015,.T.);
#4015 = LINE('',#4016,#4017);
#4016 = CARTESIAN_POINT('',(0.16,-5.4,8.54));
#4017 = VECTOR('',#4018,1.);
#4018 = DIRECTION('',(0.,1.,0.));
#4019 = PLANE('',#4020);
#4020 = AXIS2_PLACEMENT_3D('',#4021,#4022,#4023);
#4021 = CARTESIAN_POINT('',(0.24,-5.4,8.46));
#4022 = DIRECTION('',(0.707106781187,-1.735167508357E-18,0.707106781187)
  );
#4023 = DIRECTION('',(1.226948711654E-18,1.,1.226948711654E-18));
#4024 = ADVANCED_FACE('',(#4025),#4050,.T.);
#4025 = FACE_BOUND('',#4026,.T.);
#4026 = EDGE_LOOP('',(#4027,#4035,#4036,#4044));
#4027 = ORIENTED_EDGE('',*,*,#4028,.F.);
#4028 = EDGE_CURVE('',#3261,#4029,#4031,.T.);
#4029 = VERTEX_POINT('',#4030);
#4030 = CARTESIAN_POINT('',(0.16,-7.78,8.54));
#4031 = LINE('',#4032,#4033);
#4032 = CARTESIAN_POINT('',(0.16,-7.78,8.54));
#4033 = VECTOR('',#4034,1.);
#4034 = DIRECTION('',(-0.57735026919,0.57735026919,0.57735026919));
#4035 = ORIENTED_EDGE('',*,*,#3277,.T.);
#4036 = ORIENTED_EDGE('',*,*,#4037,.T.);
#4037 = EDGE_CURVE('',#3270,#4038,#4040,.T.);
#4038 = VERTEX_POINT('',#4039);
#4039 = CARTESIAN_POINT('',(0.16,-7.46,8.54));
#4040 = LINE('',#4041,#4042);
#4041 = CARTESIAN_POINT('',(5.333333333333E-02,-7.566666666667,
    8.646666666667));
#4042 = VECTOR('',#4043,1.);
#4043 = DIRECTION('',(-0.57735026919,-0.57735026919,0.57735026919));
#4044 = ORIENTED_EDGE('',*,*,#4045,.F.);
#4045 = EDGE_CURVE('',#4029,#4038,#4046,.T.);
#4046 = LINE('',#4047,#4048);
#4047 = CARTESIAN_POINT('',(0.16,-7.94,8.54));
#4048 = VECTOR('',#4049,1.);
#4049 = DIRECTION('',(0.,1.,0.));
#4050 = PLANE('',#4051);
#4051 = AXIS2_PLACEMENT_3D('',#4052,#4053,#4054);
#4052 = CARTESIAN_POINT('',(0.24,-7.94,8.46));
#4053 = DIRECTION('',(0.707106781187,-1.735167508357E-18,0.707106781187)
  );
#4054 = DIRECTION('',(1.226948711654E-18,1.,1.226948711654E-18));
#4055 = ADVANCED_FACE('',(#4056),#4074,.T.);
#4056 = FACE_BOUND('',#4057,.F.);
#4057 = EDGE_LOOP('',(#4058,#4066,#4067,#4068));
#4058 = ORIENTED_EDGE('',*,*,#4059,.F.);
#4059 = EDGE_CURVE('',#3294,#4060,#4062,.T.);
#4060 = VERTEX_POINT('',#4061);
#4061 = CARTESIAN_POINT('',(-0.16,-7.46,8.54));
#4062 = LINE('',#4063,#4064);
#4063 = CARTESIAN_POINT('',(-0.16,-7.46,8.54));
#4064 = VECTOR('',#4065,1.);
#4065 = DIRECTION('',(0.57735026919,-0.57735026919,0.57735026919));
#4066 = ORIENTED_EDGE('',*,*,#3301,.T.);
#4067 = ORIENTED_EDGE('',*,*,#4037,.T.);
#4068 = ORIENTED_EDGE('',*,*,#4069,.F.);
#4069 = EDGE_CURVE('',#4060,#4038,#4070,.T.);
#4070 = LINE('',#4071,#4072);
#4071 = CARTESIAN_POINT('',(-0.32,-7.46,8.54));
#4072 = VECTOR('',#4073,1.);
#4073 = DIRECTION('',(1.,0.,0.));
#4074 = PLANE('',#4075);
#4075 = AXIS2_PLACEMENT_3D('',#4076,#4077,#4078);
#4076 = CARTESIAN_POINT('',(-0.32,-7.38,8.46));
#4077 = DIRECTION('',(1.735167508357E-18,0.707106781187,0.707106781187)
  );
#4078 = DIRECTION('',(-1.,1.226948711654E-18,1.226948711654E-18));
#4079 = ADVANCED_FACE('',(#4080),#4098,.F.);
#4080 = FACE_BOUND('',#4081,.F.);
#4081 = EDGE_LOOP('',(#4082,#4090,#4091,#4092));
#4082 = ORIENTED_EDGE('',*,*,#4083,.F.);
#4083 = EDGE_CURVE('',#3316,#4084,#4086,.T.);
#4084 = VERTEX_POINT('',#4085);
#4085 = CARTESIAN_POINT('',(-0.16,-7.78,8.54));
#4086 = LINE('',#4087,#4088);
#4087 = CARTESIAN_POINT('',(-0.266666666667,-7.886666666667,
    8.433333333333));
#4088 = VECTOR('',#4089,1.);
#4089 = DIRECTION('',(0.57735026919,0.57735026919,0.57735026919));
#4090 = ORIENTED_EDGE('',*,*,#3325,.T.);
#4091 = ORIENTED_EDGE('',*,*,#4059,.T.);
#4092 = ORIENTED_EDGE('',*,*,#4093,.F.);
#4093 = EDGE_CURVE('',#4084,#4060,#4094,.T.);
#4094 = LINE('',#4095,#4096);
#4095 = CARTESIAN_POINT('',(-0.16,-7.94,8.54));
#4096 = VECTOR('',#4097,1.);
#4097 = DIRECTION('',(0.,1.,0.));
#4098 = PLANE('',#4099);
#4099 = AXIS2_PLACEMENT_3D('',#4100,#4101,#4102);
#4100 = CARTESIAN_POINT('',(-0.24,-7.94,8.46));
#4101 = DIRECTION('',(0.707106781187,1.735167508357E-18,-0.707106781187)
  );
#4102 = DIRECTION('',(-1.226948711654E-18,1.,1.226948711654E-18));
#4103 = ADVANCED_FACE('',(#4104),#4115,.F.);
#4104 = FACE_BOUND('',#4105,.T.);
#4105 = EDGE_LOOP('',(#4106,#4107,#4108,#4109));
#4106 = ORIENTED_EDGE('',*,*,#4083,.F.);
#4107 = ORIENTED_EDGE('',*,*,#3342,.T.);
#4108 = ORIENTED_EDGE('',*,*,#4028,.T.);
#4109 = ORIENTED_EDGE('',*,*,#4110,.F.);
#4110 = EDGE_CURVE('',#4084,#4029,#4111,.T.);
#4111 = LINE('',#4112,#4113);
#4112 = CARTESIAN_POINT('',(-0.32,-7.78,8.54));
#4113 = VECTOR('',#4114,1.);
#4114 = DIRECTION('',(1.,0.,0.));
#4115 = PLANE('',#4116);
#4116 = AXIS2_PLACEMENT_3D('',#4117,#4118,#4119);
#4117 = CARTESIAN_POINT('',(-0.32,-7.86,8.46));
#4118 = DIRECTION('',(-1.735167508357E-18,0.707106781187,-0.707106781187
    ));
#4119 = DIRECTION('',(-1.,-1.226948711654E-18,1.226948711654E-18));
#4120 = ADVANCED_FACE('',(#4121),#4146,.T.);
#4121 = FACE_BOUND('',#4122,.T.);
#4122 = EDGE_LOOP('',(#4123,#4131,#4132,#4140));
#4123 = ORIENTED_EDGE('',*,*,#4124,.F.);
#4124 = EDGE_CURVE('',#3357,#4125,#4127,.T.);
#4125 = VERTEX_POINT('',#4126);
#4126 = CARTESIAN_POINT('',(0.16,-0.16,8.54));
#4127 = LINE('',#4128,#4129);
#4128 = CARTESIAN_POINT('',(0.16,-0.16,8.54));
#4129 = VECTOR('',#4130,1.);
#4130 = DIRECTION('',(-0.57735026919,0.57735026919,0.57735026919));
#4131 = ORIENTED_EDGE('',*,*,#3373,.T.);
#4132 = ORIENTED_EDGE('',*,*,#4133,.T.);
#4133 = EDGE_CURVE('',#3366,#4134,#4136,.T.);
#4134 = VERTEX_POINT('',#4135);
#4135 = CARTESIAN_POINT('',(0.16,0.16,8.54));
#4136 = LINE('',#4137,#4138);
#4137 = CARTESIAN_POINT('',(5.333333333333E-02,5.333333333333E-02,
    8.646666666667));
#4138 = VECTOR('',#4139,1.);
#4139 = DIRECTION('',(-0.57735026919,-0.57735026919,0.57735026919));
#4140 = ORIENTED_EDGE('',*,*,#4141,.F.);
#4141 = EDGE_CURVE('',#4125,#4134,#4142,.T.);
#4142 = LINE('',#4143,#4144);
#4143 = CARTESIAN_POINT('',(0.16,-0.32,8.54));
#4144 = VECTOR('',#4145,1.);
#4145 = DIRECTION('',(0.,1.,0.));
#4146 = PLANE('',#4147);
#4147 = AXIS2_PLACEMENT_3D('',#4148,#4149,#4150);
#4148 = CARTESIAN_POINT('',(0.24,-0.32,8.46));
#4149 = DIRECTION('',(0.707106781187,-1.735167508357E-18,0.707106781187)
  );
#4150 = DIRECTION('',(1.226948711654E-18,1.,1.226948711654E-18));
#4151 = ADVANCED_FACE('',(#4152),#4170,.T.);
#4152 = FACE_BOUND('',#4153,.F.);
#4153 = EDGE_LOOP('',(#4154,#4162,#4163,#4164));
#4154 = ORIENTED_EDGE('',*,*,#4155,.F.);
#4155 = EDGE_CURVE('',#3390,#4156,#4158,.T.);
#4156 = VERTEX_POINT('',#4157);
#4157 = CARTESIAN_POINT('',(-0.16,0.16,8.54));
#4158 = LINE('',#4159,#4160);
#4159 = CARTESIAN_POINT('',(-0.16,0.16,8.54));
#4160 = VECTOR('',#4161,1.);
#4161 = DIRECTION('',(0.57735026919,-0.57735026919,0.57735026919));
#4162 = ORIENTED_EDGE('',*,*,#3397,.T.);
#4163 = ORIENTED_EDGE('',*,*,#4133,.T.);
#4164 = ORIENTED_EDGE('',*,*,#4165,.F.);
#4165 = EDGE_CURVE('',#4156,#4134,#4166,.T.);
#4166 = LINE('',#4167,#4168);
#4167 = CARTESIAN_POINT('',(-0.32,0.16,8.54));
#4168 = VECTOR('',#4169,1.);
#4169 = DIRECTION('',(1.,0.,0.));
#4170 = PLANE('',#4171);
#4171 = AXIS2_PLACEMENT_3D('',#4172,#4173,#4174);
#4172 = CARTESIAN_POINT('',(-0.32,0.24,8.46));
#4173 = DIRECTION('',(1.735167508357E-18,0.707106781187,0.707106781187)
  );
#4174 = DIRECTION('',(-1.,1.226948711654E-18,1.226948711654E-18));
#4175 = ADVANCED_FACE('',(#4176),#4194,.F.);
#4176 = FACE_BOUND('',#4177,.F.);
#4177 = EDGE_LOOP('',(#4178,#4186,#4187,#4188));
#4178 = ORIENTED_EDGE('',*,*,#4179,.F.);
#4179 = EDGE_CURVE('',#3412,#4180,#4182,.T.);
#4180 = VERTEX_POINT('',#4181);
#4181 = CARTESIAN_POINT('',(-0.16,-0.16,8.54));
#4182 = LINE('',#4183,#4184);
#4183 = CARTESIAN_POINT('',(-0.266666666667,-0.266666666667,
    8.433333333333));
#4184 = VECTOR('',#4185,1.);
#4185 = DIRECTION('',(0.57735026919,0.57735026919,0.57735026919));
#4186 = ORIENTED_EDGE('',*,*,#3421,.T.);
#4187 = ORIENTED_EDGE('',*,*,#4155,.T.);
#4188 = ORIENTED_EDGE('',*,*,#4189,.F.);
#4189 = EDGE_CURVE('',#4180,#4156,#4190,.T.);
#4190 = LINE('',#4191,#4192);
#4191 = CARTESIAN_POINT('',(-0.16,-0.32,8.54));
#4192 = VECTOR('',#4193,1.);
#4193 = DIRECTION('',(0.,1.,0.));
#4194 = PLANE('',#4195);
#4195 = AXIS2_PLACEMENT_3D('',#4196,#4197,#4198);
#4196 = CARTESIAN_POINT('',(-0.24,-0.32,8.46));
#4197 = DIRECTION('',(0.707106781187,1.735167508357E-18,-0.707106781187)
  );
#4198 = DIRECTION('',(-1.226948711654E-18,1.,1.226948711654E-18));
#4199 = ADVANCED_FACE('',(#4200),#4211,.F.);
#4200 = FACE_BOUND('',#4201,.T.);
#4201 = EDGE_LOOP('',(#4202,#4203,#4204,#4205));
#4202 = ORIENTED_EDGE('',*,*,#4179,.F.);
#4203 = ORIENTED_EDGE('',*,*,#3438,.T.);
#4204 = ORIENTED_EDGE('',*,*,#4124,.T.);
#4205 = ORIENTED_EDGE('',*,*,#4206,.F.);
#4206 = EDGE_CURVE('',#4180,#4125,#4207,.T.);
#4207 = LINE('',#4208,#4209);
#4208 = CARTESIAN_POINT('',(-0.32,-0.16,8.54));
#4209 = VECTOR('',#4210,1.);
#4210 = DIRECTION('',(1.,0.,0.));
#4211 = PLANE('',#4212);
#4212 = AXIS2_PLACEMENT_3D('',#4213,#4214,#4215);
#4213 = CARTESIAN_POINT('',(-0.32,-0.24,8.46));
#4214 = DIRECTION('',(-1.735167508357E-18,0.707106781187,-0.707106781187
    ));
#4215 = DIRECTION('',(-1.,-1.226948711654E-18,1.226948711654E-18));
#4216 = ADVANCED_FACE('',(#4217),#4242,.T.);
#4217 = FACE_BOUND('',#4218,.F.);
#4218 = EDGE_LOOP('',(#4219,#4227,#4228,#4236));
#4219 = ORIENTED_EDGE('',*,*,#4220,.F.);
#4220 = EDGE_CURVE('',#3462,#4221,#4223,.T.);
#4221 = VERTEX_POINT('',#4222);
#4222 = CARTESIAN_POINT('',(-0.16,-2.38,8.54));
#4223 = LINE('',#4224,#4225);
#4224 = CARTESIAN_POINT('',(-0.16,-2.38,8.54));
#4225 = VECTOR('',#4226,1.);
#4226 = DIRECTION('',(0.57735026919,-0.57735026919,0.57735026919));
#4227 = ORIENTED_EDGE('',*,*,#3469,.T.);
#4228 = ORIENTED_EDGE('',*,*,#4229,.T.);
#4229 = EDGE_CURVE('',#3453,#4230,#4232,.T.);
#4230 = VERTEX_POINT('',#4231);
#4231 = CARTESIAN_POINT('',(0.16,-2.38,8.54));
#4232 = LINE('',#4233,#4234);
#4233 = CARTESIAN_POINT('',(5.333333333333E-02,-2.486666666667,
    8.646666666667));
#4234 = VECTOR('',#4235,1.);
#4235 = DIRECTION('',(-0.57735026919,-0.57735026919,0.57735026919));
#4236 = ORIENTED_EDGE('',*,*,#4237,.F.);
#4237 = EDGE_CURVE('',#4221,#4230,#4238,.T.);
#4238 = LINE('',#4239,#4240);
#4239 = CARTESIAN_POINT('',(-0.32,-2.38,8.54));
#4240 = VECTOR('',#4241,1.);
#4241 = DIRECTION('',(1.,0.,0.));
#4242 = PLANE('',#4243);
#4243 = AXIS2_PLACEMENT_3D('',#4244,#4245,#4246);
#4244 = CARTESIAN_POINT('',(-0.32,-2.3,8.46));
#4245 = DIRECTION('',(1.735167508357E-18,0.707106781187,0.707106781187)
  );
#4246 = DIRECTION('',(-1.,1.226948711654E-18,1.226948711654E-18));
#4247 = ADVANCED_FACE('',(#4248),#4266,.F.);
#4248 = FACE_BOUND('',#4249,.F.);
#4249 = EDGE_LOOP('',(#4250,#4258,#4259,#4260));
#4250 = ORIENTED_EDGE('',*,*,#4251,.F.);
#4251 = EDGE_CURVE('',#3484,#4252,#4254,.T.);
#4252 = VERTEX_POINT('',#4253);
#4253 = CARTESIAN_POINT('',(-0.16,-2.7,8.54));
#4254 = LINE('',#4255,#4256);
#4255 = CARTESIAN_POINT('',(-0.266666666667,-2.806666666667,
    8.433333333333));
#4256 = VECTOR('',#4257,1.);
#4257 = DIRECTION('',(0.57735026919,0.57735026919,0.57735026919));
#4258 = ORIENTED_EDGE('',*,*,#3493,.T.);
#4259 = ORIENTED_EDGE('',*,*,#4220,.T.);
#4260 = ORIENTED_EDGE('',*,*,#4261,.F.);
#4261 = EDGE_CURVE('',#4252,#4221,#4262,.T.);
#4262 = LINE('',#4263,#4264);
#4263 = CARTESIAN_POINT('',(-0.16,-2.86,8.54));
#4264 = VECTOR('',#4265,1.);
#4265 = DIRECTION('',(0.,1.,0.));
#4266 = PLANE('',#4267);
#4267 = AXIS2_PLACEMENT_3D('',#4268,#4269,#4270);
#4268 = CARTESIAN_POINT('',(-0.24,-2.86,8.46));
#4269 = DIRECTION('',(0.707106781187,1.735167508357E-18,-0.707106781187)
  );
#4270 = DIRECTION('',(-1.226948711654E-18,1.,1.226948711654E-18));
#4271 = ADVANCED_FACE('',(#4272),#4290,.F.);
#4272 = FACE_BOUND('',#4273,.T.);
#4273 = EDGE_LOOP('',(#4274,#4275,#4276,#4284));
#4274 = ORIENTED_EDGE('',*,*,#4251,.F.);
#4275 = ORIENTED_EDGE('',*,*,#3517,.T.);
#4276 = ORIENTED_EDGE('',*,*,#4277,.T.);
#4277 = EDGE_CURVE('',#3508,#4278,#4280,.T.);
#4278 = VERTEX_POINT('',#4279);
#4279 = CARTESIAN_POINT('',(0.16,-2.7,8.54));
#4280 = LINE('',#4281,#4282);
#4281 = CARTESIAN_POINT('',(0.16,-2.7,8.54));
#4282 = VECTOR('',#4283,1.);
#4283 = DIRECTION('',(-0.57735026919,0.57735026919,0.57735026919));
#4284 = ORIENTED_EDGE('',*,*,#4285,.F.);
#4285 = EDGE_CURVE('',#4252,#4278,#4286,.T.);
#4286 = LINE('',#4287,#4288);
#4287 = CARTESIAN_POINT('',(-0.32,-2.7,8.54));
#4288 = VECTOR('',#4289,1.);
#4289 = DIRECTION('',(1.,0.,0.));
#4290 = PLANE('',#4291);
#4291 = AXIS2_PLACEMENT_3D('',#4292,#4293,#4294);
#4292 = CARTESIAN_POINT('',(-0.32,-2.78,8.46));
#4293 = DIRECTION('',(-1.735167508357E-18,0.707106781187,-0.707106781187
    ));
#4294 = DIRECTION('',(-1.,-1.226948711654E-18,1.226948711654E-18));
#4295 = ADVANCED_FACE('',(#4296),#4307,.T.);
#4296 = FACE_BOUND('',#4297,.T.);
#4297 = EDGE_LOOP('',(#4298,#4299,#4300,#4301));
#4298 = ORIENTED_EDGE('',*,*,#4277,.F.);
#4299 = ORIENTED_EDGE('',*,*,#3534,.T.);
#4300 = ORIENTED_EDGE('',*,*,#4229,.T.);
#4301 = ORIENTED_EDGE('',*,*,#4302,.F.);
#4302 = EDGE_CURVE('',#4278,#4230,#4303,.T.);
#4303 = LINE('',#4304,#4305);
#4304 = CARTESIAN_POINT('',(0.16,-2.86,8.54));
#4305 = VECTOR('',#4306,1.);
#4306 = DIRECTION('',(0.,1.,0.));
#4307 = PLANE('',#4308);
#4308 = AXIS2_PLACEMENT_3D('',#4309,#4310,#4311);
#4309 = CARTESIAN_POINT('',(0.24,-2.86,8.46));
#4310 = DIRECTION('',(0.707106781187,-1.735167508357E-18,0.707106781187)
  );
#4311 = DIRECTION('',(1.226948711654E-18,1.,1.226948711654E-18));
#4312 = ADVANCED_FACE('',(#4313),#4319,.F.);
#4313 = FACE_BOUND('',#4314,.F.);
#4314 = EDGE_LOOP('',(#4315,#4316,#4317,#4318));
#4315 = ORIENTED_EDGE('',*,*,#3630,.T.);
#4316 = ORIENTED_EDGE('',*,*,#3565,.F.);
#4317 = ORIENTED_EDGE('',*,*,#3589,.F.);
#4318 = ORIENTED_EDGE('',*,*,#3613,.T.);
#4319 = PLANE('',#4320);
#4320 = AXIS2_PLACEMENT_3D('',#4321,#4322,#4323);
#4321 = CARTESIAN_POINT('',(-0.32,-5.4,-3.));
#4322 = DIRECTION('',(0.,0.,1.));
#4323 = DIRECTION('',(1.,0.,-0.));
#4324 = ADVANCED_FACE('',(#4325),#4331,.F.);
#4325 = FACE_BOUND('',#4326,.F.);
#4326 = EDGE_LOOP('',(#4327,#4328,#4329,#4330));
#4327 = ORIENTED_EDGE('',*,*,#3661,.T.);
#4328 = ORIENTED_EDGE('',*,*,#3685,.F.);
#4329 = ORIENTED_EDGE('',*,*,#3709,.F.);
#4330 = ORIENTED_EDGE('',*,*,#3726,.T.);
#4331 = PLANE('',#4332);
#4332 = AXIS2_PLACEMENT_3D('',#4333,#4334,#4335);
#4333 = CARTESIAN_POINT('',(-0.32,-7.94,-3.));
#4334 = DIRECTION('',(0.,0.,1.));
#4335 = DIRECTION('',(1.,0.,-0.));
#4336 = ADVANCED_FACE('',(#4337),#4343,.F.);
#4337 = FACE_BOUND('',#4338,.F.);
#4338 = EDGE_LOOP('',(#4339,#4340,#4341,#4342));
#4339 = ORIENTED_EDGE('',*,*,#3757,.T.);
#4340 = ORIENTED_EDGE('',*,*,#3781,.F.);
#4341 = ORIENTED_EDGE('',*,*,#3805,.F.);
#4342 = ORIENTED_EDGE('',*,*,#3822,.T.);
#4343 = PLANE('',#4344);
#4344 = AXIS2_PLACEMENT_3D('',#4345,#4346,#4347);
#4345 = CARTESIAN_POINT('',(-0.32,-0.32,-3.));
#4346 = DIRECTION('',(0.,0.,1.));
#4347 = DIRECTION('',(1.,0.,-0.));
#4348 = ADVANCED_FACE('',(#4349),#4355,.F.);
#4349 = FACE_BOUND('',#4350,.F.);
#4350 = EDGE_LOOP('',(#4351,#4352,#4353,#4354));
#4351 = ORIENTED_EDGE('',*,*,#3918,.T.);
#4352 = ORIENTED_EDGE('',*,*,#3853,.F.);
#4353 = ORIENTED_EDGE('',*,*,#3877,.F.);
#4354 = ORIENTED_EDGE('',*,*,#3901,.T.);
#4355 = PLANE('',#4356);
#4356 = AXIS2_PLACEMENT_3D('',#4357,#4358,#4359);
#4357 = CARTESIAN_POINT('',(-0.32,-2.86,-3.));
#4358 = DIRECTION('',(0.,0.,1.));
#4359 = DIRECTION('',(1.,0.,-0.));
#4360 = ADVANCED_FACE('',(#4361),#4367,.T.);
#4361 = FACE_BOUND('',#4362,.T.);
#4362 = EDGE_LOOP('',(#4363,#4364,#4365,#4366));
#4363 = ORIENTED_EDGE('',*,*,#4014,.T.);
#4364 = ORIENTED_EDGE('',*,*,#3949,.F.);
#4365 = ORIENTED_EDGE('',*,*,#3973,.F.);
#4366 = ORIENTED_EDGE('',*,*,#3997,.T.);
#4367 = PLANE('',#4368);
#4368 = AXIS2_PLACEMENT_3D('',#4369,#4370,#4371);
#4369 = CARTESIAN_POINT('',(-0.32,-5.4,8.54));
#4370 = DIRECTION('',(0.,0.,1.));
#4371 = DIRECTION('',(1.,0.,-0.));
#4372 = ADVANCED_FACE('',(#4373),#4379,.T.);
#4373 = FACE_BOUND('',#4374,.T.);
#4374 = EDGE_LOOP('',(#4375,#4376,#4377,#4378));
#4375 = ORIENTED_EDGE('',*,*,#4045,.T.);
#4376 = ORIENTED_EDGE('',*,*,#4069,.F.);
#4377 = ORIENTED_EDGE('',*,*,#4093,.F.);
#4378 = ORIENTED_EDGE('',*,*,#4110,.T.);
#4379 = PLANE('',#4380);
#4380 = AXIS2_PLACEMENT_3D('',#4381,#4382,#4383);
#4381 = CARTESIAN_POINT('',(-0.32,-7.94,8.54));
#4382 = DIRECTION('',(0.,0.,1.));
#4383 = DIRECTION('',(1.,0.,-0.));
#4384 = ADVANCED_FACE('',(#4385),#4391,.T.);
#4385 = FACE_BOUND('',#4386,.T.);
#4386 = EDGE_LOOP('',(#4387,#4388,#4389,#4390));
#4387 = ORIENTED_EDGE('',*,*,#4141,.T.);
#4388 = ORIENTED_EDGE('',*,*,#4165,.F.);
#4389 = ORIENTED_EDGE('',*,*,#4189,.F.);
#4390 = ORIENTED_EDGE('',*,*,#4206,.T.);
#4391 = PLANE('',#4392);
#4392 = AXIS2_PLACEMENT_3D('',#4393,#4394,#4395);
#4393 = CARTESIAN_POINT('',(-0.32,-0.32,8.54));
#4394 = DIRECTION('',(0.,0.,1.));
#4395 = DIRECTION('',(1.,0.,-0.));
#4396 = ADVANCED_FACE('',(#4397),#4403,.T.);
#4397 = FACE_BOUND('',#4398,.T.);
#4398 = EDGE_LOOP('',(#4399,#4400,#4401,#4402));
#4399 = ORIENTED_EDGE('',*,*,#4302,.T.);
#4400 = ORIENTED_EDGE('',*,*,#4237,.F.);
#4401 = ORIENTED_EDGE('',*,*,#4261,.F.);
#4402 = ORIENTED_EDGE('',*,*,#4285,.T.);
#4403 = PLANE('',#4404);
#4404 = AXIS2_PLACEMENT_3D('',#4405,#4406,#4407);
#4405 = CARTESIAN_POINT('',(-0.32,-2.86,8.54));
#4406 = DIRECTION('',(0.,0.,1.));
#4407 = DIRECTION('',(1.,0.,-0.));
#4408 = ( GEOMETRIC_REPRESENTATION_CONTEXT(3) 
GLOBAL_UNCERTAINTY_ASSIGNED_CONTEXT((#4412)) 
GLOBAL_UNIT_ASSIGNED_CONTEXT((#4409,#4410,#4411)) REPRESENTATION_CONTEXT
('Context #1','3D Context with UNIT and UNCERTAINTY') );
#4409 = ( LENGTH_UNIT() NAMED_UNIT(*) SI_UNIT(.MILLI.,.METRE.) );
#4410 = ( NAMED_UNIT(*) PLANE_ANGLE_UNIT() SI_UNIT($,.RADIAN.) );
#4411 = ( NAMED_UNIT(*) SI_UNIT($,.STERADIAN.) SOLID_ANGLE_UNIT() );
#4412 = UNCERTAINTY_MEASURE_WITH_UNIT(LENGTH_MEASURE(1.E-07),#4409,
  'distance_accuracy_value','confusion accuracy');
#4413 = CONTEXT_DEPENDENT_SHAPE_REPRESENTATION(#4414,#4416);
#4414 = ( REPRESENTATION_RELATIONSHIP('','',#1627,#10) 
REPRESENTATION_RELATIONSHIP_WITH_TRANSFORMATION(#4415) 
SHAPE_REPRESENTATION_RELATIONSHIP() );
#4415 = ITEM_DEFINED_TRANSFORMATION('','',#11,#23);
#4416 = PRODUCT_DEFINITION_SHAPE('Placement','Placement of an item',
  #4417);
#4417 = NEXT_ASSEMBLY_USAGE_OCCURRENCE('3','J2','',#5,#1622,$);
#4418 = PRODUCT_RELATED_PRODUCT_CATEGORY('part',$,(#1624));
#4419 = SHAPE_DEFINITION_REPRESENTATION(#4420,#4426);
#4420 = PRODUCT_DEFINITION_SHAPE('','',#4421);
#4421 = PRODUCT_DEFINITION('design','',#4422,#4425);
#4422 = PRODUCT_DEFINITION_FORMATION('','',#4423);
#4423 = PRODUCT('R_0805_2012Metric','R_0805_2012Metric','',(#4424));
#4424 = PRODUCT_CONTEXT('',#2,'mechanical');
#4425 = PRODUCT_DEFINITION_CONTEXT('part definition',#2,'design');
#4426 = ADVANCED_BREP_SHAPE_REPRESENTATION('',(#11,#4427),#5217);
#4427 = MANIFOLD_SOLID_BREP('',#4428);
#4428 = CLOSED_SHELL('',(#4429,#4469,#4552,#4577,#4602,#4669,#4686,#4703
    ,#4752,#4769,#4786,#4835,#4852,#4921,#4952,#4976,#5045,#5069,#5086,
    #5103,#5120,#5137,#5154,#5171,#5188,#5205));
#4429 = ADVANCED_FACE('',(#4430),#4464,.F.);
#4430 = FACE_BOUND('',#4431,.F.);
#4431 = EDGE_LOOP('',(#4432,#4442,#4450,#4458));
#4432 = ORIENTED_EDGE('',*,*,#4433,.F.);
#4433 = EDGE_CURVE('',#4434,#4436,#4438,.T.);
#4434 = VERTEX_POINT('',#4435);
#4435 = CARTESIAN_POINT('',(-1.,-0.6,4.5E-02));
#4436 = VERTEX_POINT('',#4437);
#4437 = CARTESIAN_POINT('',(-1.,-0.6,0.405));
#4438 = LINE('',#4439,#4440);
#4439 = CARTESIAN_POINT('',(-1.,-0.6,0.));
#4440 = VECTOR('',#4441,1.);
#4441 = DIRECTION('',(0.,0.,1.));
#4442 = ORIENTED_EDGE('',*,*,#4443,.T.);
#4443 = EDGE_CURVE('',#4434,#4444,#4446,.T.);
#4444 = VERTEX_POINT('',#4445);
#4445 = CARTESIAN_POINT('',(-1.,0.6,4.5E-02));
#4446 = LINE('',#4447,#4448);
#4447 = CARTESIAN_POINT('',(-1.,-0.6,4.5E-02));
#4448 = VECTOR('',#4449,1.);
#4449 = DIRECTION('',(0.,1.,0.));
#4450 = ORIENTED_EDGE('',*,*,#4451,.T.);
#4451 = EDGE_CURVE('',#4444,#4452,#4454,.T.);
#4452 = VERTEX_POINT('',#4453);
#4453 = CARTESIAN_POINT('',(-1.,0.6,0.405));
#4454 = LINE('',#4455,#4456);
#4455 = CARTESIAN_POINT('',(-1.,0.6,0.));
#4456 = VECTOR('',#4457,1.);
#4457 = DIRECTION('',(0.,0.,1.));
#4458 = ORIENTED_EDGE('',*,*,#4459,.F.);
#4459 = EDGE_CURVE('',#4436,#4452,#4460,.T.);
#4460 = LINE('',#4461,#4462);
#4461 = CARTESIAN_POINT('',(-1.,-0.6,0.405));
#4462 = VECTOR('',#4463,1.);
#4463 = DIRECTION('',(0.,1.,0.));
#4464 = PLANE('',#4465);
#4465 = AXIS2_PLACEMENT_3D('',#4466,#4467,#4468);
#4466 = CARTESIAN_POINT('',(-1.,-0.6,0.));
#4467 = DIRECTION('',(1.,0.,0.));
#4468 = DIRECTION('',(0.,0.,1.));
#4469 = ADVANCED_FACE('',(#4470),#4547,.F.);
#4470 = FACE_BOUND('',#4471,.F.);
#4471 = EDGE_LOOP('',(#4472,#4482,#4489,#4490,#4499,#4507,#4516,#4524,
    #4532,#4540));
#4472 = ORIENTED_EDGE('',*,*,#4473,.F.);
#4473 = EDGE_CURVE('',#4474,#4476,#4478,.T.);
#4474 = VERTEX_POINT('',#4475);
#4475 = CARTESIAN_POINT('',(-0.955,-0.6,-2.775557561563E-17));
#4476 = VERTEX_POINT('',#4477);
#4477 = CARTESIAN_POINT('',(-0.745,-0.6,-2.775557561563E-17));
#4478 = LINE('',#4479,#4480);
#4479 = CARTESIAN_POINT('',(-1.,-0.6,0.));
#4480 = VECTOR('',#4481,1.);
#4481 = DIRECTION('',(1.,0.,0.));
#4482 = ORIENTED_EDGE('',*,*,#4483,.F.);
#4483 = EDGE_CURVE('',#4434,#4474,#4484,.T.);
#4484 = CIRCLE('',#4485,4.5E-02);
#4485 = AXIS2_PLACEMENT_3D('',#4486,#4487,#4488);
#4486 = CARTESIAN_POINT('',(-0.955,-0.6,4.5E-02));
#4487 = DIRECTION('',(0.,-1.,0.));
#4488 = DIRECTION('',(0.,0.,1.));
#4489 = ORIENTED_EDGE('',*,*,#4433,.T.);
#4490 = ORIENTED_EDGE('',*,*,#4491,.T.);
#4491 = EDGE_CURVE('',#4436,#4492,#4494,.T.);
#4492 = VERTEX_POINT('',#4493);
#4493 = CARTESIAN_POINT('',(-0.955,-0.6,0.45));
#4494 = CIRCLE('',#4495,4.5E-02);
#4495 = AXIS2_PLACEMENT_3D('',#4496,#4497,#4498);
#4496 = CARTESIAN_POINT('',(-0.955,-0.6,0.405));
#4497 = DIRECTION('',(0.,1.,0.));
#4498 = DIRECTION('',(0.,-0.,1.));
#4499 = ORIENTED_EDGE('',*,*,#4500,.T.);
#4500 = EDGE_CURVE('',#4492,#4501,#4503,.T.);
#4501 = VERTEX_POINT('',#4502);
#4502 = CARTESIAN_POINT('',(-0.745,-0.6,0.45));
#4503 = LINE('',#4504,#4505);
#4504 = CARTESIAN_POINT('',(-1.,-0.6,0.45));
#4505 = VECTOR('',#4506,1.);
#4506 = DIRECTION('',(1.,0.,0.));
#4507 = ORIENTED_EDGE('',*,*,#4508,.F.);
#4508 = EDGE_CURVE('',#4509,#4501,#4511,.T.);
#4509 = VERTEX_POINT('',#4510);
#4510 = CARTESIAN_POINT('',(-0.7,-0.6,0.405));
#4511 = CIRCLE('',#4512,4.5E-02);
#4512 = AXIS2_PLACEMENT_3D('',#4513,#4514,#4515);
#4513 = CARTESIAN_POINT('',(-0.745,-0.6,0.405));
#4514 = DIRECTION('',(0.,-1.,0.));
#4515 = DIRECTION('',(0.,0.,1.));
#4516 = ORIENTED_EDGE('',*,*,#4517,.F.);
#4517 = EDGE_CURVE('',#4518,#4509,#4520,.T.);
#4518 = VERTEX_POINT('',#4519);
#4519 = CARTESIAN_POINT('',(-0.955,-0.6,0.405));
#4520 = LINE('',#4521,#4522);
#4521 = CARTESIAN_POINT('',(-0.955,-0.6,0.405));
#4522 = VECTOR('',#4523,1.);
#4523 = DIRECTION('',(1.,0.,0.));
#4524 = ORIENTED_EDGE('',*,*,#4525,.F.);
#4525 = EDGE_CURVE('',#4526,#4518,#4528,.T.);
#4526 = VERTEX_POINT('',#4527);
#4527 = CARTESIAN_POINT('',(-0.955,-0.6,4.5E-02));
#4528 = LINE('',#4529,#4530);
#4529 = CARTESIAN_POINT('',(-0.955,-0.6,4.5E-02));
#4530 = VECTOR('',#4531,1.);
#4531 = DIRECTION('',(0.,0.,1.));
#4532 = ORIENTED_EDGE('',*,*,#4533,.T.);
#4533 = EDGE_CURVE('',#4526,#4534,#4536,.T.);
#4534 = VERTEX_POINT('',#4535);
#4535 = CARTESIAN_POINT('',(-0.7,-0.6,4.5E-02));
#4536 = LINE('',#4537,#4538);
#4537 = CARTESIAN_POINT('',(-0.955,-0.6,4.5E-02));
#4538 = VECTOR('',#4539,1.);
#4539 = DIRECTION('',(1.,0.,0.));
#4540 = ORIENTED_EDGE('',*,*,#4541,.T.);
#4541 = EDGE_CURVE('',#4534,#4476,#4542,.T.);
#4542 = CIRCLE('',#4543,4.5E-02);
#4543 = AXIS2_PLACEMENT_3D('',#4544,#4545,#4546);
#4544 = CARTESIAN_POINT('',(-0.745,-0.6,4.5E-02));
#4545 = DIRECTION('',(0.,1.,0.));
#4546 = DIRECTION('',(0.,-0.,1.));
#4547 = PLANE('',#4548);
#4548 = AXIS2_PLACEMENT_3D('',#4549,#4550,#4551);
#4549 = CARTESIAN_POINT('',(-1.,-0.6,0.));
#4550 = DIRECTION('',(0.,1.,0.));
#4551 = DIRECTION('',(0.,-0.,1.));
#4552 = ADVANCED_FACE('',(#4553),#4572,.T.);
#4553 = FACE_BOUND('',#4554,.T.);
#4554 = EDGE_LOOP('',(#4555,#4556,#4565,#4571));
#4555 = ORIENTED_EDGE('',*,*,#4443,.T.);
#4556 = ORIENTED_EDGE('',*,*,#4557,.T.);
#4557 = EDGE_CURVE('',#4444,#4558,#4560,.T.);
#4558 = VERTEX_POINT('',#4559);
#4559 = CARTESIAN_POINT('',(-0.955,0.6,-2.775557561563E-17));
#4560 = CIRCLE('',#4561,4.5E-02);
#4561 = AXIS2_PLACEMENT_3D('',#4562,#4563,#4564);
#4562 = CARTESIAN_POINT('',(-0.955,0.6,4.5E-02));
#4563 = DIRECTION('',(0.,-1.,0.));
#4564 = DIRECTION('',(0.,0.,1.));
#4565 = ORIENTED_EDGE('',*,*,#4566,.F.);
#4566 = EDGE_CURVE('',#4474,#4558,#4567,.T.);
#4567 = LINE('',#4568,#4569);
#4568 = CARTESIAN_POINT('',(-0.955,-0.6,-2.775557561563E-17));
#4569 = VECTOR('',#4570,1.);
#4570 = DIRECTION('',(0.,1.,0.));
#4571 = ORIENTED_EDGE('',*,*,#4483,.F.);
#4572 = CYLINDRICAL_SURFACE('',#4573,4.5E-02);
#4573 = AXIS2_PLACEMENT_3D('',#4574,#4575,#4576);
#4574 = CARTESIAN_POINT('',(-0.955,-0.6,4.5E-02));
#4575 = DIRECTION('',(0.,1.,0.));
#4576 = DIRECTION('',(-1.,0.,0.));
#4577 = ADVANCED_FACE('',(#4578),#4597,.T.);
#4578 = FACE_BOUND('',#4579,.T.);
#4579 = EDGE_LOOP('',(#4580,#4581,#4589,#4596));
#4580 = ORIENTED_EDGE('',*,*,#4491,.T.);
#4581 = ORIENTED_EDGE('',*,*,#4582,.T.);
#4582 = EDGE_CURVE('',#4492,#4583,#4585,.T.);
#4583 = VERTEX_POINT('',#4584);
#4584 = CARTESIAN_POINT('',(-0.955,0.6,0.45));
#4585 = LINE('',#4586,#4587);
#4586 = CARTESIAN_POINT('',(-0.955,-0.6,0.45));
#4587 = VECTOR('',#4588,1.);
#4588 = DIRECTION('',(0.,1.,0.));
#4589 = ORIENTED_EDGE('',*,*,#4590,.F.);
#4590 = EDGE_CURVE('',#4452,#4583,#4591,.T.);
#4591 = CIRCLE('',#4592,4.5E-02);
#4592 = AXIS2_PLACEMENT_3D('',#4593,#4594,#4595);
#4593 = CARTESIAN_POINT('',(-0.955,0.6,0.405));
#4594 = DIRECTION('',(0.,1.,0.));
#4595 = DIRECTION('',(0.,-0.,1.));
#4596 = ORIENTED_EDGE('',*,*,#4459,.F.);
#4597 = CYLINDRICAL_SURFACE('',#4598,4.5E-02);
#4598 = AXIS2_PLACEMENT_3D('',#4599,#4600,#4601);
#4599 = CARTESIAN_POINT('',(-0.955,-0.6,0.405));
#4600 = DIRECTION('',(0.,1.,0.));
#4601 = DIRECTION('',(-1.,0.,0.));
#4602 = ADVANCED_FACE('',(#4603),#4664,.T.);
#4603 = FACE_BOUND('',#4604,.T.);
#4604 = EDGE_LOOP('',(#4605,#4613,#4614,#4615,#4616,#4624,#4633,#4641,
    #4649,#4657));
#4605 = ORIENTED_EDGE('',*,*,#4606,.F.);
#4606 = EDGE_CURVE('',#4558,#4607,#4609,.T.);
#4607 = VERTEX_POINT('',#4608);
#4608 = CARTESIAN_POINT('',(-0.745,0.6,-2.775557561563E-17));
#4609 = LINE('',#4610,#4611);
#4610 = CARTESIAN_POINT('',(-1.,0.6,0.));
#4611 = VECTOR('',#4612,1.);
#4612 = DIRECTION('',(1.,0.,0.));
#4613 = ORIENTED_EDGE('',*,*,#4557,.F.);
#4614 = ORIENTED_EDGE('',*,*,#4451,.T.);
#4615 = ORIENTED_EDGE('',*,*,#4590,.T.);
#4616 = ORIENTED_EDGE('',*,*,#4617,.T.);
#4617 = EDGE_CURVE('',#4583,#4618,#4620,.T.);
#4618 = VERTEX_POINT('',#4619);
#4619 = CARTESIAN_POINT('',(-0.745,0.6,0.45));
#4620 = LINE('',#4621,#4622);
#4621 = CARTESIAN_POINT('',(-1.,0.6,0.45));
#4622 = VECTOR('',#4623,1.);
#4623 = DIRECTION('',(1.,0.,0.));
#4624 = ORIENTED_EDGE('',*,*,#4625,.F.);
#4625 = EDGE_CURVE('',#4626,#4618,#4628,.T.);
#4626 = VERTEX_POINT('',#4627);
#4627 = CARTESIAN_POINT('',(-0.7,0.6,0.405));
#4628 = CIRCLE('',#4629,4.5E-02);
#4629 = AXIS2_PLACEMENT_3D('',#4630,#4631,#4632);
#4630 = CARTESIAN_POINT('',(-0.745,0.6,0.405));
#4631 = DIRECTION('',(0.,-1.,0.));
#4632 = DIRECTION('',(0.,0.,1.));
#4633 = ORIENTED_EDGE('',*,*,#4634,.F.);
#4634 = EDGE_CURVE('',#4635,#4626,#4637,.T.);
#4635 = VERTEX_POINT('',#4636);
#4636 = CARTESIAN_POINT('',(-0.955,0.6,0.405));
#4637 = LINE('',#4638,#4639);
#4638 = CARTESIAN_POINT('',(-0.955,0.6,0.405));
#4639 = VECTOR('',#4640,1.);
#4640 = DIRECTION('',(1.,0.,0.));
#4641 = ORIENTED_EDGE('',*,*,#4642,.F.);
#4642 = EDGE_CURVE('',#4643,#4635,#4645,.T.);
#4643 = VERTEX_POINT('',#4644);
#4644 = CARTESIAN_POINT('',(-0.955,0.6,4.5E-02));
#4645 = LINE('',#4646,#4647);
#4646 = CARTESIAN_POINT('',(-0.955,0.6,4.5E-02));
#4647 = VECTOR('',#4648,1.);
#4648 = DIRECTION('',(0.,0.,1.));
#4649 = ORIENTED_EDGE('',*,*,#4650,.T.);
#4650 = EDGE_CURVE('',#4643,#4651,#4653,.T.);
#4651 = VERTEX_POINT('',#4652);
#4652 = CARTESIAN_POINT('',(-0.7,0.6,4.5E-02));
#4653 = LINE('',#4654,#4655);
#4654 = CARTESIAN_POINT('',(-0.955,0.6,4.5E-02));
#4655 = VECTOR('',#4656,1.);
#4656 = DIRECTION('',(1.,0.,0.));
#4657 = ORIENTED_EDGE('',*,*,#4658,.T.);
#4658 = EDGE_CURVE('',#4651,#4607,#4659,.T.);
#4659 = CIRCLE('',#4660,4.5E-02);
#4660 = AXIS2_PLACEMENT_3D('',#4661,#4662,#4663);
#4661 = CARTESIAN_POINT('',(-0.745,0.6,4.5E-02));
#4662 = DIRECTION('',(0.,1.,0.));
#4663 = DIRECTION('',(0.,-0.,1.));
#4664 = PLANE('',#4665);
#4665 = AXIS2_PLACEMENT_3D('',#4666,#4667,#4668);
#4666 = CARTESIAN_POINT('',(-1.,0.6,0.));
#4667 = DIRECTION('',(0.,1.,0.));
#4668 = DIRECTION('',(0.,-0.,1.));
#4669 = ADVANCED_FACE('',(#4670),#4681,.F.);
#4670 = FACE_BOUND('',#4671,.F.);
#4671 = EDGE_LOOP('',(#4672,#4673,#4674,#4675));
#4672 = ORIENTED_EDGE('',*,*,#4606,.F.);
#4673 = ORIENTED_EDGE('',*,*,#4566,.F.);
#4674 = ORIENTED_EDGE('',*,*,#4473,.T.);
#4675 = ORIENTED_EDGE('',*,*,#4676,.T.);
#4676 = EDGE_CURVE('',#4476,#4607,#4677,.T.);
#4677 = LINE('',#4678,#4679);
#4678 = CARTESIAN_POINT('',(-0.745,-0.6,-2.775557561563E-17));
#4679 = VECTOR('',#4680,1.);
#4680 = DIRECTION('',(0.,1.,0.));
#4681 = PLANE('',#4682);
#4682 = AXIS2_PLACEMENT_3D('',#4683,#4684,#4685);
#4683 = CARTESIAN_POINT('',(-1.,-0.6,0.));
#4684 = DIRECTION('',(0.,0.,1.));
#4685 = DIRECTION('',(1.,0.,-0.));
#4686 = ADVANCED_FACE('',(#4687),#4698,.T.);
#4687 = FACE_BOUND('',#4688,.T.);
#4688 = EDGE_LOOP('',(#4689,#4690,#4691,#4692));
#4689 = ORIENTED_EDGE('',*,*,#4541,.T.);
#4690 = ORIENTED_EDGE('',*,*,#4676,.T.);
#4691 = ORIENTED_EDGE('',*,*,#4658,.F.);
#4692 = ORIENTED_EDGE('',*,*,#4693,.F.);
#4693 = EDGE_CURVE('',#4534,#4651,#4694,.T.);
#4694 = LINE('',#4695,#4696);
#4695 = CARTESIAN_POINT('',(-0.7,-0.6,4.5E-02));
#4696 = VECTOR('',#4697,1.);
#4697 = DIRECTION('',(0.,1.,0.));
#4698 = CYLINDRICAL_SURFACE('',#4699,4.5E-02);
#4699 = AXIS2_PLACEMENT_3D('',#4700,#4701,#4702);
#4700 = CARTESIAN_POINT('',(-0.745,-0.6,4.5E-02));
#4701 = DIRECTION('',(0.,1.,0.));
#4702 = DIRECTION('',(1.,0.,0.));
#4703 = ADVANCED_FACE('',(#4704),#4747,.F.);
#4704 = FACE_BOUND('',#4705,.F.);
#4705 = EDGE_LOOP('',(#4706,#4707,#4708,#4709,#4717,#4725,#4733,#4741));
#4706 = ORIENTED_EDGE('',*,*,#4533,.F.);
#4707 = ORIENTED_EDGE('',*,*,#4525,.T.);
#4708 = ORIENTED_EDGE('',*,*,#4517,.T.);
#4709 = ORIENTED_EDGE('',*,*,#4710,.T.);
#4710 = EDGE_CURVE('',#4509,#4711,#4713,.T.);
#4711 = VERTEX_POINT('',#4712);
#4712 = CARTESIAN_POINT('',(0.7,-0.6,0.405));
#4713 = LINE('',#4714,#4715);
#4714 = CARTESIAN_POINT('',(-0.7,-0.6,0.405));
#4715 = VECTOR('',#4716,1.);
#4716 = DIRECTION('',(1.,0.,0.));
#4717 = ORIENTED_EDGE('',*,*,#4718,.T.);
#4718 = EDGE_CURVE('',#4711,#4719,#4721,.T.);
#4719 = VERTEX_POINT('',#4720);
#4720 = CARTESIAN_POINT('',(0.955,-0.6,0.405));
#4721 = LINE('',#4722,#4723);
#4722 = CARTESIAN_POINT('',(-0.955,-0.6,0.405));
#4723 = VECTOR('',#4724,1.);
#4724 = DIRECTION('',(1.,0.,0.));
#4725 = ORIENTED_EDGE('',*,*,#4726,.F.);
#4726 = EDGE_CURVE('',#4727,#4719,#4729,.T.);
#4727 = VERTEX_POINT('',#4728);
#4728 = CARTESIAN_POINT('',(0.955,-0.6,4.5E-02));
#4729 = LINE('',#4730,#4731);
#4730 = CARTESIAN_POINT('',(0.955,-0.6,4.5E-02));
#4731 = VECTOR('',#4732,1.);
#4732 = DIRECTION('',(0.,0.,1.));
#4733 = ORIENTED_EDGE('',*,*,#4734,.F.);
#4734 = EDGE_CURVE('',#4735,#4727,#4737,.T.);
#4735 = VERTEX_POINT('',#4736);
#4736 = CARTESIAN_POINT('',(0.7,-0.6,4.5E-02));
#4737 = LINE('',#4738,#4739);
#4738 = CARTESIAN_POINT('',(-0.955,-0.6,4.5E-02));
#4739 = VECTOR('',#4740,1.);
#4740 = DIRECTION('',(1.,0.,0.));
#4741 = ORIENTED_EDGE('',*,*,#4742,.F.);
#4742 = EDGE_CURVE('',#4534,#4735,#4743,.T.);
#4743 = LINE('',#4744,#4745);
#4744 = CARTESIAN_POINT('',(-0.955,-0.6,4.5E-02));
#4745 = VECTOR('',#4746,1.);
#4746 = DIRECTION('',(1.,0.,0.));
#4747 = PLANE('',#4748);
#4748 = AXIS2_PLACEMENT_3D('',#4749,#4750,#4751);
#4749 = CARTESIAN_POINT('',(-0.955,-0.6,4.5E-02));
#4750 = DIRECTION('',(0.,1.,0.));
#4751 = DIRECTION('',(0.,-0.,1.));
#4752 = ADVANCED_FACE('',(#4753),#4764,.T.);
#4753 = FACE_BOUND('',#4754,.T.);
#4754 = EDGE_LOOP('',(#4755,#4756,#4757,#4758));
#4755 = ORIENTED_EDGE('',*,*,#4617,.F.);
#4756 = ORIENTED_EDGE('',*,*,#4582,.F.);
#4757 = ORIENTED_EDGE('',*,*,#4500,.T.);
#4758 = ORIENTED_EDGE('',*,*,#4759,.T.);
#4759 = EDGE_CURVE('',#4501,#4618,#4760,.T.);
#4760 = LINE('',#4761,#4762);
#4761 = CARTESIAN_POINT('',(-0.745,-0.6,0.45));
#4762 = VECTOR('',#4763,1.);
#4763 = DIRECTION('',(0.,1.,0.));
#4764 = PLANE('',#4765);
#4765 = AXIS2_PLACEMENT_3D('',#4766,#4767,#4768);
#4766 = CARTESIAN_POINT('',(-1.,-0.6,0.45));
#4767 = DIRECTION('',(0.,0.,1.));
#4768 = DIRECTION('',(1.,0.,-0.));
#4769 = ADVANCED_FACE('',(#4770),#4781,.T.);
#4770 = FACE_BOUND('',#4771,.T.);
#4771 = EDGE_LOOP('',(#4772,#4778,#4779,#4780));
#4772 = ORIENTED_EDGE('',*,*,#4773,.T.);
#4773 = EDGE_CURVE('',#4509,#4626,#4774,.T.);
#4774 = LINE('',#4775,#4776);
#4775 = CARTESIAN_POINT('',(-0.7,-0.6,0.405));
#4776 = VECTOR('',#4777,1.);
#4777 = DIRECTION('',(0.,1.,0.));
#4778 = ORIENTED_EDGE('',*,*,#4625,.T.);
#4779 = ORIENTED_EDGE('',*,*,#4759,.F.);
#4780 = ORIENTED_EDGE('',*,*,#4508,.F.);
#4781 = CYLINDRICAL_SURFACE('',#4782,4.5E-02);
#4782 = AXIS2_PLACEMENT_3D('',#4783,#4784,#4785);
#4783 = CARTESIAN_POINT('',(-0.745,-0.6,0.405));
#4784 = DIRECTION('',(0.,1.,0.));
#4785 = DIRECTION('',(1.,0.,0.));
#4786 = ADVANCED_FACE('',(#4787),#4830,.T.);
#4787 = FACE_BOUND('',#4788,.T.);
#4788 = EDGE_LOOP('',(#4789,#4790,#4791,#4792,#4800,#4808,#4816,#4824));
#4789 = ORIENTED_EDGE('',*,*,#4650,.F.);
#4790 = ORIENTED_EDGE('',*,*,#4642,.T.);
#4791 = ORIENTED_EDGE('',*,*,#4634,.T.);
#4792 = ORIENTED_EDGE('',*,*,#4793,.T.);
#4793 = EDGE_CURVE('',#4626,#4794,#4796,.T.);
#4794 = VERTEX_POINT('',#4795);
#4795 = CARTESIAN_POINT('',(0.7,0.6,0.405));
#4796 = LINE('',#4797,#4798);
#4797 = CARTESIAN_POINT('',(-0.7,0.6,0.405));
#4798 = VECTOR('',#4799,1.);
#4799 = DIRECTION('',(1.,0.,0.));
#4800 = ORIENTED_EDGE('',*,*,#4801,.T.);
#4801 = EDGE_CURVE('',#4794,#4802,#4804,.T.);
#4802 = VERTEX_POINT('',#4803);
#4803 = CARTESIAN_POINT('',(0.955,0.6,0.405));
#4804 = LINE('',#4805,#4806);
#4805 = CARTESIAN_POINT('',(-0.955,0.6,0.405));
#4806 = VECTOR('',#4807,1.);
#4807 = DIRECTION('',(1.,0.,0.));
#4808 = ORIENTED_EDGE('',*,*,#4809,.F.);
#4809 = EDGE_CURVE('',#4810,#4802,#4812,.T.);
#4810 = VERTEX_POINT('',#4811);
#4811 = CARTESIAN_POINT('',(0.955,0.6,4.5E-02));
#4812 = LINE('',#4813,#4814);
#4813 = CARTESIAN_POINT('',(0.955,0.6,4.5E-02));
#4814 = VECTOR('',#4815,1.);
#4815 = DIRECTION('',(0.,0.,1.));
#4816 = ORIENTED_EDGE('',*,*,#4817,.F.);
#4817 = EDGE_CURVE('',#4818,#4810,#4820,.T.);
#4818 = VERTEX_POINT('',#4819);
#4819 = CARTESIAN_POINT('',(0.7,0.6,4.5E-02));
#4820 = LINE('',#4821,#4822);
#4821 = CARTESIAN_POINT('',(-0.955,0.6,4.5E-02));
#4822 = VECTOR('',#4823,1.);
#4823 = DIRECTION('',(1.,0.,0.));
#4824 = ORIENTED_EDGE('',*,*,#4825,.F.);
#4825 = EDGE_CURVE('',#4651,#4818,#4826,.T.);
#4826 = LINE('',#4827,#4828);
#4827 = CARTESIAN_POINT('',(-0.955,0.6,4.5E-02));
#4828 = VECTOR('',#4829,1.);
#4829 = DIRECTION('',(1.,0.,0.));
#4830 = PLANE('',#4831);
#4831 = AXIS2_PLACEMENT_3D('',#4832,#4833,#4834);
#4832 = CARTESIAN_POINT('',(-0.955,0.6,4.5E-02));
#4833 = DIRECTION('',(0.,1.,0.));
#4834 = DIRECTION('',(0.,-0.,1.));
#4835 = ADVANCED_FACE('',(#4836),#4847,.F.);
#4836 = FACE_BOUND('',#4837,.F.);
#4837 = EDGE_LOOP('',(#4838,#4839,#4840,#4846));
#4838 = ORIENTED_EDGE('',*,*,#4693,.F.);
#4839 = ORIENTED_EDGE('',*,*,#4742,.T.);
#4840 = ORIENTED_EDGE('',*,*,#4841,.T.);
#4841 = EDGE_CURVE('',#4735,#4818,#4842,.T.);
#4842 = LINE('',#4843,#4844);
#4843 = CARTESIAN_POINT('',(0.7,-0.6,4.5E-02));
#4844 = VECTOR('',#4845,1.);
#4845 = DIRECTION('',(0.,1.,0.));
#4846 = ORIENTED_EDGE('',*,*,#4825,.F.);
#4847 = PLANE('',#4848);
#4848 = AXIS2_PLACEMENT_3D('',#4849,#4850,#4851);
#4849 = CARTESIAN_POINT('',(-0.955,-0.6,4.5E-02));
#4850 = DIRECTION('',(0.,0.,1.));
#4851 = DIRECTION('',(1.,0.,-0.));
#4852 = ADVANCED_FACE('',(#4853),#4916,.F.);
#4853 = FACE_BOUND('',#4854,.F.);
#4854 = EDGE_LOOP('',(#4855,#4865,#4872,#4873,#4874,#4875,#4884,#4892,
    #4901,#4909));
#4855 = ORIENTED_EDGE('',*,*,#4856,.F.);
#4856 = EDGE_CURVE('',#4857,#4859,#4861,.T.);
#4857 = VERTEX_POINT('',#4858);
#4858 = CARTESIAN_POINT('',(0.745,-0.6,-2.775557561563E-17));
#4859 = VERTEX_POINT('',#4860);
#4860 = CARTESIAN_POINT('',(0.955,-0.6,-2.775557561563E-17));
#4861 = LINE('',#4862,#4863);
#4862 = CARTESIAN_POINT('',(0.7,-0.6,0.));
#4863 = VECTOR('',#4864,1.);
#4864 = DIRECTION('',(1.,0.,0.));
#4865 = ORIENTED_EDGE('',*,*,#4866,.F.);
#4866 = EDGE_CURVE('',#4735,#4857,#4867,.T.);
#4867 = CIRCLE('',#4868,4.5E-02);
#4868 = AXIS2_PLACEMENT_3D('',#4869,#4870,#4871);
#4869 = CARTESIAN_POINT('',(0.745,-0.6,4.5E-02));
#4870 = DIRECTION('',(0.,-1.,0.));
#4871 = DIRECTION('',(0.,0.,1.));
#4872 = ORIENTED_EDGE('',*,*,#4734,.T.);
#4873 = ORIENTED_EDGE('',*,*,#4726,.T.);
#4874 = ORIENTED_EDGE('',*,*,#4718,.F.);
#4875 = ORIENTED_EDGE('',*,*,#4876,.T.);
#4876 = EDGE_CURVE('',#4711,#4877,#4879,.T.);
#4877 = VERTEX_POINT('',#4878);
#4878 = CARTESIAN_POINT('',(0.745,-0.6,0.45));
#4879 = CIRCLE('',#4880,4.5E-02);
#4880 = AXIS2_PLACEMENT_3D('',#4881,#4882,#4883);
#4881 = CARTESIAN_POINT('',(0.745,-0.6,0.405));
#4882 = DIRECTION('',(0.,1.,0.));
#4883 = DIRECTION('',(0.,-0.,1.));
#4884 = ORIENTED_EDGE('',*,*,#4885,.T.);
#4885 = EDGE_CURVE('',#4877,#4886,#4888,.T.);
#4886 = VERTEX_POINT('',#4887);
#4887 = CARTESIAN_POINT('',(0.955,-0.6,0.45));
#4888 = LINE('',#4889,#4890);
#4889 = CARTESIAN_POINT('',(0.7,-0.6,0.45));
#4890 = VECTOR('',#4891,1.);
#4891 = DIRECTION('',(1.,0.,0.));
#4892 = ORIENTED_EDGE('',*,*,#4893,.F.);
#4893 = EDGE_CURVE('',#4894,#4886,#4896,.T.);
#4894 = VERTEX_POINT('',#4895);
#4895 = CARTESIAN_POINT('',(1.,-0.6,0.405));
#4896 = CIRCLE('',#4897,4.5E-02);
#4897 = AXIS2_PLACEMENT_3D('',#4898,#4899,#4900);
#4898 = CARTESIAN_POINT('',(0.955,-0.6,0.405));
#4899 = DIRECTION('',(0.,-1.,0.));
#4900 = DIRECTION('',(0.,0.,1.));
#4901 = ORIENTED_EDGE('',*,*,#4902,.F.);
#4902 = EDGE_CURVE('',#4903,#4894,#4905,.T.);
#4903 = VERTEX_POINT('',#4904);
#4904 = CARTESIAN_POINT('',(1.,-0.6,4.5E-02));
#4905 = LINE('',#4906,#4907);
#4906 = CARTESIAN_POINT('',(1.,-0.6,0.));
#4907 = VECTOR('',#4908,1.);
#4908 = DIRECTION('',(0.,0.,1.));
#4909 = ORIENTED_EDGE('',*,*,#4910,.T.);
#4910 = EDGE_CURVE('',#4903,#4859,#4911,.T.);
#4911 = CIRCLE('',#4912,4.5E-02);
#4912 = AXIS2_PLACEMENT_3D('',#4913,#4914,#4915);
#4913 = CARTESIAN_POINT('',(0.955,-0.6,4.5E-02));
#4914 = DIRECTION('',(0.,1.,0.));
#4915 = DIRECTION('',(0.,-0.,1.));
#4916 = PLANE('',#4917);
#4917 = AXIS2_PLACEMENT_3D('',#4918,#4919,#4920);
#4918 = CARTESIAN_POINT('',(0.7,-0.6,0.));
#4919 = DIRECTION('',(0.,1.,0.));
#4920 = DIRECTION('',(0.,-0.,1.));
#4921 = ADVANCED_FACE('',(#4922),#4947,.F.);
#4922 = FACE_BOUND('',#4923,.F.);
#4923 = EDGE_LOOP('',(#4924,#4925,#4933,#4941));
#4924 = ORIENTED_EDGE('',*,*,#4710,.F.);
#4925 = ORIENTED_EDGE('',*,*,#4926,.T.);
#4926 = EDGE_CURVE('',#4509,#4927,#4929,.T.);
#4927 = VERTEX_POINT('',#4928);
#4928 = CARTESIAN_POINT('',(-0.7,-0.6,0.45));
#4929 = LINE('',#4930,#4931);
#4930 = CARTESIAN_POINT('',(-0.7,-0.6,0.405));
#4931 = VECTOR('',#4932,1.);
#4932 = DIRECTION('',(0.,0.,1.));
#4933 = ORIENTED_EDGE('',*,*,#4934,.T.);
#4934 = EDGE_CURVE('',#4927,#4935,#4937,.T.);
#4935 = VERTEX_POINT('',#4936);
#4936 = CARTESIAN_POINT('',(0.7,-0.6,0.45));
#4937 = LINE('',#4938,#4939);
#4938 = CARTESIAN_POINT('',(-0.7,-0.6,0.45));
#4939 = VECTOR('',#4940,1.);
#4940 = DIRECTION('',(1.,0.,0.));
#4941 = ORIENTED_EDGE('',*,*,#4942,.F.);
#4942 = EDGE_CURVE('',#4711,#4935,#4943,.T.);
#4943 = LINE('',#4944,#4945);
#4944 = CARTESIAN_POINT('',(0.7,-0.6,0.405));
#4945 = VECTOR('',#4946,1.);
#4946 = DIRECTION('',(0.,0.,1.));
#4947 = PLANE('',#4948);
#4948 = AXIS2_PLACEMENT_3D('',#4949,#4950,#4951);
#4949 = CARTESIAN_POINT('',(-0.7,-0.6,0.405));
#4950 = DIRECTION('',(0.,1.,0.));
#4951 = DIRECTION('',(0.,-0.,1.));
#4952 = ADVANCED_FACE('',(#4953),#4971,.F.);
#4953 = FACE_BOUND('',#4954,.F.);
#4954 = EDGE_LOOP('',(#4955,#4956,#4957,#4965));
#4955 = ORIENTED_EDGE('',*,*,#4926,.F.);
#4956 = ORIENTED_EDGE('',*,*,#4773,.T.);
#4957 = ORIENTED_EDGE('',*,*,#4958,.T.);
#4958 = EDGE_CURVE('',#4626,#4959,#4961,.T.);
#4959 = VERTEX_POINT('',#4960);
#4960 = CARTESIAN_POINT('',(-0.7,0.6,0.45));
#4961 = LINE('',#4962,#4963);
#4962 = CARTESIAN_POINT('',(-0.7,0.6,0.405));
#4963 = VECTOR('',#4964,1.);
#4964 = DIRECTION('',(0.,0.,1.));
#4965 = ORIENTED_EDGE('',*,*,#4966,.F.);
#4966 = EDGE_CURVE('',#4927,#4959,#4967,.T.);
#4967 = LINE('',#4968,#4969);
#4968 = CARTESIAN_POINT('',(-0.7,-0.6,0.45));
#4969 = VECTOR('',#4970,1.);
#4970 = DIRECTION('',(0.,1.,0.));
#4971 = PLANE('',#4972);
#4972 = AXIS2_PLACEMENT_3D('',#4973,#4974,#4975);
#4973 = CARTESIAN_POINT('',(-0.7,-0.6,0.405));
#4974 = DIRECTION('',(1.,0.,0.));
#4975 = DIRECTION('',(0.,0.,1.));
#4976 = ADVANCED_FACE('',(#4977),#5040,.T.);
#4977 = FACE_BOUND('',#4978,.T.);
#4978 = EDGE_LOOP('',(#4979,#4989,#4996,#4997,#4998,#4999,#5008,#5016,
    #5025,#5033));
#4979 = ORIENTED_EDGE('',*,*,#4980,.F.);
#4980 = EDGE_CURVE('',#4981,#4983,#4985,.T.);
#4981 = VERTEX_POINT('',#4982);
#4982 = CARTESIAN_POINT('',(0.745,0.6,-2.775557561563E-17));
#4983 = VERTEX_POINT('',#4984);
#4984 = CARTESIAN_POINT('',(0.955,0.6,-2.775557561563E-17));
#4985 = LINE('',#4986,#4987);
#4986 = CARTESIAN_POINT('',(0.7,0.6,0.));
#4987 = VECTOR('',#4988,1.);
#4988 = DIRECTION('',(1.,0.,0.));
#4989 = ORIENTED_EDGE('',*,*,#4990,.F.);
#4990 = EDGE_CURVE('',#4818,#4981,#4991,.T.);
#4991 = CIRCLE('',#4992,4.5E-02);
#4992 = AXIS2_PLACEMENT_3D('',#4993,#4994,#4995);
#4993 = CARTESIAN_POINT('',(0.745,0.6,4.5E-02));
#4994 = DIRECTION('',(0.,-1.,0.));
#4995 = DIRECTION('',(0.,0.,1.));
#4996 = ORIENTED_EDGE('',*,*,#4817,.T.);
#4997 = ORIENTED_EDGE('',*,*,#4809,.T.);
#4998 = ORIENTED_EDGE('',*,*,#4801,.F.);
#4999 = ORIENTED_EDGE('',*,*,#5000,.T.);
#5000 = EDGE_CURVE('',#4794,#5001,#5003,.T.);
#5001 = VERTEX_POINT('',#5002);
#5002 = CARTESIAN_POINT('',(0.745,0.6,0.45));
#5003 = CIRCLE('',#5004,4.5E-02);
#5004 = AXIS2_PLACEMENT_3D('',#5005,#5006,#5007);
#5005 = CARTESIAN_POINT('',(0.745,0.6,0.405));
#5006 = DIRECTION('',(0.,1.,0.));
#5007 = DIRECTION('',(0.,-0.,1.));
#5008 = ORIENTED_EDGE('',*,*,#5009,.T.);
#5009 = EDGE_CURVE('',#5001,#5010,#5012,.T.);
#5010 = VERTEX_POINT('',#5011);
#5011 = CARTESIAN_POINT('',(0.955,0.6,0.45));
#5012 = LINE('',#5013,#5014);
#5013 = CARTESIAN_POINT('',(0.7,0.6,0.45));
#5014 = VECTOR('',#5015,1.);
#5015 = DIRECTION('',(1.,0.,0.));
#5016 = ORIENTED_EDGE('',*,*,#5017,.F.);
#5017 = EDGE_CURVE('',#5018,#5010,#5020,.T.);
#5018 = VERTEX_POINT('',#5019);
#5019 = CARTESIAN_POINT('',(1.,0.6,0.405));
#5020 = CIRCLE('',#5021,4.5E-02);
#5021 = AXIS2_PLACEMENT_3D('',#5022,#5023,#5024);
#5022 = CARTESIAN_POINT('',(0.955,0.6,0.405));
#5023 = DIRECTION('',(0.,-1.,0.));
#5024 = DIRECTION('',(0.,0.,1.));
#5025 = ORIENTED_EDGE('',*,*,#5026,.F.);
#5026 = EDGE_CURVE('',#5027,#5018,#5029,.T.);
#5027 = VERTEX_POINT('',#5028);
#5028 = CARTESIAN_POINT('',(1.,0.6,4.5E-02));
#5029 = LINE('',#5030,#5031);
#5030 = CARTESIAN_POINT('',(1.,0.6,0.));
#5031 = VECTOR('',#5032,1.);
#5032 = DIRECTION('',(0.,0.,1.));
#5033 = ORIENTED_EDGE('',*,*,#5034,.T.);
#5034 = EDGE_CURVE('',#5027,#4983,#5035,.T.);
#5035 = CIRCLE('',#5036,4.5E-02);
#5036 = AXIS2_PLACEMENT_3D('',#5037,#5038,#5039);
#5037 = CARTESIAN_POINT('',(0.955,0.6,4.5E-02));
#5038 = DIRECTION('',(0.,1.,0.));
#5039 = DIRECTION('',(0.,-0.,1.));
#5040 = PLANE('',#5041);
#5041 = AXIS2_PLACEMENT_3D('',#5042,#5043,#5044);
#5042 = CARTESIAN_POINT('',(0.7,0.6,0.));
#5043 = DIRECTION('',(0.,1.,0.));
#5044 = DIRECTION('',(0.,-0.,1.));
#5045 = ADVANCED_FACE('',(#5046),#5064,.T.);
#5046 = FACE_BOUND('',#5047,.T.);
#5047 = EDGE_LOOP('',(#5048,#5049,#5050,#5058));
#5048 = ORIENTED_EDGE('',*,*,#4793,.F.);
#5049 = ORIENTED_EDGE('',*,*,#4958,.T.);
#5050 = ORIENTED_EDGE('',*,*,#5051,.T.);
#5051 = EDGE_CURVE('',#4959,#5052,#5054,.T.);
#5052 = VERTEX_POINT('',#5053);
#5053 = CARTESIAN_POINT('',(0.7,0.6,0.45));
#5054 = LINE('',#5055,#5056);
#5055 = CARTESIAN_POINT('',(-0.7,0.6,0.45));
#5056 = VECTOR('',#5057,1.);
#5057 = DIRECTION('',(1.,0.,0.));
#5058 = ORIENTED_EDGE('',*,*,#5059,.F.);
#5059 = EDGE_CURVE('',#4794,#5052,#5060,.T.);
#5060 = LINE('',#5061,#5062);
#5061 = CARTESIAN_POINT('',(0.7,0.6,0.405));
#5062 = VECTOR('',#5063,1.);
#5063 = DIRECTION('',(0.,0.,1.));
#5064 = PLANE('',#5065);
#5065 = AXIS2_PLACEMENT_3D('',#5066,#5067,#5068);
#5066 = CARTESIAN_POINT('',(-0.7,0.6,0.405));
#5067 = DIRECTION('',(0.,1.,0.));
#5068 = DIRECTION('',(0.,-0.,1.));
#5069 = ADVANCED_FACE('',(#5070),#5081,.T.);
#5070 = FACE_BOUND('',#5071,.T.);
#5071 = EDGE_LOOP('',(#5072,#5073,#5074,#5080));
#5072 = ORIENTED_EDGE('',*,*,#4841,.T.);
#5073 = ORIENTED_EDGE('',*,*,#4990,.T.);
#5074 = ORIENTED_EDGE('',*,*,#5075,.F.);
#5075 = EDGE_CURVE('',#4857,#4981,#5076,.T.);
#5076 = LINE('',#5077,#5078);
#5077 = CARTESIAN_POINT('',(0.745,-0.6,-2.775557561563E-17));
#5078 = VECTOR('',#5079,1.);
#5079 = DIRECTION('',(0.,1.,0.));
#5080 = ORIENTED_EDGE('',*,*,#4866,.F.);
#5081 = CYLINDRICAL_SURFACE('',#5082,4.5E-02);
#5082 = AXIS2_PLACEMENT_3D('',#5083,#5084,#5085);
#5083 = CARTESIAN_POINT('',(0.745,-0.6,4.5E-02));
#5084 = DIRECTION('',(0.,1.,0.));
#5085 = DIRECTION('',(-1.,0.,0.));
#5086 = ADVANCED_FACE('',(#5087),#5098,.F.);
#5087 = FACE_BOUND('',#5088,.F.);
#5088 = EDGE_LOOP('',(#5089,#5090,#5091,#5092));
#5089 = ORIENTED_EDGE('',*,*,#4980,.F.);
#5090 = ORIENTED_EDGE('',*,*,#5075,.F.);
#5091 = ORIENTED_EDGE('',*,*,#4856,.T.);
#5092 = ORIENTED_EDGE('',*,*,#5093,.T.);
#5093 = EDGE_CURVE('',#4859,#4983,#5094,.T.);
#5094 = LINE('',#5095,#5096);
#5095 = CARTESIAN_POINT('',(0.955,-0.6,-2.775557561563E-17));
#5096 = VECTOR('',#5097,1.);
#5097 = DIRECTION('',(0.,1.,0.));
#5098 = PLANE('',#5099);
#5099 = AXIS2_PLACEMENT_3D('',#5100,#5101,#5102);
#5100 = CARTESIAN_POINT('',(0.7,-0.6,0.));
#5101 = DIRECTION('',(0.,0.,1.));
#5102 = DIRECTION('',(1.,0.,-0.));
#5103 = ADVANCED_FACE('',(#5104),#5115,.T.);
#5104 = FACE_BOUND('',#5105,.T.);
#5105 = EDGE_LOOP('',(#5106,#5107,#5108,#5109));
#5106 = ORIENTED_EDGE('',*,*,#4910,.T.);
#5107 = ORIENTED_EDGE('',*,*,#5093,.T.);
#5108 = ORIENTED_EDGE('',*,*,#5034,.F.);
#5109 = ORIENTED_EDGE('',*,*,#5110,.F.);
#5110 = EDGE_CURVE('',#4903,#5027,#5111,.T.);
#5111 = LINE('',#5112,#5113);
#5112 = CARTESIAN_POINT('',(1.,-0.6,4.5E-02));
#5113 = VECTOR('',#5114,1.);
#5114 = DIRECTION('',(0.,1.,0.));
#5115 = CYLINDRICAL_SURFACE('',#5116,4.5E-02);
#5116 = AXIS2_PLACEMENT_3D('',#5117,#5118,#5119);
#5117 = CARTESIAN_POINT('',(0.955,-0.6,4.5E-02));
#5118 = DIRECTION('',(0.,1.,0.));
#5119 = DIRECTION('',(1.,0.,0.));
#5120 = ADVANCED_FACE('',(#5121),#5132,.T.);
#5121 = FACE_BOUND('',#5122,.T.);
#5122 = EDGE_LOOP('',(#5123,#5124,#5125,#5126));
#5123 = ORIENTED_EDGE('',*,*,#4902,.F.);
#5124 = ORIENTED_EDGE('',*,*,#5110,.T.);
#5125 = ORIENTED_EDGE('',*,*,#5026,.T.);
#5126 = ORIENTED_EDGE('',*,*,#5127,.F.);
#5127 = EDGE_CURVE('',#4894,#5018,#5128,.T.);
#5128 = LINE('',#5129,#5130);
#5129 = CARTESIAN_POINT('',(1.,-0.6,0.405));
#5130 = VECTOR('',#5131,1.);
#5131 = DIRECTION('',(0.,1.,0.));
#5132 = PLANE('',#5133);
#5133 = AXIS2_PLACEMENT_3D('',#5134,#5135,#5136);
#5134 = CARTESIAN_POINT('',(1.,-0.6,0.));
#5135 = DIRECTION('',(1.,0.,0.));
#5136 = DIRECTION('',(0.,0.,1.));
#5137 = ADVANCED_FACE('',(#5138),#5149,.T.);
#5138 = FACE_BOUND('',#5139,.T.);
#5139 = EDGE_LOOP('',(#5140,#5141,#5142,#5148));
#5140 = ORIENTED_EDGE('',*,*,#5127,.T.);
#5141 = ORIENTED_EDGE('',*,*,#5017,.T.);
#5142 = ORIENTED_EDGE('',*,*,#5143,.F.);
#5143 = EDGE_CURVE('',#4886,#5010,#5144,.T.);
#5144 = LINE('',#5145,#5146);
#5145 = CARTESIAN_POINT('',(0.955,-0.6,0.45));
#5146 = VECTOR('',#5147,1.);
#5147 = DIRECTION('',(0.,1.,0.));
#5148 = ORIENTED_EDGE('',*,*,#4893,.F.);
#5149 = CYLINDRICAL_SURFACE('',#5150,4.5E-02);
#5150 = AXIS2_PLACEMENT_3D('',#5151,#5152,#5153);
#5151 = CARTESIAN_POINT('',(0.955,-0.6,0.405));
#5152 = DIRECTION('',(0.,1.,0.));
#5153 = DIRECTION('',(1.,0.,0.));
#5154 = ADVANCED_FACE('',(#5155),#5166,.T.);
#5155 = FACE_BOUND('',#5156,.T.);
#5156 = EDGE_LOOP('',(#5157,#5158,#5164,#5165));
#5157 = ORIENTED_EDGE('',*,*,#5009,.F.);
#5158 = ORIENTED_EDGE('',*,*,#5159,.F.);
#5159 = EDGE_CURVE('',#4877,#5001,#5160,.T.);
#5160 = LINE('',#5161,#5162);
#5161 = CARTESIAN_POINT('',(0.745,-0.6,0.45));
#5162 = VECTOR('',#5163,1.);
#5163 = DIRECTION('',(0.,1.,0.));
#5164 = ORIENTED_EDGE('',*,*,#4885,.T.);
#5165 = ORIENTED_EDGE('',*,*,#5143,.T.);
#5166 = PLANE('',#5167);
#5167 = AXIS2_PLACEMENT_3D('',#5168,#5169,#5170);
#5168 = CARTESIAN_POINT('',(0.7,-0.6,0.45));
#5169 = DIRECTION('',(0.,0.,1.));
#5170 = DIRECTION('',(1.,0.,-0.));
#5171 = ADVANCED_FACE('',(#5172),#5183,.T.);
#5172 = FACE_BOUND('',#5173,.T.);
#5173 = EDGE_LOOP('',(#5174,#5175,#5176,#5177));
#5174 = ORIENTED_EDGE('',*,*,#4876,.T.);
#5175 = ORIENTED_EDGE('',*,*,#5159,.T.);
#5176 = ORIENTED_EDGE('',*,*,#5000,.F.);
#5177 = ORIENTED_EDGE('',*,*,#5178,.F.);
#5178 = EDGE_CURVE('',#4711,#4794,#5179,.T.);
#5179 = LINE('',#5180,#5181);
#5180 = CARTESIAN_POINT('',(0.7,-0.6,0.405));
#5181 = VECTOR('',#5182,1.);
#5182 = DIRECTION('',(0.,1.,0.));
#5183 = CYLINDRICAL_SURFACE('',#5184,4.5E-02);
#5184 = AXIS2_PLACEMENT_3D('',#5185,#5186,#5187);
#5185 = CARTESIAN_POINT('',(0.745,-0.6,0.405));
#5186 = DIRECTION('',(0.,1.,0.));
#5187 = DIRECTION('',(-1.,0.,0.));
#5188 = ADVANCED_FACE('',(#5189),#5200,.T.);
#5189 = FACE_BOUND('',#5190,.T.);
#5190 = EDGE_LOOP('',(#5191,#5192,#5193,#5194));
#5191 = ORIENTED_EDGE('',*,*,#4942,.F.);
#5192 = ORIENTED_EDGE('',*,*,#5178,.T.);
#5193 = ORIENTED_EDGE('',*,*,#5059,.T.);
#5194 = ORIENTED_EDGE('',*,*,#5195,.F.);
#5195 = EDGE_CURVE('',#4935,#5052,#5196,.T.);
#5196 = LINE('',#5197,#5198);
#5197 = CARTESIAN_POINT('',(0.7,-0.6,0.45));
#5198 = VECTOR('',#5199,1.);
#5199 = DIRECTION('',(0.,1.,0.));
#5200 = PLANE('',#5201);
#5201 = AXIS2_PLACEMENT_3D('',#5202,#5203,#5204);
#5202 = CARTESIAN_POINT('',(0.7,-0.6,0.405));
#5203 = DIRECTION('',(1.,0.,0.));
#5204 = DIRECTION('',(0.,0.,1.));
#5205 = ADVANCED_FACE('',(#5206),#5212,.T.);
#5206 = FACE_BOUND('',#5207,.T.);
#5207 = EDGE_LOOP('',(#5208,#5209,#5210,#5211));
#5208 = ORIENTED_EDGE('',*,*,#4966,.F.);
#5209 = ORIENTED_EDGE('',*,*,#4934,.T.);
#5210 = ORIENTED_EDGE('',*,*,#5195,.T.);
#5211 = ORIENTED_EDGE('',*,*,#5051,.F.);
#5212 = PLANE('',#5213);
#5213 = AXIS2_PLACEMENT_3D('',#5214,#5215,#5216);
#5214 = CARTESIAN_POINT('',(-0.7,-0.6,0.45));
#5215 = DIRECTION('',(0.,0.,1.));
#5216 = DIRECTION('',(1.,0.,-0.));
#5217 = ( GEOMETRIC_REPRESENTATION_CONTEXT(3) 
GLOBAL_UNCERTAINTY_ASSIGNED_CONTEXT((#5221)) 
GLOBAL_UNIT_ASSIGNED_CONTEXT((#5218,#5219,#5220)) REPRESENTATION_CONTEXT
('Context #1','3D Context with UNIT and UNCERTAINTY') );
#5218 = ( LENGTH_UNIT() NAMED_UNIT(*) SI_UNIT(.MILLI.,.METRE.) );
#5219 = ( NAMED_UNIT(*) PLANE_ANGLE_UNIT() SI_UNIT($,.RADIAN.) );
#5220 = ( NAMED_UNIT(*) SI_UNIT($,.STERADIAN.) SOLID_ANGLE_UNIT() );
#5221 = UNCERTAINTY_MEASURE_WITH_UNIT(LENGTH_MEASURE(1.E-07),#5218,
  'distance_accuracy_value','confusion accuracy');
#5222 = CONTEXT_DEPENDENT_SHAPE_REPRESENTATION(#5223,#5225);
#5223 = ( REPRESENTATION_RELATIONSHIP('','',#4426,#10) 
REPRESENTATION_RELATIONSHIP_WITH_TRANSFORMATION(#5224) 
SHAPE_REPRESENTATION_RELATIONSHIP() );
#5224 = ITEM_DEFINED_TRANSFORMATION('','',#11,#27);
#5225 = PRODUCT_DEFINITION_SHAPE('Placement','Placement of an item',
  #5226);
#5226 = NEXT_ASSEMBLY_USAGE_OCCURRENCE('4','R3','',#5,#4421,$);
#5227 = PRODUCT_RELATED_PRODUCT_CATEGORY('part',$,(#4423));
#5228 = SHAPE_DEFINITION_REPRESENTATION(#5229,#5235);
#5229 = PRODUCT_DEFINITION_SHAPE('','',#5230);
#5230 = PRODUCT_DEFINITION('design','',#5231,#5234);
#5231 = PRODUCT_DEFINITION_FORMATION('','',#5232);
#5232 = PRODUCT('C_0805_2012Metric','C_0805_2012Metric','',(#5233));
#5233 = PRODUCT_CONTEXT('',#2,'mechanical');
#5234 = PRODUCT_DEFINITION_CONTEXT('part definition',#2,'design');
#5235 = ADVANCED_BREP_SHAPE_REPRESENTATION('',(#11,#5236),#6090);
#5236 = MANIFOLD_SOLID_BREP('',#5237);
#5237 = CLOSED_SHELL('',(#5238,#5314,#5345,#5370,#5395,#5419,#5443,#5468
    ,#5493,#5510,#5596,#5628,#5652,#5677,#5701,#5726,#5750,#5775,#5792,
    #5878,#5909,#5934,#5959,#5983,#6007,#6032,#6057,#6074));
#5238 = ADVANCED_FACE('',(#5239),#5309,.F.);
#5239 = FACE_BOUND('',#5240,.F.);
#5240 = EDGE_LOOP('',(#5241,#5251,#5260,#5268,#5277,#5285,#5294,#5302));
#5241 = ORIENTED_EDGE('',*,*,#5242,.F.);
#5242 = EDGE_CURVE('',#5243,#5245,#5247,.T.);
#5243 = VERTEX_POINT('',#5244);
#5244 = CARTESIAN_POINT('',(-1.,-0.625,4.E-02));
#5245 = VERTEX_POINT('',#5246);
#5246 = CARTESIAN_POINT('',(-1.,-0.625,1.21));
#5247 = LINE('',#5248,#5249);
#5248 = CARTESIAN_POINT('',(-1.,-0.625,0.));
#5249 = VECTOR('',#5250,1.);
#5250 = DIRECTION('',(0.,0.,1.));
#5251 = ORIENTED_EDGE('',*,*,#5252,.T.);
#5252 = EDGE_CURVE('',#5243,#5253,#5255,.T.);
#5253 = VERTEX_POINT('',#5254);
#5254 = CARTESIAN_POINT('',(-1.,-0.585,0.));
#5255 = CIRCLE('',#5256,4.E-02);
#5256 = AXIS2_PLACEMENT_3D('',#5257,#5258,#5259);
#5257 = CARTESIAN_POINT('',(-1.,-0.585,4.E-02));
#5258 = DIRECTION('',(1.,0.,-0.));
#5259 = DIRECTION('',(0.,0.,1.));
#5260 = ORIENTED_EDGE('',*,*,#5261,.T.);
#5261 = EDGE_CURVE('',#5253,#5262,#5264,.T.);
#5262 = VERTEX_POINT('',#5263);
#5263 = CARTESIAN_POINT('',(-1.,0.585,0.));
#5264 = LINE('',#5265,#5266);
#5265 = CARTESIAN_POINT('',(-1.,-0.625,0.));
#5266 = VECTOR('',#5267,1.);
#5267 = DIRECTION('',(0.,1.,0.));
#5268 = ORIENTED_EDGE('',*,*,#5269,.F.);
#5269 = EDGE_CURVE('',#5270,#5262,#5272,.T.);
#5270 = VERTEX_POINT('',#5271);
#5271 = CARTESIAN_POINT('',(-1.,0.625,4.E-02));
#5272 = CIRCLE('',#5273,4.E-02);
#5273 = AXIS2_PLACEMENT_3D('',#5274,#5275,#5276);
#5274 = CARTESIAN_POINT('',(-1.,0.585,4.E-02));
#5275 = DIRECTION('',(-1.,0.,0.));
#5276 = DIRECTION('',(0.,0.,1.));
#5277 = ORIENTED_EDGE('',*,*,#5278,.T.);
#5278 = EDGE_CURVE('',#5270,#5279,#5281,.T.);
#5279 = VERTEX_POINT('',#5280);
#5280 = CARTESIAN_POINT('',(-1.,0.625,1.21));
#5281 = LINE('',#5282,#5283);
#5282 = CARTESIAN_POINT('',(-1.,0.625,0.));
#5283 = VECTOR('',#5284,1.);
#5284 = DIRECTION('',(0.,0.,1.));
#5285 = ORIENTED_EDGE('',*,*,#5286,.T.);
#5286 = EDGE_CURVE('',#5279,#5287,#5289,.T.);
#5287 = VERTEX_POINT('',#5288);
#5288 = CARTESIAN_POINT('',(-1.,0.585,1.25));
#5289 = CIRCLE('',#5290,4.E-02);
#5290 = AXIS2_PLACEMENT_3D('',#5291,#5292,#5293);
#5291 = CARTESIAN_POINT('',(-1.,0.585,1.21));
#5292 = DIRECTION('',(1.,0.,-0.));
#5293 = DIRECTION('',(0.,0.,1.));
#5294 = ORIENTED_EDGE('',*,*,#5295,.F.);
#5295 = EDGE_CURVE('',#5296,#5287,#5298,.T.);
#5296 = VERTEX_POINT('',#5297);
#5297 = CARTESIAN_POINT('',(-1.,-0.585,1.25));
#5298 = LINE('',#5299,#5300);
#5299 = CARTESIAN_POINT('',(-1.,-0.625,1.25));
#5300 = VECTOR('',#5301,1.);
#5301 = DIRECTION('',(0.,1.,0.));
#5302 = ORIENTED_EDGE('',*,*,#5303,.F.);
#5303 = EDGE_CURVE('',#5245,#5296,#5304,.T.);
#5304 = CIRCLE('',#5305,4.E-02);
#5305 = AXIS2_PLACEMENT_3D('',#5306,#5307,#5308);
#5306 = CARTESIAN_POINT('',(-1.,-0.585,1.21));
#5307 = DIRECTION('',(-1.,0.,0.));
#5308 = DIRECTION('',(0.,0.,1.));
#5309 = PLANE('',#5310);
#5310 = AXIS2_PLACEMENT_3D('',#5311,#5312,#5313);
#5311 = CARTESIAN_POINT('',(-1.,-0.625,0.));
#5312 = DIRECTION('',(1.,0.,0.));
#5313 = DIRECTION('',(0.,0.,1.));
#5314 = ADVANCED_FACE('',(#5315),#5340,.F.);
#5315 = FACE_BOUND('',#5316,.F.);
#5316 = EDGE_LOOP('',(#5317,#5327,#5333,#5334));
#5317 = ORIENTED_EDGE('',*,*,#5318,.F.);
#5318 = EDGE_CURVE('',#5319,#5321,#5323,.T.);
#5319 = VERTEX_POINT('',#5320);
#5320 = CARTESIAN_POINT('',(-0.6,-0.625,4.E-02));
#5321 = VERTEX_POINT('',#5322);
#5322 = CARTESIAN_POINT('',(-0.6,-0.625,1.21));
#5323 = LINE('',#5324,#5325);
#5324 = CARTESIAN_POINT('',(-0.6,-0.625,0.));
#5325 = VECTOR('',#5326,1.);
#5326 = DIRECTION('',(0.,0.,1.));
#5327 = ORIENTED_EDGE('',*,*,#5328,.F.);
#5328 = EDGE_CURVE('',#5243,#5319,#5329,.T.);
#5329 = LINE('',#5330,#5331);
#5330 = CARTESIAN_POINT('',(-1.,-0.625,4.E-02));
#5331 = VECTOR('',#5332,1.);
#5332 = DIRECTION('',(1.,0.,0.));
#5333 = ORIENTED_EDGE('',*,*,#5242,.T.);
#5334 = ORIENTED_EDGE('',*,*,#5335,.T.);
#5335 = EDGE_CURVE('',#5245,#5321,#5336,.T.);
#5336 = LINE('',#5337,#5338);
#5337 = CARTESIAN_POINT('',(-1.,-0.625,1.21));
#5338 = VECTOR('',#5339,1.);
#5339 = DIRECTION('',(1.,0.,0.));
#5340 = PLANE('',#5341);
#5341 = AXIS2_PLACEMENT_3D('',#5342,#5343,#5344);
#5342 = CARTESIAN_POINT('',(-1.,-0.625,0.));
#5343 = DIRECTION('',(0.,1.,0.));
#5344 = DIRECTION('',(0.,-0.,1.));
#5345 = ADVANCED_FACE('',(#5346),#5365,.T.);
#5346 = FACE_BOUND('',#5347,.T.);
#5347 = EDGE_LOOP('',(#5348,#5349,#5357,#5364));
#5348 = ORIENTED_EDGE('',*,*,#5252,.T.);
#5349 = ORIENTED_EDGE('',*,*,#5350,.T.);
#5350 = EDGE_CURVE('',#5253,#5351,#5353,.T.);
#5351 = VERTEX_POINT('',#5352);
#5352 = CARTESIAN_POINT('',(-0.6,-0.585,0.));
#5353 = LINE('',#5354,#5355);
#5354 = CARTESIAN_POINT('',(-1.,-0.585,0.));
#5355 = VECTOR('',#5356,1.);
#5356 = DIRECTION('',(1.,0.,0.));
#5357 = ORIENTED_EDGE('',*,*,#5358,.F.);
#5358 = EDGE_CURVE('',#5319,#5351,#5359,.T.);
#5359 = CIRCLE('',#5360,4.E-02);
#5360 = AXIS2_PLACEMENT_3D('',#5361,#5362,#5363);
#5361 = CARTESIAN_POINT('',(-0.6,-0.585,4.E-02));
#5362 = DIRECTION('',(1.,0.,-0.));
#5363 = DIRECTION('',(0.,0.,1.));
#5364 = ORIENTED_EDGE('',*,*,#5328,.F.);
#5365 = CYLINDRICAL_SURFACE('',#5366,4.E-02);
#5366 = AXIS2_PLACEMENT_3D('',#5367,#5368,#5369);
#5367 = CARTESIAN_POINT('',(-1.,-0.585,4.E-02));
#5368 = DIRECTION('',(1.,0.,0.));
#5369 = DIRECTION('',(0.,-1.,0.));
#5370 = ADVANCED_FACE('',(#5371),#5390,.T.);
#5371 = FACE_BOUND('',#5372,.T.);
#5372 = EDGE_LOOP('',(#5373,#5374,#5383,#5389));
#5373 = ORIENTED_EDGE('',*,*,#5335,.T.);
#5374 = ORIENTED_EDGE('',*,*,#5375,.T.);
#5375 = EDGE_CURVE('',#5321,#5376,#5378,.T.);
#5376 = VERTEX_POINT('',#5377);
#5377 = CARTESIAN_POINT('',(-0.6,-0.585,1.25));
#5378 = CIRCLE('',#5379,4.E-02);
#5379 = AXIS2_PLACEMENT_3D('',#5380,#5381,#5382);
#5380 = CARTESIAN_POINT('',(-0.6,-0.585,1.21));
#5381 = DIRECTION('',(-1.,0.,0.));
#5382 = DIRECTION('',(0.,0.,1.));
#5383 = ORIENTED_EDGE('',*,*,#5384,.F.);
#5384 = EDGE_CURVE('',#5296,#5376,#5385,.T.);
#5385 = LINE('',#5386,#5387);
#5386 = CARTESIAN_POINT('',(-1.,-0.585,1.25));
#5387 = VECTOR('',#5388,1.);
#5388 = DIRECTION('',(1.,0.,0.));
#5389 = ORIENTED_EDGE('',*,*,#5303,.F.);
#5390 = CYLINDRICAL_SURFACE('',#5391,4.E-02);
#5391 = AXIS2_PLACEMENT_3D('',#5392,#5393,#5394);
#5392 = CARTESIAN_POINT('',(-1.,-0.585,1.21));
#5393 = DIRECTION('',(1.,0.,0.));
#5394 = DIRECTION('',(0.,-1.,0.));
#5395 = ADVANCED_FACE('',(#5396),#5414,.F.);
#5396 = FACE_BOUND('',#5397,.F.);
#5397 = EDGE_LOOP('',(#5398,#5399,#5400,#5408));
#5398 = ORIENTED_EDGE('',*,*,#5261,.F.);
#5399 = ORIENTED_EDGE('',*,*,#5350,.T.);
#5400 = ORIENTED_EDGE('',*,*,#5401,.T.);
#5401 = EDGE_CURVE('',#5351,#5402,#5404,.T.);
#5402 = VERTEX_POINT('',#5403);
#5403 = CARTESIAN_POINT('',(-0.6,0.585,0.));
#5404 = LINE('',#5405,#5406);
#5405 = CARTESIAN_POINT('',(-0.6,-0.625,0.));
#5406 = VECTOR('',#5407,1.);
#5407 = DIRECTION('',(0.,1.,0.));
#5408 = ORIENTED_EDGE('',*,*,#5409,.F.);
#5409 = EDGE_CURVE('',#5262,#5402,#5410,.T.);
#5410 = LINE('',#5411,#5412);
#5411 = CARTESIAN_POINT('',(-1.,0.585,0.));
#5412 = VECTOR('',#5413,1.);
#5413 = DIRECTION('',(1.,0.,0.));
#5414 = PLANE('',#5415);
#5415 = AXIS2_PLACEMENT_3D('',#5416,#5417,#5418);
#5416 = CARTESIAN_POINT('',(-1.,-0.625,0.));
#5417 = DIRECTION('',(0.,0.,1.));
#5418 = DIRECTION('',(1.,0.,-0.));
#5419 = ADVANCED_FACE('',(#5420),#5438,.T.);
#5420 = FACE_BOUND('',#5421,.T.);
#5421 = EDGE_LOOP('',(#5422,#5423,#5424,#5432));
#5422 = ORIENTED_EDGE('',*,*,#5295,.F.);
#5423 = ORIENTED_EDGE('',*,*,#5384,.T.);
#5424 = ORIENTED_EDGE('',*,*,#5425,.T.);
#5425 = EDGE_CURVE('',#5376,#5426,#5428,.T.);
#5426 = VERTEX_POINT('',#5427);
#5427 = CARTESIAN_POINT('',(-0.6,0.585,1.25));
#5428 = LINE('',#5429,#5430);
#5429 = CARTESIAN_POINT('',(-0.6,-0.625,1.25));
#5430 = VECTOR('',#5431,1.);
#5431 = DIRECTION('',(0.,1.,0.));
#5432 = ORIENTED_EDGE('',*,*,#5433,.F.);
#5433 = EDGE_CURVE('',#5287,#5426,#5434,.T.);
#5434 = LINE('',#5435,#5436);
#5435 = CARTESIAN_POINT('',(-1.,0.585,1.25));
#5436 = VECTOR('',#5437,1.);
#5437 = DIRECTION('',(1.,0.,0.));
#5438 = PLANE('',#5439);
#5439 = AXIS2_PLACEMENT_3D('',#5440,#5441,#5442);
#5440 = CARTESIAN_POINT('',(-1.,-0.625,1.25));
#5441 = DIRECTION('',(0.,0.,1.));
#5442 = DIRECTION('',(1.,0.,-0.));
#5443 = ADVANCED_FACE('',(#5444),#5463,.T.);
#5444 = FACE_BOUND('',#5445,.T.);
#5445 = EDGE_LOOP('',(#5446,#5454,#5461,#5462));
#5446 = ORIENTED_EDGE('',*,*,#5447,.T.);
#5447 = EDGE_CURVE('',#5270,#5448,#5450,.T.);
#5448 = VERTEX_POINT('',#5449);
#5449 = CARTESIAN_POINT('',(-0.6,0.625,4.E-02));
#5450 = LINE('',#5451,#5452);
#5451 = CARTESIAN_POINT('',(-1.,0.625,4.E-02));
#5452 = VECTOR('',#5453,1.);
#5453 = DIRECTION('',(1.,0.,0.));
#5454 = ORIENTED_EDGE('',*,*,#5455,.T.);
#5455 = EDGE_CURVE('',#5448,#5402,#5456,.T.);
#5456 = CIRCLE('',#5457,4.E-02);
#5457 = AXIS2_PLACEMENT_3D('',#5458,#5459,#5460);
#5458 = CARTESIAN_POINT('',(-0.6,0.585,4.E-02));
#5459 = DIRECTION('',(-1.,0.,0.));
#5460 = DIRECTION('',(0.,0.,1.));
#5461 = ORIENTED_EDGE('',*,*,#5409,.F.);
#5462 = ORIENTED_EDGE('',*,*,#5269,.F.);
#5463 = CYLINDRICAL_SURFACE('',#5464,4.E-02);
#5464 = AXIS2_PLACEMENT_3D('',#5465,#5466,#5467);
#5465 = CARTESIAN_POINT('',(-1.,0.585,4.E-02));
#5466 = DIRECTION('',(1.,0.,0.));
#5467 = DIRECTION('',(-0.,1.,0.));
#5468 = ADVANCED_FACE('',(#5469),#5488,.T.);
#5469 = FACE_BOUND('',#5470,.T.);
#5470 = EDGE_LOOP('',(#5471,#5472,#5473,#5482));
#5471 = ORIENTED_EDGE('',*,*,#5286,.T.);
#5472 = ORIENTED_EDGE('',*,*,#5433,.T.);
#5473 = ORIENTED_EDGE('',*,*,#5474,.F.);
#5474 = EDGE_CURVE('',#5475,#5426,#5477,.T.);
#5475 = VERTEX_POINT('',#5476);
#5476 = CARTESIAN_POINT('',(-0.6,0.625,1.21));
#5477 = CIRCLE('',#5478,4.E-02);
#5478 = AXIS2_PLACEMENT_3D('',#5479,#5480,#5481);
#5479 = CARTESIAN_POINT('',(-0.6,0.585,1.21));
#5480 = DIRECTION('',(1.,0.,-0.));
#5481 = DIRECTION('',(0.,0.,1.));
#5482 = ORIENTED_EDGE('',*,*,#5483,.F.);
#5483 = EDGE_CURVE('',#5279,#5475,#5484,.T.);
#5484 = LINE('',#5485,#5486);
#5485 = CARTESIAN_POINT('',(-1.,0.625,1.21));
#5486 = VECTOR('',#5487,1.);
#5487 = DIRECTION('',(1.,0.,0.));
#5488 = CYLINDRICAL_SURFACE('',#5489,4.E-02);
#5489 = AXIS2_PLACEMENT_3D('',#5490,#5491,#5492);
#5490 = CARTESIAN_POINT('',(-1.,0.585,1.21));
#5491 = DIRECTION('',(1.,0.,0.));
#5492 = DIRECTION('',(-0.,1.,0.));
#5493 = ADVANCED_FACE('',(#5494),#5505,.T.);
#5494 = FACE_BOUND('',#5495,.T.);
#5495 = EDGE_LOOP('',(#5496,#5502,#5503,#5504));
#5496 = ORIENTED_EDGE('',*,*,#5497,.F.);
#5497 = EDGE_CURVE('',#5448,#5475,#5498,.T.);
#5498 = LINE('',#5499,#5500);
#5499 = CARTESIAN_POINT('',(-0.6,0.625,0.));
#5500 = VECTOR('',#5501,1.);
#5501 = DIRECTION('',(0.,0.,1.));
#5502 = ORIENTED_EDGE('',*,*,#5447,.F.);
#5503 = ORIENTED_EDGE('',*,*,#5278,.T.);
#5504 = ORIENTED_EDGE('',*,*,#5483,.T.);
#5505 = PLANE('',#5506);
#5506 = AXIS2_PLACEMENT_3D('',#5507,#5508,#5509);
#5507 = CARTESIAN_POINT('',(-1.,0.625,0.));
#5508 = DIRECTION('',(0.,1.,0.));
#5509 = DIRECTION('',(0.,-0.,1.));
#5510 = ADVANCED_FACE('',(#5511,#5521),#5591,.T.);
#5511 = FACE_BOUND('',#5512,.T.);
#5512 = EDGE_LOOP('',(#5513,#5514,#5515,#5516,#5517,#5518,#5519,#5520));
#5513 = ORIENTED_EDGE('',*,*,#5318,.F.);
#5514 = ORIENTED_EDGE('',*,*,#5358,.T.);
#5515 = ORIENTED_EDGE('',*,*,#5401,.T.);
#5516 = ORIENTED_EDGE('',*,*,#5455,.F.);
#5517 = ORIENTED_EDGE('',*,*,#5497,.T.);
#5518 = ORIENTED_EDGE('',*,*,#5474,.T.);
#5519 = ORIENTED_EDGE('',*,*,#5425,.F.);
#5520 = ORIENTED_EDGE('',*,*,#5375,.F.);
#5521 = FACE_BOUND('',#5522,.T.);
#5522 = EDGE_LOOP('',(#5523,#5534,#5542,#5551,#5559,#5568,#5576,#5585));
#5523 = ORIENTED_EDGE('',*,*,#5524,.F.);
#5524 = EDGE_CURVE('',#5525,#5527,#5529,.T.);
#5525 = VERTEX_POINT('',#5526);
#5526 = CARTESIAN_POINT('',(-0.6,-0.585,8.E-02));
#5527 = VERTEX_POINT('',#5528);
#5528 = CARTESIAN_POINT('',(-0.6,-0.545,4.E-02));
#5529 = CIRCLE('',#5530,4.E-02);
#5530 = AXIS2_PLACEMENT_3D('',#5531,#5532,#5533);
#5531 = CARTESIAN_POINT('',(-0.6,-0.545,8.E-02));
#5532 = DIRECTION('',(1.,0.,-0.));
#5533 = DIRECTION('',(0.,0.,1.));
#5534 = ORIENTED_EDGE('',*,*,#5535,.T.);
#5535 = EDGE_CURVE('',#5525,#5536,#5538,.T.);
#5536 = VERTEX_POINT('',#5537);
#5537 = CARTESIAN_POINT('',(-0.6,-0.585,1.17));
#5538 = LINE('',#5539,#5540);
#5539 = CARTESIAN_POINT('',(-0.6,-0.585,4.E-02));
#5540 = VECTOR('',#5541,1.);
#5541 = DIRECTION('',(0.,0.,1.));
#5542 = ORIENTED_EDGE('',*,*,#5543,.T.);
#5543 = EDGE_CURVE('',#5536,#5544,#5546,.T.);
#5544 = VERTEX_POINT('',#5545);
#5545 = CARTESIAN_POINT('',(-0.6,-0.545,1.21));
#5546 = CIRCLE('',#5547,4.E-02);
#5547 = AXIS2_PLACEMENT_3D('',#5548,#5549,#5550);
#5548 = CARTESIAN_POINT('',(-0.6,-0.545,1.17));
#5549 = DIRECTION('',(-1.,0.,0.));
#5550 = DIRECTION('',(0.,0.,1.));
#5551 = ORIENTED_EDGE('',*,*,#5552,.T.);
#5552 = EDGE_CURVE('',#5544,#5553,#5555,.T.);
#5553 = VERTEX_POINT('',#5554);
#5554 = CARTESIAN_POINT('',(-0.6,0.545,1.21));
#5555 = LINE('',#5556,#5557);
#5556 = CARTESIAN_POINT('',(-0.6,-0.585,1.21));
#5557 = VECTOR('',#5558,1.);
#5558 = DIRECTION('',(0.,1.,0.));
#5559 = ORIENTED_EDGE('',*,*,#5560,.F.);
#5560 = EDGE_CURVE('',#5561,#5553,#5563,.T.);
#5561 = VERTEX_POINT('',#5562);
#5562 = CARTESIAN_POINT('',(-0.6,0.585,1.17));
#5563 = CIRCLE('',#5564,4.E-02);
#5564 = AXIS2_PLACEMENT_3D('',#5565,#5566,#5567);
#5565 = CARTESIAN_POINT('',(-0.6,0.545,1.17));
#5566 = DIRECTION('',(1.,0.,-0.));
#5567 = DIRECTION('',(0.,0.,1.));
#5568 = ORIENTED_EDGE('',*,*,#5569,.F.);
#5569 = EDGE_CURVE('',#5570,#5561,#5572,.T.);
#5570 = VERTEX_POINT('',#5571);
#5571 = CARTESIAN_POINT('',(-0.6,0.585,8.E-02));
#5572 = LINE('',#5573,#5574);
#5573 = CARTESIAN_POINT('',(-0.6,0.585,4.E-02));
#5574 = VECTOR('',#5575,1.);
#5575 = DIRECTION('',(0.,0.,1.));
#5576 = ORIENTED_EDGE('',*,*,#5577,.T.);
#5577 = EDGE_CURVE('',#5570,#5578,#5580,.T.);
#5578 = VERTEX_POINT('',#5579);
#5579 = CARTESIAN_POINT('',(-0.6,0.545,4.E-02));
#5580 = CIRCLE('',#5581,4.E-02);
#5581 = AXIS2_PLACEMENT_3D('',#5582,#5583,#5584);
#5582 = CARTESIAN_POINT('',(-0.6,0.545,8.E-02));
#5583 = DIRECTION('',(-1.,0.,0.));
#5584 = DIRECTION('',(0.,0.,1.));
#5585 = ORIENTED_EDGE('',*,*,#5586,.F.);
#5586 = EDGE_CURVE('',#5527,#5578,#5587,.T.);
#5587 = LINE('',#5588,#5589);
#5588 = CARTESIAN_POINT('',(-0.6,-0.585,4.E-02));
#5589 = VECTOR('',#5590,1.);
#5590 = DIRECTION('',(0.,1.,0.));
#5591 = PLANE('',#5592);
#5592 = AXIS2_PLACEMENT_3D('',#5593,#5594,#5595);
#5593 = CARTESIAN_POINT('',(-0.6,-0.625,0.));
#5594 = DIRECTION('',(1.,0.,0.));
#5595 = DIRECTION('',(0.,0.,1.));
#5596 = ADVANCED_FACE('',(#5597),#5623,.T.);
#5597 = FACE_BOUND('',#5598,.T.);
#5598 = EDGE_LOOP('',(#5599,#5600,#5608,#5617));
#5599 = ORIENTED_EDGE('',*,*,#5524,.T.);
#5600 = ORIENTED_EDGE('',*,*,#5601,.T.);
#5601 = EDGE_CURVE('',#5527,#5602,#5604,.T.);
#5602 = VERTEX_POINT('',#5603);
#5603 = CARTESIAN_POINT('',(0.6,-0.545,4.E-02));
#5604 = LINE('',#5605,#5606);
#5605 = CARTESIAN_POINT('',(-0.6,-0.545,4.E-02));
#5606 = VECTOR('',#5607,1.);
#5607 = DIRECTION('',(1.,0.,0.));
#5608 = ORIENTED_EDGE('',*,*,#5609,.F.);
#5609 = EDGE_CURVE('',#5610,#5602,#5612,.T.);
#5610 = VERTEX_POINT('',#5611);
#5611 = CARTESIAN_POINT('',(0.6,-0.585,8.E-02));
#5612 = CIRCLE('',#5613,4.E-02);
#5613 = AXIS2_PLACEMENT_3D('',#5614,#5615,#5616);
#5614 = CARTESIAN_POINT('',(0.6,-0.545,8.E-02));
#5615 = DIRECTION('',(1.,0.,-0.));
#5616 = DIRECTION('',(0.,0.,1.));
#5617 = ORIENTED_EDGE('',*,*,#5618,.F.);
#5618 = EDGE_CURVE('',#5525,#5610,#5619,.T.);
#5619 = LINE('',#5620,#5621);
#5620 = CARTESIAN_POINT('',(-0.6,-0.585,8.E-02));
#5621 = VECTOR('',#5622,1.);
#5622 = DIRECTION('',(1.,0.,0.));
#5623 = CYLINDRICAL_SURFACE('',#5624,4.E-02);
#5624 = AXIS2_PLACEMENT_3D('',#5625,#5626,#5627);
#5625 = CARTESIAN_POINT('',(-0.6,-0.545,8.E-02));
#5626 = DIRECTION('',(1.,0.,0.));
#5627 = DIRECTION('',(0.,-1.,0.));
#5628 = ADVANCED_FACE('',(#5629),#5647,.F.);
#5629 = FACE_BOUND('',#5630,.F.);
#5630 = EDGE_LOOP('',(#5631,#5632,#5633,#5641));
#5631 = ORIENTED_EDGE('',*,*,#5586,.F.);
#5632 = ORIENTED_EDGE('',*,*,#5601,.T.);
#5633 = ORIENTED_EDGE('',*,*,#5634,.T.);
#5634 = EDGE_CURVE('',#5602,#5635,#5637,.T.);
#5635 = VERTEX_POINT('',#5636);
#5636 = CARTESIAN_POINT('',(0.6,0.545,4.E-02));
#5637 = LINE('',#5638,#5639);
#5638 = CARTESIAN_POINT('',(0.6,-0.585,4.E-02));
#5639 = VECTOR('',#5640,1.);
#5640 = DIRECTION('',(0.,1.,0.));
#5641 = ORIENTED_EDGE('',*,*,#5642,.F.);
#5642 = EDGE_CURVE('',#5578,#5635,#5643,.T.);
#5643 = LINE('',#5644,#5645);
#5644 = CARTESIAN_POINT('',(-0.6,0.545,4.E-02));
#5645 = VECTOR('',#5646,1.);
#5646 = DIRECTION('',(1.,0.,0.));
#5647 = PLANE('',#5648);
#5648 = AXIS2_PLACEMENT_3D('',#5649,#5650,#5651);
#5649 = CARTESIAN_POINT('',(-0.6,-0.585,4.E-02));
#5650 = DIRECTION('',(0.,0.,1.));
#5651 = DIRECTION('',(1.,0.,-0.));
#5652 = ADVANCED_FACE('',(#5653),#5672,.T.);
#5653 = FACE_BOUND('',#5654,.T.);
#5654 = EDGE_LOOP('',(#5655,#5663,#5670,#5671));
#5655 = ORIENTED_EDGE('',*,*,#5656,.T.);
#5656 = EDGE_CURVE('',#5570,#5657,#5659,.T.);
#5657 = VERTEX_POINT('',#5658);
#5658 = CARTESIAN_POINT('',(0.6,0.585,8.E-02));
#5659 = LINE('',#5660,#5661);
#5660 = CARTESIAN_POINT('',(-0.6,0.585,8.E-02));
#5661 = VECTOR('',#5662,1.);
#5662 = DIRECTION('',(1.,0.,0.));
#5663 = ORIENTED_EDGE('',*,*,#5664,.T.);
#5664 = EDGE_CURVE('',#5657,#5635,#5665,.T.);
#5665 = CIRCLE('',#5666,4.E-02);
#5666 = AXIS2_PLACEMENT_3D('',#5667,#5668,#5669);
#5667 = CARTESIAN_POINT('',(0.6,0.545,8.E-02));
#5668 = DIRECTION('',(-1.,0.,0.));
#5669 = DIRECTION('',(0.,0.,1.));
#5670 = ORIENTED_EDGE('',*,*,#5642,.F.);
#5671 = ORIENTED_EDGE('',*,*,#5577,.F.);
#5672 = CYLINDRICAL_SURFACE('',#5673,4.E-02);
#5673 = AXIS2_PLACEMENT_3D('',#5674,#5675,#5676);
#5674 = CARTESIAN_POINT('',(-0.6,0.545,8.E-02));
#5675 = DIRECTION('',(1.,0.,0.));
#5676 = DIRECTION('',(-0.,1.,0.));
#5677 = ADVANCED_FACE('',(#5678),#5696,.T.);
#5678 = FACE_BOUND('',#5679,.T.);
#5679 = EDGE_LOOP('',(#5680,#5688,#5689,#5690));
#5680 = ORIENTED_EDGE('',*,*,#5681,.F.);
#5681 = EDGE_CURVE('',#5657,#5682,#5684,.T.);
#5682 = VERTEX_POINT('',#5683);
#5683 = CARTESIAN_POINT('',(0.6,0.585,1.17));
#5684 = LINE('',#5685,#5686);
#5685 = CARTESIAN_POINT('',(0.6,0.585,4.E-02));
#5686 = VECTOR('',#5687,1.);
#5687 = DIRECTION('',(0.,0.,1.));
#5688 = ORIENTED_EDGE('',*,*,#5656,.F.);
#5689 = ORIENTED_EDGE('',*,*,#5569,.T.);
#5690 = ORIENTED_EDGE('',*,*,#5691,.T.);
#5691 = EDGE_CURVE('',#5561,#5682,#5692,.T.);
#5692 = LINE('',#5693,#5694);
#5693 = CARTESIAN_POINT('',(-0.6,0.585,1.17));
#5694 = VECTOR('',#5695,1.);
#5695 = DIRECTION('',(1.,0.,0.));
#5696 = PLANE('',#5697);
#5697 = AXIS2_PLACEMENT_3D('',#5698,#5699,#5700);
#5698 = CARTESIAN_POINT('',(-0.6,0.585,4.E-02));
#5699 = DIRECTION('',(0.,1.,0.));
#5700 = DIRECTION('',(0.,-0.,1.));
#5701 = ADVANCED_FACE('',(#5702),#5721,.T.);
#5702 = FACE_BOUND('',#5703,.T.);
#5703 = EDGE_LOOP('',(#5704,#5705,#5713,#5720));
#5704 = ORIENTED_EDGE('',*,*,#5560,.T.);
#5705 = ORIENTED_EDGE('',*,*,#5706,.T.);
#5706 = EDGE_CURVE('',#5553,#5707,#5709,.T.);
#5707 = VERTEX_POINT('',#5708);
#5708 = CARTESIAN_POINT('',(0.6,0.545,1.21));
#5709 = LINE('',#5710,#5711);
#5710 = CARTESIAN_POINT('',(-0.6,0.545,1.21));
#5711 = VECTOR('',#5712,1.);
#5712 = DIRECTION('',(1.,0.,0.));
#5713 = ORIENTED_EDGE('',*,*,#5714,.F.);
#5714 = EDGE_CURVE('',#5682,#5707,#5715,.T.);
#5715 = CIRCLE('',#5716,4.E-02);
#5716 = AXIS2_PLACEMENT_3D('',#5717,#5718,#5719);
#5717 = CARTESIAN_POINT('',(0.6,0.545,1.17));
#5718 = DIRECTION('',(1.,0.,-0.));
#5719 = DIRECTION('',(0.,0.,1.));
#5720 = ORIENTED_EDGE('',*,*,#5691,.F.);
#5721 = CYLINDRICAL_SURFACE('',#5722,4.E-02);
#5722 = AXIS2_PLACEMENT_3D('',#5723,#5724,#5725);
#5723 = CARTESIAN_POINT('',(-0.6,0.545,1.17));
#5724 = DIRECTION('',(1.,0.,0.));
#5725 = DIRECTION('',(-0.,1.,0.));
#5726 = ADVANCED_FACE('',(#5727),#5745,.T.);
#5727 = FACE_BOUND('',#5728,.T.);
#5728 = EDGE_LOOP('',(#5729,#5730,#5738,#5744));
#5729 = ORIENTED_EDGE('',*,*,#5552,.F.);
#5730 = ORIENTED_EDGE('',*,*,#5731,.T.);
#5731 = EDGE_CURVE('',#5544,#5732,#5734,.T.);
#5732 = VERTEX_POINT('',#5733);
#5733 = CARTESIAN_POINT('',(0.6,-0.545,1.21));
#5734 = LINE('',#5735,#5736);
#5735 = CARTESIAN_POINT('',(-0.6,-0.545,1.21));
#5736 = VECTOR('',#5737,1.);
#5737 = DIRECTION('',(1.,0.,0.));
#5738 = ORIENTED_EDGE('',*,*,#5739,.T.);
#5739 = EDGE_CURVE('',#5732,#5707,#5740,.T.);
#5740 = LINE('',#5741,#5742);
#5741 = CARTESIAN_POINT('',(0.6,-0.585,1.21));
#5742 = VECTOR('',#5743,1.);
#5743 = DIRECTION('',(0.,1.,0.));
#5744 = ORIENTED_EDGE('',*,*,#5706,.F.);
#5745 = PLANE('',#5746);
#5746 = AXIS2_PLACEMENT_3D('',#5747,#5748,#5749);
#5747 = CARTESIAN_POINT('',(-0.6,-0.585,1.21));
#5748 = DIRECTION('',(0.,0.,1.));
#5749 = DIRECTION('',(1.,0.,-0.));
#5750 = ADVANCED_FACE('',(#5751),#5770,.T.);
#5751 = FACE_BOUND('',#5752,.T.);
#5752 = EDGE_LOOP('',(#5753,#5761,#5768,#5769));
#5753 = ORIENTED_EDGE('',*,*,#5754,.T.);
#5754 = EDGE_CURVE('',#5536,#5755,#5757,.T.);
#5755 = VERTEX_POINT('',#5756);
#5756 = CARTESIAN_POINT('',(0.6,-0.585,1.17));
#5757 = LINE('',#5758,#5759);
#5758 = CARTESIAN_POINT('',(-0.6,-0.585,1.17));
#5759 = VECTOR('',#5760,1.);
#5760 = DIRECTION('',(1.,0.,0.));
#5761 = ORIENTED_EDGE('',*,*,#5762,.T.);
#5762 = EDGE_CURVE('',#5755,#5732,#5763,.T.);
#5763 = CIRCLE('',#5764,4.E-02);
#5764 = AXIS2_PLACEMENT_3D('',#5765,#5766,#5767);
#5765 = CARTESIAN_POINT('',(0.6,-0.545,1.17));
#5766 = DIRECTION('',(-1.,0.,0.));
#5767 = DIRECTION('',(0.,0.,1.));
#5768 = ORIENTED_EDGE('',*,*,#5731,.F.);
#5769 = ORIENTED_EDGE('',*,*,#5543,.F.);
#5770 = CYLINDRICAL_SURFACE('',#5771,4.E-02);
#5771 = AXIS2_PLACEMENT_3D('',#5772,#5773,#5774);
#5772 = CARTESIAN_POINT('',(-0.6,-0.545,1.17));
#5773 = DIRECTION('',(1.,0.,0.));
#5774 = DIRECTION('',(0.,-1.,0.));
#5775 = ADVANCED_FACE('',(#5776),#5787,.F.);
#5776 = FACE_BOUND('',#5777,.F.);
#5777 = EDGE_LOOP('',(#5778,#5784,#5785,#5786));
#5778 = ORIENTED_EDGE('',*,*,#5779,.F.);
#5779 = EDGE_CURVE('',#5610,#5755,#5780,.T.);
#5780 = LINE('',#5781,#5782);
#5781 = CARTESIAN_POINT('',(0.6,-0.585,4.E-02));
#5782 = VECTOR('',#5783,1.);
#5783 = DIRECTION('',(0.,0.,1.));
#5784 = ORIENTED_EDGE('',*,*,#5618,.F.);
#5785 = ORIENTED_EDGE('',*,*,#5535,.T.);
#5786 = ORIENTED_EDGE('',*,*,#5754,.T.);
#5787 = PLANE('',#5788);
#5788 = AXIS2_PLACEMENT_3D('',#5789,#5790,#5791);
#5789 = CARTESIAN_POINT('',(-0.6,-0.585,4.E-02));
#5790 = DIRECTION('',(0.,1.,0.));
#5791 = DIRECTION('',(0.,-0.,1.));
#5792 = ADVANCED_FACE('',(#5793,#5863),#5873,.F.);
#5793 = FACE_BOUND('',#5794,.F.);
#5794 = EDGE_LOOP('',(#5795,#5805,#5814,#5822,#5831,#5839,#5848,#5856));
#5795 = ORIENTED_EDGE('',*,*,#5796,.F.);
#5796 = EDGE_CURVE('',#5797,#5799,#5801,.T.);
#5797 = VERTEX_POINT('',#5798);
#5798 = CARTESIAN_POINT('',(0.6,-0.625,4.E-02));
#5799 = VERTEX_POINT('',#5800);
#5800 = CARTESIAN_POINT('',(0.6,-0.625,1.21));
#5801 = LINE('',#5802,#5803);
#5802 = CARTESIAN_POINT('',(0.6,-0.625,0.));
#5803 = VECTOR('',#5804,1.);
#5804 = DIRECTION('',(0.,0.,1.));
#5805 = ORIENTED_EDGE('',*,*,#5806,.T.);
#5806 = EDGE_CURVE('',#5797,#5807,#5809,.T.);
#5807 = VERTEX_POINT('',#5808);
#5808 = CARTESIAN_POINT('',(0.6,-0.585,0.));
#5809 = CIRCLE('',#5810,4.E-02);
#5810 = AXIS2_PLACEMENT_3D('',#5811,#5812,#5813);
#5811 = CARTESIAN_POINT('',(0.6,-0.585,4.E-02));
#5812 = DIRECTION('',(1.,0.,-0.));
#5813 = DIRECTION('',(0.,0.,1.));
#5814 = ORIENTED_EDGE('',*,*,#5815,.T.);
#5815 = EDGE_CURVE('',#5807,#5816,#5818,.T.);
#5816 = VERTEX_POINT('',#5817);
#5817 = CARTESIAN_POINT('',(0.6,0.585,0.));
#5818 = LINE('',#5819,#5820);
#5819 = CARTESIAN_POINT('',(0.6,-0.625,0.));
#5820 = VECTOR('',#5821,1.);
#5821 = DIRECTION('',(0.,1.,0.));
#5822 = ORIENTED_EDGE('',*,*,#5823,.F.);
#5823 = EDGE_CURVE('',#5824,#5816,#5826,.T.);
#5824 = VERTEX_POINT('',#5825);
#5825 = CARTESIAN_POINT('',(0.6,0.625,4.E-02));
#5826 = CIRCLE('',#5827,4.E-02);
#5827 = AXIS2_PLACEMENT_3D('',#5828,#5829,#5830);
#5828 = CARTESIAN_POINT('',(0.6,0.585,4.E-02));
#5829 = DIRECTION('',(-1.,0.,0.));
#5830 = DIRECTION('',(0.,0.,1.));
#5831 = ORIENTED_EDGE('',*,*,#5832,.T.);
#5832 = EDGE_CURVE('',#5824,#5833,#5835,.T.);
#5833 = VERTEX_POINT('',#5834);
#5834 = CARTESIAN_POINT('',(0.6,0.625,1.21));
#5835 = LINE('',#5836,#5837);
#5836 = CARTESIAN_POINT('',(0.6,0.625,0.));
#5837 = VECTOR('',#5838,1.);
#5838 = DIRECTION('',(0.,0.,1.));
#5839 = ORIENTED_EDGE('',*,*,#5840,.T.);
#5840 = EDGE_CURVE('',#5833,#5841,#5843,.T.);
#5841 = VERTEX_POINT('',#5842);
#5842 = CARTESIAN_POINT('',(0.6,0.585,1.25));
#5843 = CIRCLE('',#5844,4.E-02);
#5844 = AXIS2_PLACEMENT_3D('',#5845,#5846,#5847);
#5845 = CARTESIAN_POINT('',(0.6,0.585,1.21));
#5846 = DIRECTION('',(1.,0.,-0.));
#5847 = DIRECTION('',(0.,0.,1.));
#5848 = ORIENTED_EDGE('',*,*,#5849,.F.);
#5849 = EDGE_CURVE('',#5850,#5841,#5852,.T.);
#5850 = VERTEX_POINT('',#5851);
#5851 = CARTESIAN_POINT('',(0.6,-0.585,1.25));
#5852 = LINE('',#5853,#5854);
#5853 = CARTESIAN_POINT('',(0.6,-0.625,1.25));
#5854 = VECTOR('',#5855,1.);
#5855 = DIRECTION('',(0.,1.,0.));
#5856 = ORIENTED_EDGE('',*,*,#5857,.F.);
#5857 = EDGE_CURVE('',#5799,#5850,#5858,.T.);
#5858 = CIRCLE('',#5859,4.E-02);
#5859 = AXIS2_PLACEMENT_3D('',#5860,#5861,#5862);
#5860 = CARTESIAN_POINT('',(0.6,-0.585,1.21));
#5861 = DIRECTION('',(-1.,0.,0.));
#5862 = DIRECTION('',(0.,0.,1.));
#5863 = FACE_BOUND('',#5864,.F.);
#5864 = EDGE_LOOP('',(#5865,#5866,#5867,#5868,#5869,#5870,#5871,#5872));
#5865 = ORIENTED_EDGE('',*,*,#5609,.F.);
#5866 = ORIENTED_EDGE('',*,*,#5779,.T.);
#5867 = ORIENTED_EDGE('',*,*,#5762,.T.);
#5868 = ORIENTED_EDGE('',*,*,#5739,.T.);
#5869 = ORIENTED_EDGE('',*,*,#5714,.F.);
#5870 = ORIENTED_EDGE('',*,*,#5681,.F.);
#5871 = ORIENTED_EDGE('',*,*,#5664,.T.);
#5872 = ORIENTED_EDGE('',*,*,#5634,.F.);
#5873 = PLANE('',#5874);
#5874 = AXIS2_PLACEMENT_3D('',#5875,#5876,#5877);
#5875 = CARTESIAN_POINT('',(0.6,-0.625,0.));
#5876 = DIRECTION('',(1.,0.,0.));
#5877 = DIRECTION('',(0.,0.,1.));
#5878 = ADVANCED_FACE('',(#5879),#5904,.F.);
#5879 = FACE_BOUND('',#5880,.F.);
#5880 = EDGE_LOOP('',(#5881,#5891,#5897,#5898));
#5881 = ORIENTED_EDGE('',*,*,#5882,.F.);
#5882 = EDGE_CURVE('',#5883,#5885,#5887,.T.);
#5883 = VERTEX_POINT('',#5884);
#5884 = CARTESIAN_POINT('',(1.,-0.625,4.E-02));
#5885 = VERTEX_POINT('',#5886);
#5886 = CARTESIAN_POINT('',(1.,-0.625,1.21));
#5887 = LINE('',#5888,#5889);
#5888 = CARTESIAN_POINT('',(1.,-0.625,0.));
#5889 = VECTOR('',#5890,1.);
#5890 = DIRECTION('',(0.,0.,1.));
#5891 = ORIENTED_EDGE('',*,*,#5892,.F.);
#5892 = EDGE_CURVE('',#5797,#5883,#5893,.T.);
#5893 = LINE('',#5894,#5895);
#5894 = CARTESIAN_POINT('',(0.6,-0.625,4.E-02));
#5895 = VECTOR('',#5896,1.);
#5896 = DIRECTION('',(1.,0.,0.));
#5897 = ORIENTED_EDGE('',*,*,#5796,.T.);
#5898 = ORIENTED_EDGE('',*,*,#5899,.T.);
#5899 = EDGE_CURVE('',#5799,#5885,#5900,.T.);
#5900 = LINE('',#5901,#5902);
#5901 = CARTESIAN_POINT('',(0.6,-0.625,1.21));
#5902 = VECTOR('',#5903,1.);
#5903 = DIRECTION('',(1.,0.,0.));
#5904 = PLANE('',#5905);
#5905 = AXIS2_PLACEMENT_3D('',#5906,#5907,#5908);
#5906 = CARTESIAN_POINT('',(0.6,-0.625,0.));
#5907 = DIRECTION('',(0.,1.,0.));
#5908 = DIRECTION('',(0.,-0.,1.));
#5909 = ADVANCED_FACE('',(#5910),#5929,.T.);
#5910 = FACE_BOUND('',#5911,.T.);
#5911 = EDGE_LOOP('',(#5912,#5913,#5921,#5928));
#5912 = ORIENTED_EDGE('',*,*,#5806,.T.);
#5913 = ORIENTED_EDGE('',*,*,#5914,.T.);
#5914 = EDGE_CURVE('',#5807,#5915,#5917,.T.);
#5915 = VERTEX_POINT('',#5916);
#5916 = CARTESIAN_POINT('',(1.,-0.585,0.));
#5917 = LINE('',#5918,#5919);
#5918 = CARTESIAN_POINT('',(0.6,-0.585,0.));
#5919 = VECTOR('',#5920,1.);
#5920 = DIRECTION('',(1.,0.,0.));
#5921 = ORIENTED_EDGE('',*,*,#5922,.F.);
#5922 = EDGE_CURVE('',#5883,#5915,#5923,.T.);
#5923 = CIRCLE('',#5924,4.E-02);
#5924 = AXIS2_PLACEMENT_3D('',#5925,#5926,#5927);
#5925 = CARTESIAN_POINT('',(1.,-0.585,4.E-02));
#5926 = DIRECTION('',(1.,0.,-0.));
#5927 = DIRECTION('',(0.,0.,1.));
#5928 = ORIENTED_EDGE('',*,*,#5892,.F.);
#5929 = CYLINDRICAL_SURFACE('',#5930,4.E-02);
#5930 = AXIS2_PLACEMENT_3D('',#5931,#5932,#5933);
#5931 = CARTESIAN_POINT('',(0.6,-0.585,4.E-02));
#5932 = DIRECTION('',(1.,0.,0.));
#5933 = DIRECTION('',(0.,-1.,0.));
#5934 = ADVANCED_FACE('',(#5935),#5954,.T.);
#5935 = FACE_BOUND('',#5936,.T.);
#5936 = EDGE_LOOP('',(#5937,#5938,#5947,#5953));
#5937 = ORIENTED_EDGE('',*,*,#5899,.T.);
#5938 = ORIENTED_EDGE('',*,*,#5939,.T.);
#5939 = EDGE_CURVE('',#5885,#5940,#5942,.T.);
#5940 = VERTEX_POINT('',#5941);
#5941 = CARTESIAN_POINT('',(1.,-0.585,1.25));
#5942 = CIRCLE('',#5943,4.E-02);
#5943 = AXIS2_PLACEMENT_3D('',#5944,#5945,#5946);
#5944 = CARTESIAN_POINT('',(1.,-0.585,1.21));
#5945 = DIRECTION('',(-1.,0.,0.));
#5946 = DIRECTION('',(0.,0.,1.));
#5947 = ORIENTED_EDGE('',*,*,#5948,.F.);
#5948 = EDGE_CURVE('',#5850,#5940,#5949,.T.);
#5949 = LINE('',#5950,#5951);
#5950 = CARTESIAN_POINT('',(0.6,-0.585,1.25));
#5951 = VECTOR('',#5952,1.);
#5952 = DIRECTION('',(1.,0.,0.));
#5953 = ORIENTED_EDGE('',*,*,#5857,.F.);
#5954 = CYLINDRICAL_SURFACE('',#5955,4.E-02);
#5955 = AXIS2_PLACEMENT_3D('',#5956,#5957,#5958);
#5956 = CARTESIAN_POINT('',(0.6,-0.585,1.21));
#5957 = DIRECTION('',(1.,0.,0.));
#5958 = DIRECTION('',(0.,-1.,0.));
#5959 = ADVANCED_FACE('',(#5960),#5978,.F.);
#5960 = FACE_BOUND('',#5961,.F.);
#5961 = EDGE_LOOP('',(#5962,#5963,#5964,#5972));
#5962 = ORIENTED_EDGE('',*,*,#5815,.F.);
#5963 = ORIENTED_EDGE('',*,*,#5914,.T.);
#5964 = ORIENTED_EDGE('',*,*,#5965,.T.);
#5965 = EDGE_CURVE('',#5915,#5966,#5968,.T.);
#5966 = VERTEX_POINT('',#5967);
#5967 = CARTESIAN_POINT('',(1.,0.585,0.));
#5968 = LINE('',#5969,#5970);
#5969 = CARTESIAN_POINT('',(1.,-0.625,0.));
#5970 = VECTOR('',#5971,1.);
#5971 = DIRECTION('',(0.,1.,0.));
#5972 = ORIENTED_EDGE('',*,*,#5973,.F.);
#5973 = EDGE_CURVE('',#5816,#5966,#5974,.T.);
#5974 = LINE('',#5975,#5976);
#5975 = CARTESIAN_POINT('',(0.6,0.585,0.));
#5976 = VECTOR('',#5977,1.);
#5977 = DIRECTION('',(1.,0.,0.));
#5978 = PLANE('',#5979);
#5979 = AXIS2_PLACEMENT_3D('',#5980,#5981,#5982);
#5980 = CARTESIAN_POINT('',(0.6,-0.625,0.));
#5981 = DIRECTION('',(0.,0.,1.));
#5982 = DIRECTION('',(1.,0.,-0.));
#5983 = ADVANCED_FACE('',(#5984),#6002,.T.);
#5984 = FACE_BOUND('',#5985,.T.);
#5985 = EDGE_LOOP('',(#5986,#5987,#5988,#5996));
#5986 = ORIENTED_EDGE('',*,*,#5849,.F.);
#5987 = ORIENTED_EDGE('',*,*,#5948,.T.);
#5988 = ORIENTED_EDGE('',*,*,#5989,.T.);
#5989 = EDGE_CURVE('',#5940,#5990,#5992,.T.);
#5990 = VERTEX_POINT('',#5991);
#5991 = CARTESIAN_POINT('',(1.,0.585,1.25));
#5992 = LINE('',#5993,#5994);
#5993 = CARTESIAN_POINT('',(1.,-0.625,1.25));
#5994 = VECTOR('',#5995,1.);
#5995 = DIRECTION('',(0.,1.,0.));
#5996 = ORIENTED_EDGE('',*,*,#5997,.F.);
#5997 = EDGE_CURVE('',#5841,#5990,#5998,.T.);
#5998 = LINE('',#5999,#6000);
#5999 = CARTESIAN_POINT('',(0.6,0.585,1.25));
#6000 = VECTOR('',#6001,1.);
#6001 = DIRECTION('',(1.,0.,0.));
#6002 = PLANE('',#6003);
#6003 = AXIS2_PLACEMENT_3D('',#6004,#6005,#6006);
#6004 = CARTESIAN_POINT('',(0.6,-0.625,1.25));
#6005 = DIRECTION('',(0.,0.,1.));
#6006 = DIRECTION('',(1.,0.,-0.));
#6007 = ADVANCED_FACE('',(#6008),#6027,.T.);
#6008 = FACE_BOUND('',#6009,.T.);
#6009 = EDGE_LOOP('',(#6010,#6018,#6025,#6026));
#6010 = ORIENTED_EDGE('',*,*,#6011,.T.);
#6011 = EDGE_CURVE('',#5824,#6012,#6014,.T.);
#6012 = VERTEX_POINT('',#6013);
#6013 = CARTESIAN_POINT('',(1.,0.625,4.E-02));
#6014 = LINE('',#6015,#6016);
#6015 = CARTESIAN_POINT('',(0.6,0.625,4.E-02));
#6016 = VECTOR('',#6017,1.);
#6017 = DIRECTION('',(1.,0.,0.));
#6018 = ORIENTED_EDGE('',*,*,#6019,.T.);
#6019 = EDGE_CURVE('',#6012,#5966,#6020,.T.);
#6020 = CIRCLE('',#6021,4.E-02);
#6021 = AXIS2_PLACEMENT_3D('',#6022,#6023,#6024);
#6022 = CARTESIAN_POINT('',(1.,0.585,4.E-02));
#6023 = DIRECTION('',(-1.,0.,0.));
#6024 = DIRECTION('',(0.,0.,1.));
#6025 = ORIENTED_EDGE('',*,*,#5973,.F.);
#6026 = ORIENTED_EDGE('',*,*,#5823,.F.);
#6027 = CYLINDRICAL_SURFACE('',#6028,4.E-02);
#6028 = AXIS2_PLACEMENT_3D('',#6029,#6030,#6031);
#6029 = CARTESIAN_POINT('',(0.6,0.585,4.E-02));
#6030 = DIRECTION('',(1.,0.,0.));
#6031 = DIRECTION('',(-0.,1.,0.));
#6032 = ADVANCED_FACE('',(#6033),#6052,.T.);
#6033 = FACE_BOUND('',#6034,.T.);
#6034 = EDGE_LOOP('',(#6035,#6036,#6037,#6046));
#6035 = ORIENTED_EDGE('',*,*,#5840,.T.);
#6036 = ORIENTED_EDGE('',*,*,#5997,.T.);
#6037 = ORIENTED_EDGE('',*,*,#6038,.F.);
#6038 = EDGE_CURVE('',#6039,#5990,#6041,.T.);
#6039 = VERTEX_POINT('',#6040);
#6040 = CARTESIAN_POINT('',(1.,0.625,1.21));
#6041 = CIRCLE('',#6042,4.E-02);
#6042 = AXIS2_PLACEMENT_3D('',#6043,#6044,#6045);
#6043 = CARTESIAN_POINT('',(1.,0.585,1.21));
#6044 = DIRECTION('',(1.,0.,-0.));
#6045 = DIRECTION('',(0.,0.,1.));
#6046 = ORIENTED_EDGE('',*,*,#6047,.F.);
#6047 = EDGE_CURVE('',#5833,#6039,#6048,.T.);
#6048 = LINE('',#6049,#6050);
#6049 = CARTESIAN_POINT('',(0.6,0.625,1.21));
#6050 = VECTOR('',#6051,1.);
#6051 = DIRECTION('',(1.,0.,0.));
#6052 = CYLINDRICAL_SURFACE('',#6053,4.E-02);
#6053 = AXIS2_PLACEMENT_3D('',#6054,#6055,#6056);
#6054 = CARTESIAN_POINT('',(0.6,0.585,1.21));
#6055 = DIRECTION('',(1.,0.,0.));
#6056 = DIRECTION('',(-0.,1.,0.));
#6057 = ADVANCED_FACE('',(#6058),#6069,.T.);
#6058 = FACE_BOUND('',#6059,.T.);
#6059 = EDGE_LOOP('',(#6060,#6066,#6067,#6068));
#6060 = ORIENTED_EDGE('',*,*,#6061,.F.);
#6061 = EDGE_CURVE('',#6012,#6039,#6062,.T.);
#6062 = LINE('',#6063,#6064);
#6063 = CARTESIAN_POINT('',(1.,0.625,0.));
#6064 = VECTOR('',#6065,1.);
#6065 = DIRECTION('',(0.,0.,1.));
#6066 = ORIENTED_EDGE('',*,*,#6011,.F.);
#6067 = ORIENTED_EDGE('',*,*,#5832,.T.);
#6068 = ORIENTED_EDGE('',*,*,#6047,.T.);
#6069 = PLANE('',#6070);
#6070 = AXIS2_PLACEMENT_3D('',#6071,#6072,#6073);
#6071 = CARTESIAN_POINT('',(0.6,0.625,0.));
#6072 = DIRECTION('',(0.,1.,0.));
#6073 = DIRECTION('',(0.,-0.,1.));
#6074 = ADVANCED_FACE('',(#6075),#6085,.T.);
#6075 = FACE_BOUND('',#6076,.T.);
#6076 = EDGE_LOOP('',(#6077,#6078,#6079,#6080,#6081,#6082,#6083,#6084));
#6077 = ORIENTED_EDGE('',*,*,#5882,.F.);
#6078 = ORIENTED_EDGE('',*,*,#5922,.T.);
#6079 = ORIENTED_EDGE('',*,*,#5965,.T.);
#6080 = ORIENTED_EDGE('',*,*,#6019,.F.);
#6081 = ORIENTED_EDGE('',*,*,#6061,.T.);
#6082 = ORIENTED_EDGE('',*,*,#6038,.T.);
#6083 = ORIENTED_EDGE('',*,*,#5989,.F.);
#6084 = ORIENTED_EDGE('',*,*,#5939,.F.);
#6085 = PLANE('',#6086);
#6086 = AXIS2_PLACEMENT_3D('',#6087,#6088,#6089);
#6087 = CARTESIAN_POINT('',(1.,-0.625,0.));
#6088 = DIRECTION('',(1.,0.,0.));
#6089 = DIRECTION('',(0.,0.,1.));
#6090 = ( GEOMETRIC_REPRESENTATION_CONTEXT(3) 
GLOBAL_UNCERTAINTY_ASSIGNED_CONTEXT((#6094)) 
GLOBAL_UNIT_ASSIGNED_CONTEXT((#6091,#6092,#6093)) REPRESENTATION_CONTEXT
('Context #1','3D Context with UNIT and UNCERTAINTY') );
#6091 = ( LENGTH_UNIT() NAMED_UNIT(*) SI_UNIT(.MILLI.,.METRE.) );
#6092 = ( NAMED_UNIT(*) PLANE_ANGLE_UNIT() SI_UNIT($,.RADIAN.) );
#6093 = ( NAMED_UNIT(*) SI_UNIT($,.STERADIAN.) SOLID_ANGLE_UNIT() );
#6094 = UNCERTAINTY_MEASURE_WITH_UNIT(LENGTH_MEASURE(1.E-07),#6091,
  'distance_accuracy_value','confusion accuracy');
#6095 = CONTEXT_DEPENDENT_SHAPE_REPRESENTATION(#6096,#6098);
#6096 = ( REPRESENTATION_RELATIONSHIP('','',#5235,#10) 
REPRESENTATION_RELATIONSHIP_WITH_TRANSFORMATION(#6097) 
SHAPE_REPRESENTATION_RELATIONSHIP() );
#6097 = ITEM_DEFINED_TRANSFORMATION('','',#11,#31);
#6098 = PRODUCT_DEFINITION_SHAPE('Placement','Placement of an item',
  #6099);
#6099 = NEXT_ASSEMBLY_USAGE_OCCURRENCE('5','C1','',#5,#5230,$);
#6100 = PRODUCT_RELATED_PRODUCT_CATEGORY('part',$,(#5232));
#6101 = CONTEXT_DEPENDENT_SHAPE_REPRESENTATION(#6102,#6104);
#6102 = ( REPRESENTATION_RELATIONSHIP('','',#4426,#10) 
REPRESENTATION_RELATIONSHIP_WITH_TRANSFORMATION(#6103) 
SHAPE_REPRESENTATION_RELATIONSHIP() );
#6103 = ITEM_DEFINED_TRANSFORMATION('','',#11,#35);
#6104 = PRODUCT_DEFINITION_SHAPE('Placement','Placement of an item',
  #6105);
#6105 = NEXT_ASSEMBLY_USAGE_OCCURRENCE('6','R2','',#5,#4421,$);
#6106 = CONTEXT_DEPENDENT_SHAPE_REPRESENTATION(#6107,#6109);
#6107 = ( REPRESENTATION_RELATIONSHIP('','',#4426,#10) 
REPRESENTATION_RELATIONSHIP_WITH_TRANSFORMATION(#6108) 
SHAPE_REPRESENTATION_RELATIONSHIP() );
#6108 = ITEM_DEFINED_TRANSFORMATION('','',#11,#39);
#6109 = PRODUCT_DEFINITION_SHAPE('Placement','Placement of an item',
  #6110);
#6110 = NEXT_ASSEMBLY_USAGE_OCCURRENCE('7','R1','',#5,#4421,$);
#6111 = CONTEXT_DEPENDENT_SHAPE_REPRESENTATION(#6112,#6114);
#6112 = ( REPRESENTATION_RELATIONSHIP('','',#4426,#10) 
REPRESENTATION_RELATIONSHIP_WITH_TRANSFORMATION(#6113) 
SHAPE_REPRESENTATION_RELATIONSHIP() );
#6113 = ITEM_DEFINED_TRANSFORMATION('','',#11,#43);
#6114 = PRODUCT_DEFINITION_SHAPE('Placement','Placement of an item',
  #6115);
#6115 = NEXT_ASSEMBLY_USAGE_OCCURRENCE('8','R5','',#5,#4421,$);
#6116 = CONTEXT_DEPENDENT_SHAPE_REPRESENTATION(#6117,#6119);
#6117 = ( REPRESENTATION_RELATIONSHIP('','',#4426,#10) 
REPRESENTATION_RELATIONSHIP_WITH_TRANSFORMATION(#6118) 
SHAPE_REPRESENTATION_RELATIONSHIP() );
#6118 = ITEM_DEFINED_TRANSFORMATION('','',#11,#47);
#6119 = PRODUCT_DEFINITION_SHAPE('Placement','Placement of an item',
  #6120);
#6120 = NEXT_ASSEMBLY_USAGE_OCCURRENCE('9','R4','',#5,#4421,$);
#6121 = CONTEXT_DEPENDENT_SHAPE_REPRESENTATION(#6122,#6124);
#6122 = ( REPRESENTATION_RELATIONSHIP('','',#5235,#10) 
REPRESENTATION_RELATIONSHIP_WITH_TRANSFORMATION(#6123) 
SHAPE_REPRESENTATION_RELATIONSHIP() );
#6123 = ITEM_DEFINED_TRANSFORMATION('','',#11,#51);
#6124 = PRODUCT_DEFINITION_SHAPE('Placement','Placement of an item',
  #6125);
#6125 = NEXT_ASSEMBLY_USAGE_OCCURRENCE('10','C3','',#5,#5230,$);
#6126 = SHAPE_DEFINITION_REPRESENTATION(#6127,#6133);
#6127 = PRODUCT_DEFINITION_SHAPE('','',#6128);
#6128 = PRODUCT_DEFINITION('design','',#6129,#6132);
#6129 = PRODUCT_DEFINITION_FORMATION('','',#6130);
#6130 = PRODUCT('JST_XH_S9B-XH-A_1x09_P2.50mm_Horizontal',
  'JST_XH_S9B-XH-A_1x09_P2.50mm_Horizontal','',(#6131));
#6131 = PRODUCT_CONTEXT('',#2,'mechanical');
#6132 = PRODUCT_DEFINITION_CONTEXT('part definition',#2,'design');
#6133 = ADVANCED_BREP_SHAPE_REPRESENTATION('',(#11,#6134),#15187);
#6134 = MANIFOLD_SOLID_BREP('',#6135);
#6135 = CLOSED_SHELL('',(#6136,#6464,#6511,#6551,#6575,#6615,#6639,#6679
    ,#6703,#6743,#6767,#6807,#6831,#6871,#6895,#6935,#6959,#6999,#7023,
    #7063,#7087,#7127,#7151,#7191,#7215,#7255,#7279,#7319,#7343,#7383,
    #7407,#7447,#7471,#7511,#7535,#7575,#7599,#7639,#7679,#7719,#7807,
    #7840,#7864,#7936,#8171,#8188,#8234,#8251,#8297,#8314,#8360,#8377,
    #8423,#8440,#8486,#8503,#8549,#8566,#8612,#8629,#8675,#8692,#8738,
    #8762,#8827,#8844,#8856,#8887,#8912,#8929,#8961,#8985,#9002,#9014,
    #9038,#9063,#9240,#9257,#9274,#9291,#9308,#9325,#9342,#9359,#9376,
    #9393,#9410,#9427,#9444,#9461,#9478,#9495,#9512,#9524,#9621,#9645,
    #9735,#9752,#9817,#9841,#9899,#9916,#9981,#10005,#10063,#10080,
    #10145,#10169,#10227,#10244,#10275,#10333,#10357,#10408,#10439,
    #10497,#10521,#10572,#10637,#10661,#10719,#10736,#10801,#10825,
    #10883,#10900,#10997,#11021,#11111,#11128,#11153,#11170,#11197,
    #11224,#11241,#11559,#11576,#11593,#11610,#11643,#11683,#11714,
    #11731,#11748,#11760,#11793,#11810,#11827,#11858,#11880,#11892,
    #11923,#11940,#11957,#11988,#12010,#12022,#12053,#12070,#12087,
    #12118,#12140,#12152,#12183,#12200,#12217,#12234,#12265,#12282,
    #12313,#12330,#12347,#12364,#12395,#12412,#12443,#12460,#12477,
    #12508,#12530,#12542,#12573,#12590,#12607,#12638,#12660,#12672,
    #12703,#12720,#12737,#12754,#12787,#12827,#12858,#12875,#12892,
    #12904,#12937,#12968,#12992,#13016,#13033,#13064,#13088,#13112,
    #13129,#13160,#13184,#13208,#13225,#13256,#13280,#13304,#13321,
    #13352,#13376,#13400,#13417,#13448,#13472,#13496,#13513,#13544,
    #13568,#13592,#13609,#13640,#13664,#13688,#13705,#13736,#13760,
    #13784,#13801,#13818,#13835,#13847,#13864,#13881,#13893,#13910,
    #13927,#13939,#13956,#13973,#13985,#14002,#14019,#14031,#14048,
    #14065,#14077,#14094,#14111,#14123,#14140,#14157,#14169,#14186,
    #14203,#14215,#14246,#14270,#14294,#14311,#14342,#14366,#14390,
    #14407,#14438,#14462,#14486,#14503,#14534,#14558,#14582,#14599,
    #14630,#14654,#14678,#14695,#14726,#14750,#14774,#14791,#14822,
    #14846,#14870,#14887,#14918,#14942,#14966,#14983,#15014,#15038,
    #15062,#15079,#15091,#15103,#15115,#15127,#15139,#15151,#15163,
    #15175));
#6136 = ADVANCED_FACE('',(#6137),#6459,.F.);
#6137 = FACE_BOUND('',#6138,.F.);
#6138 = EDGE_LOOP('',(#6139,#6149,#6157,#6165,#6173,#6181,#6189,#6197,
    #6205,#6213,#6221,#6229,#6237,#6245,#6253,#6261,#6269,#6277,#6285,
    #6293,#6301,#6309,#6317,#6325,#6333,#6341,#6349,#6357,#6365,#6373,
    #6381,#6389,#6397,#6405,#6413,#6421,#6429,#6437,#6445,#6453));
#6139 = ORIENTED_EDGE('',*,*,#6140,.F.);
#6140 = EDGE_CURVE('',#6141,#6143,#6145,.T.);
#6141 = VERTEX_POINT('',#6142);
#6142 = CARTESIAN_POINT('',(-1.95,-2.2,0.35));
#6143 = VERTEX_POINT('',#6144);
#6144 = CARTESIAN_POINT('',(-0.75,-2.2,0.35));
#6145 = LINE('',#6146,#6147);
#6146 = CARTESIAN_POINT('',(-2.45,-2.2,0.35));
#6147 = VECTOR('',#6148,1.);
#6148 = DIRECTION('',(1.,-1.224646799147E-16,0.));
#6149 = ORIENTED_EDGE('',*,*,#6150,.F.);
#6150 = EDGE_CURVE('',#6151,#6141,#6153,.T.);
#6151 = VERTEX_POINT('',#6152);
#6152 = CARTESIAN_POINT('',(-1.95,-9.2,0.35));
#6153 = LINE('',#6154,#6155);
#6154 = CARTESIAN_POINT('',(-1.95,-9.2,0.35));
#6155 = VECTOR('',#6156,1.);
#6156 = DIRECTION('',(1.224646799147E-16,1.,0.));
#6157 = ORIENTED_EDGE('',*,*,#6158,.T.);
#6158 = EDGE_CURVE('',#6151,#6159,#6161,.T.);
#6159 = VERTEX_POINT('',#6160);
#6160 = CARTESIAN_POINT('',(21.95,-9.2,0.35));
#6161 = LINE('',#6162,#6163);
#6162 = CARTESIAN_POINT('',(-2.45,-9.2,0.35));
#6163 = VECTOR('',#6164,1.);
#6164 = DIRECTION('',(1.,-1.224646799147E-16,0.));
#6165 = ORIENTED_EDGE('',*,*,#6166,.T.);
#6166 = EDGE_CURVE('',#6159,#6167,#6169,.T.);
#6167 = VERTEX_POINT('',#6168);
#6168 = CARTESIAN_POINT('',(21.95,-2.2,0.35));
#6169 = LINE('',#6170,#6171);
#6170 = CARTESIAN_POINT('',(21.95,-9.2,0.35));
#6171 = VECTOR('',#6172,1.);
#6172 = DIRECTION('',(1.224646799147E-16,1.,0.));
#6173 = ORIENTED_EDGE('',*,*,#6174,.F.);
#6174 = EDGE_CURVE('',#6175,#6167,#6177,.T.);
#6175 = VERTEX_POINT('',#6176);
#6176 = CARTESIAN_POINT('',(20.75,-2.2,0.35));
#6177 = LINE('',#6178,#6179);
#6178 = CARTESIAN_POINT('',(-2.45,-2.2,0.35));
#6179 = VECTOR('',#6180,1.);
#6180 = DIRECTION('',(1.,-1.224646799147E-16,0.));
#6181 = ORIENTED_EDGE('',*,*,#6182,.F.);
#6182 = EDGE_CURVE('',#6183,#6175,#6185,.T.);
#6183 = VERTEX_POINT('',#6184);
#6184 = CARTESIAN_POINT('',(20.75,-3.2,0.35));
#6185 = LINE('',#6186,#6187);
#6186 = CARTESIAN_POINT('',(20.75,-3.2,0.35));
#6187 = VECTOR('',#6188,1.);
#6188 = DIRECTION('',(1.224646799147E-16,1.,-1.110223024625E-16));
#6189 = ORIENTED_EDGE('',*,*,#6190,.T.);
#6190 = EDGE_CURVE('',#6183,#6191,#6193,.T.);
#6191 = VERTEX_POINT('',#6192);
#6192 = CARTESIAN_POINT('',(19.25,-3.2,0.35));
#6193 = LINE('',#6194,#6195);
#6194 = CARTESIAN_POINT('',(20.75,-3.2,0.35));
#6195 = VECTOR('',#6196,1.);
#6196 = DIRECTION('',(-1.,1.224646799147E-16,0.));
#6197 = ORIENTED_EDGE('',*,*,#6198,.T.);
#6198 = EDGE_CURVE('',#6191,#6199,#6201,.T.);
#6199 = VERTEX_POINT('',#6200);
#6200 = CARTESIAN_POINT('',(19.25,-2.2,0.35));
#6201 = LINE('',#6202,#6203);
#6202 = CARTESIAN_POINT('',(19.25,-3.2,0.35));
#6203 = VECTOR('',#6204,1.);
#6204 = DIRECTION('',(1.224646799147E-16,1.,-1.110223024625E-16));
#6205 = ORIENTED_EDGE('',*,*,#6206,.F.);
#6206 = EDGE_CURVE('',#6207,#6199,#6209,.T.);
#6207 = VERTEX_POINT('',#6208);
#6208 = CARTESIAN_POINT('',(18.25,-2.2,0.35));
#6209 = LINE('',#6210,#6211);
#6210 = CARTESIAN_POINT('',(-2.45,-2.2,0.35));
#6211 = VECTOR('',#6212,1.);
#6212 = DIRECTION('',(1.,-1.224646799147E-16,0.));
#6213 = ORIENTED_EDGE('',*,*,#6214,.F.);
#6214 = EDGE_CURVE('',#6215,#6207,#6217,.T.);
#6215 = VERTEX_POINT('',#6216);
#6216 = CARTESIAN_POINT('',(18.25,-3.2,0.35));
#6217 = LINE('',#6218,#6219);
#6218 = CARTESIAN_POINT('',(18.25,-3.2,0.35));
#6219 = VECTOR('',#6220,1.);
#6220 = DIRECTION('',(1.224646799147E-16,1.,-1.110223024625E-16));
#6221 = ORIENTED_EDGE('',*,*,#6222,.T.);
#6222 = EDGE_CURVE('',#6215,#6223,#6225,.T.);
#6223 = VERTEX_POINT('',#6224);
#6224 = CARTESIAN_POINT('',(16.75,-3.2,0.35));
#6225 = LINE('',#6226,#6227);
#6226 = CARTESIAN_POINT('',(18.25,-3.2,0.35));
#6227 = VECTOR('',#6228,1.);
#6228 = DIRECTION('',(-1.,1.224646799147E-16,0.));
#6229 = ORIENTED_EDGE('',*,*,#6230,.T.);
#6230 = EDGE_CURVE('',#6223,#6231,#6233,.T.);
#6231 = VERTEX_POINT('',#6232);
#6232 = CARTESIAN_POINT('',(16.75,-2.2,0.35));
#6233 = LINE('',#6234,#6235);
#6234 = CARTESIAN_POINT('',(16.75,-3.2,0.35));
#6235 = VECTOR('',#6236,1.);
#6236 = DIRECTION('',(1.224646799147E-16,1.,-1.110223024625E-16));
#6237 = ORIENTED_EDGE('',*,*,#6238,.F.);
#6238 = EDGE_CURVE('',#6239,#6231,#6241,.T.);
#6239 = VERTEX_POINT('',#6240);
#6240 = CARTESIAN_POINT('',(15.75,-2.2,0.35));
#6241 = LINE('',#6242,#6243);
#6242 = CARTESIAN_POINT('',(-2.45,-2.2,0.35));
#6243 = VECTOR('',#6244,1.);
#6244 = DIRECTION('',(1.,-1.224646799147E-16,0.));
#6245 = ORIENTED_EDGE('',*,*,#6246,.F.);
#6246 = EDGE_CURVE('',#6247,#6239,#6249,.T.);
#6247 = VERTEX_POINT('',#6248);
#6248 = CARTESIAN_POINT('',(15.75,-3.2,0.35));
#6249 = LINE('',#6250,#6251);
#6250 = CARTESIAN_POINT('',(15.75,-3.2,0.35));
#6251 = VECTOR('',#6252,1.);
#6252 = DIRECTION('',(1.224646799147E-16,1.,-1.110223024625E-16));
#6253 = ORIENTED_EDGE('',*,*,#6254,.T.);
#6254 = EDGE_CURVE('',#6247,#6255,#6257,.T.);
#6255 = VERTEX_POINT('',#6256);
#6256 = CARTESIAN_POINT('',(14.25,-3.2,0.35));
#6257 = LINE('',#6258,#6259);
#6258 = CARTESIAN_POINT('',(15.75,-3.2,0.35));
#6259 = VECTOR('',#6260,1.);
#6260 = DIRECTION('',(-1.,1.224646799147E-16,0.));
#6261 = ORIENTED_EDGE('',*,*,#6262,.T.);
#6262 = EDGE_CURVE('',#6255,#6263,#6265,.T.);
#6263 = VERTEX_POINT('',#6264);
#6264 = CARTESIAN_POINT('',(14.25,-2.2,0.35));
#6265 = LINE('',#6266,#6267);
#6266 = CARTESIAN_POINT('',(14.25,-3.2,0.35));
#6267 = VECTOR('',#6268,1.);
#6268 = DIRECTION('',(1.224646799147E-16,1.,-1.110223024625E-16));
#6269 = ORIENTED_EDGE('',*,*,#6270,.F.);
#6270 = EDGE_CURVE('',#6271,#6263,#6273,.T.);
#6271 = VERTEX_POINT('',#6272);
#6272 = CARTESIAN_POINT('',(13.25,-2.2,0.35));
#6273 = LINE('',#6274,#6275);
#6274 = CARTESIAN_POINT('',(-2.45,-2.2,0.35));
#6275 = VECTOR('',#6276,1.);
#6276 = DIRECTION('',(1.,-1.224646799147E-16,0.));
#6277 = ORIENTED_EDGE('',*,*,#6278,.F.);
#6278 = EDGE_CURVE('',#6279,#6271,#6281,.T.);
#6279 = VERTEX_POINT('',#6280);
#6280 = CARTESIAN_POINT('',(13.25,-3.2,0.35));
#6281 = LINE('',#6282,#6283);
#6282 = CARTESIAN_POINT('',(13.25,-3.2,0.35));
#6283 = VECTOR('',#6284,1.);
#6284 = DIRECTION('',(1.224646799147E-16,1.,-1.110223024625E-16));
#6285 = ORIENTED_EDGE('',*,*,#6286,.T.);
#6286 = EDGE_CURVE('',#6279,#6287,#6289,.T.);
#6287 = VERTEX_POINT('',#6288);
#6288 = CARTESIAN_POINT('',(11.75,-3.2,0.35));
#6289 = LINE('',#6290,#6291);
#6290 = CARTESIAN_POINT('',(13.25,-3.2,0.35));
#6291 = VECTOR('',#6292,1.);
#6292 = DIRECTION('',(-1.,1.224646799147E-16,0.));
#6293 = ORIENTED_EDGE('',*,*,#6294,.T.);
#6294 = EDGE_CURVE('',#6287,#6295,#6297,.T.);
#6295 = VERTEX_POINT('',#6296);
#6296 = CARTESIAN_POINT('',(11.75,-2.2,0.35));
#6297 = LINE('',#6298,#6299);
#6298 = CARTESIAN_POINT('',(11.75,-3.2,0.35));
#6299 = VECTOR('',#6300,1.);
#6300 = DIRECTION('',(1.224646799147E-16,1.,-1.110223024625E-16));
#6301 = ORIENTED_EDGE('',*,*,#6302,.F.);
#6302 = EDGE_CURVE('',#6303,#6295,#6305,.T.);
#6303 = VERTEX_POINT('',#6304);
#6304 = CARTESIAN_POINT('',(10.75,-2.2,0.35));
#6305 = LINE('',#6306,#6307);
#6306 = CARTESIAN_POINT('',(-2.45,-2.2,0.35));
#6307 = VECTOR('',#6308,1.);
#6308 = DIRECTION('',(1.,-1.224646799147E-16,0.));
#6309 = ORIENTED_EDGE('',*,*,#6310,.F.);
#6310 = EDGE_CURVE('',#6311,#6303,#6313,.T.);
#6311 = VERTEX_POINT('',#6312);
#6312 = CARTESIAN_POINT('',(10.75,-3.2,0.35));
#6313 = LINE('',#6314,#6315);
#6314 = CARTESIAN_POINT('',(10.75,-3.2,0.35));
#6315 = VECTOR('',#6316,1.);
#6316 = DIRECTION('',(1.224646799147E-16,1.,-1.110223024625E-16));
#6317 = ORIENTED_EDGE('',*,*,#6318,.T.);
#6318 = EDGE_CURVE('',#6311,#6319,#6321,.T.);
#6319 = VERTEX_POINT('',#6320);
#6320 = CARTESIAN_POINT('',(9.25,-3.2,0.35));
#6321 = LINE('',#6322,#6323);
#6322 = CARTESIAN_POINT('',(10.75,-3.2,0.35));
#6323 = VECTOR('',#6324,1.);
#6324 = DIRECTION('',(-1.,1.224646799147E-16,0.));
#6325 = ORIENTED_EDGE('',*,*,#6326,.T.);
#6326 = EDGE_CURVE('',#6319,#6327,#6329,.T.);
#6327 = VERTEX_POINT('',#6328);
#6328 = CARTESIAN_POINT('',(9.25,-2.2,0.35));
#6329 = LINE('',#6330,#6331);
#6330 = CARTESIAN_POINT('',(9.25,-3.2,0.35));
#6331 = VECTOR('',#6332,1.);
#6332 = DIRECTION('',(1.224646799147E-16,1.,-1.110223024625E-16));
#6333 = ORIENTED_EDGE('',*,*,#6334,.F.);
#6334 = EDGE_CURVE('',#6335,#6327,#6337,.T.);
#6335 = VERTEX_POINT('',#6336);
#6336 = CARTESIAN_POINT('',(8.25,-2.2,0.35));
#6337 = LINE('',#6338,#6339);
#6338 = CARTESIAN_POINT('',(-2.45,-2.2,0.35));
#6339 = VECTOR('',#6340,1.);
#6340 = DIRECTION('',(1.,-1.224646799147E-16,0.));
#6341 = ORIENTED_EDGE('',*,*,#6342,.F.);
#6342 = EDGE_CURVE('',#6343,#6335,#6345,.T.);
#6343 = VERTEX_POINT('',#6344);
#6344 = CARTESIAN_POINT('',(8.25,-3.2,0.35));
#6345 = LINE('',#6346,#6347);
#6346 = CARTESIAN_POINT('',(8.25,-3.2,0.35));
#6347 = VECTOR('',#6348,1.);
#6348 = DIRECTION('',(1.224646799147E-16,1.,-1.110223024625E-16));
#6349 = ORIENTED_EDGE('',*,*,#6350,.T.);
#6350 = EDGE_CURVE('',#6343,#6351,#6353,.T.);
#6351 = VERTEX_POINT('',#6352);
#6352 = CARTESIAN_POINT('',(6.75,-3.2,0.35));
#6353 = LINE('',#6354,#6355);
#6354 = CARTESIAN_POINT('',(8.25,-3.2,0.35));
#6355 = VECTOR('',#6356,1.);
#6356 = DIRECTION('',(-1.,1.224646799147E-16,0.));
#6357 = ORIENTED_EDGE('',*,*,#6358,.T.);
#6358 = EDGE_CURVE('',#6351,#6359,#6361,.T.);
#6359 = VERTEX_POINT('',#6360);
#6360 = CARTESIAN_POINT('',(6.75,-2.2,0.35));
#6361 = LINE('',#6362,#6363);
#6362 = CARTESIAN_POINT('',(6.75,-3.2,0.35));
#6363 = VECTOR('',#6364,1.);
#6364 = DIRECTION('',(1.224646799147E-16,1.,-1.110223024625E-16));
#6365 = ORIENTED_EDGE('',*,*,#6366,.F.);
#6366 = EDGE_CURVE('',#6367,#6359,#6369,.T.);
#6367 = VERTEX_POINT('',#6368);
#6368 = CARTESIAN_POINT('',(5.75,-2.2,0.35));
#6369 = LINE('',#6370,#6371);
#6370 = CARTESIAN_POINT('',(-2.45,-2.2,0.35));
#6371 = VECTOR('',#6372,1.);
#6372 = DIRECTION('',(1.,-1.224646799147E-16,0.));
#6373 = ORIENTED_EDGE('',*,*,#6374,.F.);
#6374 = EDGE_CURVE('',#6375,#6367,#6377,.T.);
#6375 = VERTEX_POINT('',#6376);
#6376 = CARTESIAN_POINT('',(5.75,-3.2,0.35));
#6377 = LINE('',#6378,#6379);
#6378 = CARTESIAN_POINT('',(5.75,-3.2,0.35));
#6379 = VECTOR('',#6380,1.);
#6380 = DIRECTION('',(1.224646799147E-16,1.,-1.110223024625E-16));
#6381 = ORIENTED_EDGE('',*,*,#6382,.T.);
#6382 = EDGE_CURVE('',#6375,#6383,#6385,.T.);
#6383 = VERTEX_POINT('',#6384);
#6384 = CARTESIAN_POINT('',(4.25,-3.2,0.35));
#6385 = LINE('',#6386,#6387);
#6386 = CARTESIAN_POINT('',(5.75,-3.2,0.35));
#6387 = VECTOR('',#6388,1.);
#6388 = DIRECTION('',(-1.,1.224646799147E-16,0.));
#6389 = ORIENTED_EDGE('',*,*,#6390,.T.);
#6390 = EDGE_CURVE('',#6383,#6391,#6393,.T.);
#6391 = VERTEX_POINT('',#6392);
#6392 = CARTESIAN_POINT('',(4.25,-2.2,0.35));
#6393 = LINE('',#6394,#6395);
#6394 = CARTESIAN_POINT('',(4.25,-3.2,0.35));
#6395 = VECTOR('',#6396,1.);
#6396 = DIRECTION('',(1.224646799147E-16,1.,-1.110223024625E-16));
#6397 = ORIENTED_EDGE('',*,*,#6398,.F.);
#6398 = EDGE_CURVE('',#6399,#6391,#6401,.T.);
#6399 = VERTEX_POINT('',#6400);
#6400 = CARTESIAN_POINT('',(3.25,-2.2,0.35));
#6401 = LINE('',#6402,#6403);
#6402 = CARTESIAN_POINT('',(-2.45,-2.2,0.35));
#6403 = VECTOR('',#6404,1.);
#6404 = DIRECTION('',(1.,-1.224646799147E-16,0.));
#6405 = ORIENTED_EDGE('',*,*,#6406,.F.);
#6406 = EDGE_CURVE('',#6407,#6399,#6409,.T.);
#6407 = VERTEX_POINT('',#6408);
#6408 = CARTESIAN_POINT('',(3.25,-3.2,0.35));
#6409 = LINE('',#6410,#6411);
#6410 = CARTESIAN_POINT('',(3.25,-3.2,0.35));
#6411 = VECTOR('',#6412,1.);
#6412 = DIRECTION('',(1.224646799147E-16,1.,-1.110223024625E-16));
#6413 = ORIENTED_EDGE('',*,*,#6414,.T.);
#6414 = EDGE_CURVE('',#6407,#6415,#6417,.T.);
#6415 = VERTEX_POINT('',#6416);
#6416 = CARTESIAN_POINT('',(1.75,-3.2,0.35));
#6417 = LINE('',#6418,#6419);
#6418 = CARTESIAN_POINT('',(3.25,-3.2,0.35));
#6419 = VECTOR('',#6420,1.);
#6420 = DIRECTION('',(-1.,1.224646799147E-16,0.));
#6421 = ORIENTED_EDGE('',*,*,#6422,.T.);
#6422 = EDGE_CURVE('',#6415,#6423,#6425,.T.);
#6423 = VERTEX_POINT('',#6424);
#6424 = CARTESIAN_POINT('',(1.75,-2.2,0.35));
#6425 = LINE('',#6426,#6427);
#6426 = CARTESIAN_POINT('',(1.75,-3.2,0.35));
#6427 = VECTOR('',#6428,1.);
#6428 = DIRECTION('',(1.224646799147E-16,1.,-1.110223024625E-16));
#6429 = ORIENTED_EDGE('',*,*,#6430,.F.);
#6430 = EDGE_CURVE('',#6431,#6423,#6433,.T.);
#6431 = VERTEX_POINT('',#6432);
#6432 = CARTESIAN_POINT('',(0.75,-2.2,0.35));
#6433 = LINE('',#6434,#6435);
#6434 = CARTESIAN_POINT('',(-2.45,-2.2,0.35));
#6435 = VECTOR('',#6436,1.);
#6436 = DIRECTION('',(1.,-1.224646799147E-16,0.));
#6437 = ORIENTED_EDGE('',*,*,#6438,.F.);
#6438 = EDGE_CURVE('',#6439,#6431,#6441,.T.);
#6439 = VERTEX_POINT('',#6440);
#6440 = CARTESIAN_POINT('',(0.75,-3.2,0.35));
#6441 = LINE('',#6442,#6443);
#6442 = CARTESIAN_POINT('',(0.75,-3.2,0.35));
#6443 = VECTOR('',#6444,1.);
#6444 = DIRECTION('',(1.224646799147E-16,1.,-1.110223024625E-16));
#6445 = ORIENTED_EDGE('',*,*,#6446,.T.);
#6446 = EDGE_CURVE('',#6439,#6447,#6449,.T.);
#6447 = VERTEX_POINT('',#6448);
#6448 = CARTESIAN_POINT('',(-0.75,-3.2,0.35));
#6449 = LINE('',#6450,#6451);
#6450 = CARTESIAN_POINT('',(0.75,-3.2,0.35));
#6451 = VECTOR('',#6452,1.);
#6452 = DIRECTION('',(-1.,1.224646799147E-16,0.));
#6453 = ORIENTED_EDGE('',*,*,#6454,.T.);
#6454 = EDGE_CURVE('',#6447,#6143,#6455,.T.);
#6455 = LINE('',#6456,#6457);
#6456 = CARTESIAN_POINT('',(-0.75,-3.2,0.35));
#6457 = VECTOR('',#6458,1.);
#6458 = DIRECTION('',(1.224646799147E-16,1.,-1.110223024625E-16));
#6459 = PLANE('',#6460);
#6460 = AXIS2_PLACEMENT_3D('',#6461,#6462,#6463);
#6461 = CARTESIAN_POINT('',(-2.45,-2.2,0.35));
#6462 = DIRECTION('',(1.359631073447E-32,1.110223024625E-16,1.));
#6463 = DIRECTION('',(1.,-1.224646799147E-16,-6.927121900793E-45));
#6464 = ADVANCED_FACE('',(#6465),#6506,.F.);
#6465 = FACE_BOUND('',#6466,.F.);
#6466 = EDGE_LOOP('',(#6467,#6468,#6476,#6484,#6492,#6500));
#6467 = ORIENTED_EDGE('',*,*,#6140,.T.);
#6468 = ORIENTED_EDGE('',*,*,#6469,.T.);
#6469 = EDGE_CURVE('',#6143,#6470,#6472,.T.);
#6470 = VERTEX_POINT('',#6471);
#6471 = CARTESIAN_POINT('',(-0.75,-2.2,6.1));
#6472 = LINE('',#6473,#6474);
#6473 = CARTESIAN_POINT('',(-0.75,-2.2,0.35));
#6474 = VECTOR('',#6475,1.);
#6475 = DIRECTION('',(1.359631073447E-32,1.110223024625E-16,1.));
#6476 = ORIENTED_EDGE('',*,*,#6477,.T.);
#6477 = EDGE_CURVE('',#6470,#6478,#6480,.T.);
#6478 = VERTEX_POINT('',#6479);
#6479 = CARTESIAN_POINT('',(-2.45,-2.2,6.1));
#6480 = LINE('',#6481,#6482);
#6481 = CARTESIAN_POINT('',(22.45,-2.2,6.1));
#6482 = VECTOR('',#6483,1.);
#6483 = DIRECTION('',(-1.,1.224646799147E-16,0.));
#6484 = ORIENTED_EDGE('',*,*,#6485,.T.);
#6485 = EDGE_CURVE('',#6478,#6486,#6488,.T.);
#6486 = VERTEX_POINT('',#6487);
#6487 = CARTESIAN_POINT('',(-2.45,-2.2,5.35));
#6488 = LINE('',#6489,#6490);
#6489 = CARTESIAN_POINT('',(-2.45,-2.2,6.1));
#6490 = VECTOR('',#6491,1.);
#6491 = DIRECTION('',(-1.359631073447E-32,-1.110223024625E-16,-1.));
#6492 = ORIENTED_EDGE('',*,*,#6493,.F.);
#6493 = EDGE_CURVE('',#6494,#6486,#6496,.T.);
#6494 = VERTEX_POINT('',#6495);
#6495 = CARTESIAN_POINT('',(-1.95,-2.2,5.35));
#6496 = LINE('',#6497,#6498);
#6497 = CARTESIAN_POINT('',(-1.95,-2.2,5.35));
#6498 = VECTOR('',#6499,1.);
#6499 = DIRECTION('',(-1.,1.224646799147E-16,0.));
#6500 = ORIENTED_EDGE('',*,*,#6501,.F.);
#6501 = EDGE_CURVE('',#6141,#6494,#6502,.T.);
#6502 = LINE('',#6503,#6504);
#6503 = CARTESIAN_POINT('',(-1.95,-2.2,0.35));
#6504 = VECTOR('',#6505,1.);
#6505 = DIRECTION('',(0.,0.,1.));
#6506 = PLANE('',#6507);
#6507 = AXIS2_PLACEMENT_3D('',#6508,#6509,#6510);
#6508 = CARTESIAN_POINT('',(10.,-2.2,3.225));
#6509 = DIRECTION('',(-1.224646799147E-16,-1.,1.110223024625E-16));
#6510 = DIRECTION('',(-1.,1.224646799147E-16,0.));
#6511 = ADVANCED_FACE('',(#6512),#6546,.T.);
#6512 = FACE_BOUND('',#6513,.T.);
#6513 = EDGE_LOOP('',(#6514,#6522,#6530,#6538,#6544,#6545));
#6514 = ORIENTED_EDGE('',*,*,#6515,.T.);
#6515 = EDGE_CURVE('',#6470,#6516,#6518,.T.);
#6516 = VERTEX_POINT('',#6517);
#6517 = CARTESIAN_POINT('',(-0.75,-3.2,6.1));
#6518 = LINE('',#6519,#6520);
#6519 = CARTESIAN_POINT('',(-0.75,-2.2,6.1));
#6520 = VECTOR('',#6521,1.);
#6521 = DIRECTION('',(-1.224646799147E-16,-1.,1.110223024625E-16));
#6522 = ORIENTED_EDGE('',*,*,#6523,.T.);
#6523 = EDGE_CURVE('',#6516,#6524,#6526,.T.);
#6524 = VERTEX_POINT('',#6525);
#6525 = CARTESIAN_POINT('',(-0.75,-2.5,4.25));
#6526 = LINE('',#6527,#6528);
#6527 = CARTESIAN_POINT('',(-0.75,-3.2,6.1));
#6528 = VECTOR('',#6529,1.);
#6529 = DIRECTION('',(4.33392824344E-17,0.353892097416,-0.935286257456)
  );
#6530 = ORIENTED_EDGE('',*,*,#6531,.T.);
#6531 = EDGE_CURVE('',#6524,#6532,#6534,.T.);
#6532 = VERTEX_POINT('',#6533);
#6533 = CARTESIAN_POINT('',(-0.75,-2.5,3.25));
#6534 = LINE('',#6535,#6536);
#6535 = CARTESIAN_POINT('',(-0.75,-2.5,4.25));
#6536 = VECTOR('',#6537,1.);
#6537 = DIRECTION('',(-1.359631073447E-32,-1.110223024625E-16,-1.));
#6538 = ORIENTED_EDGE('',*,*,#6539,.T.);
#6539 = EDGE_CURVE('',#6532,#6447,#6540,.T.);
#6540 = LINE('',#6541,#6542);
#6541 = CARTESIAN_POINT('',(-0.75,-2.5,3.25));
#6542 = VECTOR('',#6543,1.);
#6543 = DIRECTION('',(-2.87351777816E-17,-0.234640533104,-0.972082208573
    ));
#6544 = ORIENTED_EDGE('',*,*,#6454,.T.);
#6545 = ORIENTED_EDGE('',*,*,#6469,.T.);
#6546 = PLANE('',#6547);
#6547 = AXIS2_PLACEMENT_3D('',#6548,#6549,#6550);
#6548 = CARTESIAN_POINT('',(-0.75,-2.530008245993,3.234548643504));
#6549 = DIRECTION('',(1.,-1.224646799147E-16,6.435104022508E-33));
#6550 = DIRECTION('',(1.224646799147E-16,1.,-1.110223024625E-16));
#6551 = ADVANCED_FACE('',(#6552),#6570,.F.);
#6552 = FACE_BOUND('',#6553,.F.);
#6553 = EDGE_LOOP('',(#6554,#6562,#6563,#6564));
#6554 = ORIENTED_EDGE('',*,*,#6555,.T.);
#6555 = EDGE_CURVE('',#6556,#6532,#6558,.T.);
#6556 = VERTEX_POINT('',#6557);
#6557 = CARTESIAN_POINT('',(0.75,-2.5,3.25));
#6558 = LINE('',#6559,#6560);
#6559 = CARTESIAN_POINT('',(0.75,-2.5,3.25));
#6560 = VECTOR('',#6561,1.);
#6561 = DIRECTION('',(-1.,1.224646799147E-16,0.));
#6562 = ORIENTED_EDGE('',*,*,#6539,.T.);
#6563 = ORIENTED_EDGE('',*,*,#6446,.F.);
#6564 = ORIENTED_EDGE('',*,*,#6565,.F.);
#6565 = EDGE_CURVE('',#6556,#6439,#6566,.T.);
#6566 = LINE('',#6567,#6568);
#6567 = CARTESIAN_POINT('',(0.75,-2.5,3.25));
#6568 = VECTOR('',#6569,1.);
#6569 = DIRECTION('',(-2.87351777816E-17,-0.234640533104,-0.972082208573
    ));
#6570 = PLANE('',#6571);
#6571 = AXIS2_PLACEMENT_3D('',#6572,#6573,#6574);
#6572 = CARTESIAN_POINT('',(0.75,-2.5,3.25));
#6573 = DIRECTION('',(-1.190457365237E-16,-0.972082208573,0.234640533104
    ));
#6574 = DIRECTION('',(-2.87351777816E-17,-0.234640533104,-0.972082208573
    ));
#6575 = ADVANCED_FACE('',(#6576),#6610,.F.);
#6576 = FACE_BOUND('',#6577,.F.);
#6577 = EDGE_LOOP('',(#6578,#6588,#6596,#6602,#6603,#6604));
#6578 = ORIENTED_EDGE('',*,*,#6579,.T.);
#6579 = EDGE_CURVE('',#6580,#6582,#6584,.T.);
#6580 = VERTEX_POINT('',#6581);
#6581 = CARTESIAN_POINT('',(0.75,-2.2,6.1));
#6582 = VERTEX_POINT('',#6583);
#6583 = CARTESIAN_POINT('',(0.75,-3.2,6.1));
#6584 = LINE('',#6585,#6586);
#6585 = CARTESIAN_POINT('',(0.75,-2.2,6.1));
#6586 = VECTOR('',#6587,1.);
#6587 = DIRECTION('',(-1.224646799147E-16,-1.,1.110223024625E-16));
#6588 = ORIENTED_EDGE('',*,*,#6589,.T.);
#6589 = EDGE_CURVE('',#6582,#6590,#6592,.T.);
#6590 = VERTEX_POINT('',#6591);
#6591 = CARTESIAN_POINT('',(0.75,-2.5,4.25));
#6592 = LINE('',#6593,#6594);
#6593 = CARTESIAN_POINT('',(0.75,-3.2,6.1));
#6594 = VECTOR('',#6595,1.);
#6595 = DIRECTION('',(4.33392824344E-17,0.353892097416,-0.935286257456)
  );
#6596 = ORIENTED_EDGE('',*,*,#6597,.T.);
#6597 = EDGE_CURVE('',#6590,#6556,#6598,.T.);
#6598 = LINE('',#6599,#6600);
#6599 = CARTESIAN_POINT('',(0.75,-2.5,4.25));
#6600 = VECTOR('',#6601,1.);
#6601 = DIRECTION('',(-1.359631073447E-32,-1.110223024625E-16,-1.));
#6602 = ORIENTED_EDGE('',*,*,#6565,.T.);
#6603 = ORIENTED_EDGE('',*,*,#6438,.T.);
#6604 = ORIENTED_EDGE('',*,*,#6605,.T.);
#6605 = EDGE_CURVE('',#6431,#6580,#6606,.T.);
#6606 = LINE('',#6607,#6608);
#6607 = CARTESIAN_POINT('',(0.75,-2.2,0.35));
#6608 = VECTOR('',#6609,1.);
#6609 = DIRECTION('',(1.359631073447E-32,1.110223024625E-16,1.));
#6610 = PLANE('',#6611);
#6611 = AXIS2_PLACEMENT_3D('',#6612,#6613,#6614);
#6612 = CARTESIAN_POINT('',(0.75,-2.530008245993,3.234548643504));
#6613 = DIRECTION('',(1.,-1.224646799147E-16,6.435104022508E-33));
#6614 = DIRECTION('',(1.224646799147E-16,1.,-1.110223024625E-16));
#6615 = ADVANCED_FACE('',(#6616),#6634,.F.);
#6616 = FACE_BOUND('',#6617,.F.);
#6617 = EDGE_LOOP('',(#6618,#6626,#6632,#6633));
#6618 = ORIENTED_EDGE('',*,*,#6619,.T.);
#6619 = EDGE_CURVE('',#6423,#6620,#6622,.T.);
#6620 = VERTEX_POINT('',#6621);
#6621 = CARTESIAN_POINT('',(1.75,-2.2,6.1));
#6622 = LINE('',#6623,#6624);
#6623 = CARTESIAN_POINT('',(1.75,-2.2,0.35));
#6624 = VECTOR('',#6625,1.);
#6625 = DIRECTION('',(1.359631073447E-32,1.110223024625E-16,1.));
#6626 = ORIENTED_EDGE('',*,*,#6627,.T.);
#6627 = EDGE_CURVE('',#6620,#6580,#6628,.T.);
#6628 = LINE('',#6629,#6630);
#6629 = CARTESIAN_POINT('',(22.45,-2.2,6.1));
#6630 = VECTOR('',#6631,1.);
#6631 = DIRECTION('',(-1.,1.224646799147E-16,0.));
#6632 = ORIENTED_EDGE('',*,*,#6605,.F.);
#6633 = ORIENTED_EDGE('',*,*,#6430,.T.);
#6634 = PLANE('',#6635);
#6635 = AXIS2_PLACEMENT_3D('',#6636,#6637,#6638);
#6636 = CARTESIAN_POINT('',(10.,-2.2,3.225));
#6637 = DIRECTION('',(-1.224646799147E-16,-1.,1.110223024625E-16));
#6638 = DIRECTION('',(-1.,1.224646799147E-16,0.));
#6639 = ADVANCED_FACE('',(#6640),#6674,.T.);
#6640 = FACE_BOUND('',#6641,.T.);
#6641 = EDGE_LOOP('',(#6642,#6650,#6658,#6666,#6672,#6673));
#6642 = ORIENTED_EDGE('',*,*,#6643,.T.);
#6643 = EDGE_CURVE('',#6620,#6644,#6646,.T.);
#6644 = VERTEX_POINT('',#6645);
#6645 = CARTESIAN_POINT('',(1.75,-3.2,6.1));
#6646 = LINE('',#6647,#6648);
#6647 = CARTESIAN_POINT('',(1.75,-2.2,6.1));
#6648 = VECTOR('',#6649,1.);
#6649 = DIRECTION('',(-1.224646799147E-16,-1.,1.110223024625E-16));
#6650 = ORIENTED_EDGE('',*,*,#6651,.T.);
#6651 = EDGE_CURVE('',#6644,#6652,#6654,.T.);
#6652 = VERTEX_POINT('',#6653);
#6653 = CARTESIAN_POINT('',(1.75,-2.5,4.25));
#6654 = LINE('',#6655,#6656);
#6655 = CARTESIAN_POINT('',(1.75,-3.2,6.1));
#6656 = VECTOR('',#6657,1.);
#6657 = DIRECTION('',(4.33392824344E-17,0.353892097416,-0.935286257456)
  );
#6658 = ORIENTED_EDGE('',*,*,#6659,.T.);
#6659 = EDGE_CURVE('',#6652,#6660,#6662,.T.);
#6660 = VERTEX_POINT('',#6661);
#6661 = CARTESIAN_POINT('',(1.75,-2.5,3.25));
#6662 = LINE('',#6663,#6664);
#6663 = CARTESIAN_POINT('',(1.75,-2.5,4.25));
#6664 = VECTOR('',#6665,1.);
#6665 = DIRECTION('',(-1.359631073447E-32,-1.110223024625E-16,-1.));
#6666 = ORIENTED_EDGE('',*,*,#6667,.T.);
#6667 = EDGE_CURVE('',#6660,#6415,#6668,.T.);
#6668 = LINE('',#6669,#6670);
#6669 = CARTESIAN_POINT('',(1.75,-2.5,3.25));
#6670 = VECTOR('',#6671,1.);
#6671 = DIRECTION('',(-2.87351777816E-17,-0.234640533104,-0.972082208573
    ));
#6672 = ORIENTED_EDGE('',*,*,#6422,.T.);
#6673 = ORIENTED_EDGE('',*,*,#6619,.T.);
#6674 = PLANE('',#6675);
#6675 = AXIS2_PLACEMENT_3D('',#6676,#6677,#6678);
#6676 = CARTESIAN_POINT('',(1.75,-2.530008245993,3.234548643504));
#6677 = DIRECTION('',(1.,-1.224646799147E-16,6.435104022508E-33));
#6678 = DIRECTION('',(1.224646799147E-16,1.,-1.110223024625E-16));
#6679 = ADVANCED_FACE('',(#6680),#6698,.F.);
#6680 = FACE_BOUND('',#6681,.F.);
#6681 = EDGE_LOOP('',(#6682,#6690,#6691,#6692));
#6682 = ORIENTED_EDGE('',*,*,#6683,.T.);
#6683 = EDGE_CURVE('',#6684,#6660,#6686,.T.);
#6684 = VERTEX_POINT('',#6685);
#6685 = CARTESIAN_POINT('',(3.25,-2.5,3.25));
#6686 = LINE('',#6687,#6688);
#6687 = CARTESIAN_POINT('',(3.25,-2.5,3.25));
#6688 = VECTOR('',#6689,1.);
#6689 = DIRECTION('',(-1.,1.224646799147E-16,0.));
#6690 = ORIENTED_EDGE('',*,*,#6667,.T.);
#6691 = ORIENTED_EDGE('',*,*,#6414,.F.);
#6692 = ORIENTED_EDGE('',*,*,#6693,.F.);
#6693 = EDGE_CURVE('',#6684,#6407,#6694,.T.);
#6694 = LINE('',#6695,#6696);
#6695 = CARTESIAN_POINT('',(3.25,-2.5,3.25));
#6696 = VECTOR('',#6697,1.);
#6697 = DIRECTION('',(-2.87351777816E-17,-0.234640533104,-0.972082208573
    ));
#6698 = PLANE('',#6699);
#6699 = AXIS2_PLACEMENT_3D('',#6700,#6701,#6702);
#6700 = CARTESIAN_POINT('',(3.25,-2.5,3.25));
#6701 = DIRECTION('',(-1.190457365237E-16,-0.972082208573,0.234640533104
    ));
#6702 = DIRECTION('',(-2.87351777816E-17,-0.234640533104,-0.972082208573
    ));
#6703 = ADVANCED_FACE('',(#6704),#6738,.F.);
#6704 = FACE_BOUND('',#6705,.F.);
#6705 = EDGE_LOOP('',(#6706,#6716,#6724,#6730,#6731,#6732));
#6706 = ORIENTED_EDGE('',*,*,#6707,.T.);
#6707 = EDGE_CURVE('',#6708,#6710,#6712,.T.);
#6708 = VERTEX_POINT('',#6709);
#6709 = CARTESIAN_POINT('',(3.25,-2.2,6.1));
#6710 = VERTEX_POINT('',#6711);
#6711 = CARTESIAN_POINT('',(3.25,-3.2,6.1));
#6712 = LINE('',#6713,#6714);
#6713 = CARTESIAN_POINT('',(3.25,-2.2,6.1));
#6714 = VECTOR('',#6715,1.);
#6715 = DIRECTION('',(-1.224646799147E-16,-1.,1.110223024625E-16));
#6716 = ORIENTED_EDGE('',*,*,#6717,.T.);
#6717 = EDGE_CURVE('',#6710,#6718,#6720,.T.);
#6718 = VERTEX_POINT('',#6719);
#6719 = CARTESIAN_POINT('',(3.25,-2.5,4.25));
#6720 = LINE('',#6721,#6722);
#6721 = CARTESIAN_POINT('',(3.25,-3.2,6.1));
#6722 = VECTOR('',#6723,1.);
#6723 = DIRECTION('',(4.33392824344E-17,0.353892097416,-0.935286257456)
  );
#6724 = ORIENTED_EDGE('',*,*,#6725,.T.);
#6725 = EDGE_CURVE('',#6718,#6684,#6726,.T.);
#6726 = LINE('',#6727,#6728);
#6727 = CARTESIAN_POINT('',(3.25,-2.5,4.25));
#6728 = VECTOR('',#6729,1.);
#6729 = DIRECTION('',(-1.359631073447E-32,-1.110223024625E-16,-1.));
#6730 = ORIENTED_EDGE('',*,*,#6693,.T.);
#6731 = ORIENTED_EDGE('',*,*,#6406,.T.);
#6732 = ORIENTED_EDGE('',*,*,#6733,.T.);
#6733 = EDGE_CURVE('',#6399,#6708,#6734,.T.);
#6734 = LINE('',#6735,#6736);
#6735 = CARTESIAN_POINT('',(3.25,-2.2,0.35));
#6736 = VECTOR('',#6737,1.);
#6737 = DIRECTION('',(1.359631073447E-32,1.110223024625E-16,1.));
#6738 = PLANE('',#6739);
#6739 = AXIS2_PLACEMENT_3D('',#6740,#6741,#6742);
#6740 = CARTESIAN_POINT('',(3.25,-2.530008245993,3.234548643504));
#6741 = DIRECTION('',(1.,-1.224646799147E-16,6.435104022508E-33));
#6742 = DIRECTION('',(1.224646799147E-16,1.,-1.110223024625E-16));
#6743 = ADVANCED_FACE('',(#6744),#6762,.F.);
#6744 = FACE_BOUND('',#6745,.F.);
#6745 = EDGE_LOOP('',(#6746,#6754,#6755,#6756));
#6746 = ORIENTED_EDGE('',*,*,#6747,.T.);
#6747 = EDGE_CURVE('',#6748,#6708,#6750,.T.);
#6748 = VERTEX_POINT('',#6749);
#6749 = CARTESIAN_POINT('',(4.25,-2.2,6.1));
#6750 = LINE('',#6751,#6752);
#6751 = CARTESIAN_POINT('',(22.45,-2.2,6.1));
#6752 = VECTOR('',#6753,1.);
#6753 = DIRECTION('',(-1.,1.224646799147E-16,0.));
#6754 = ORIENTED_EDGE('',*,*,#6733,.F.);
#6755 = ORIENTED_EDGE('',*,*,#6398,.T.);
#6756 = ORIENTED_EDGE('',*,*,#6757,.T.);
#6757 = EDGE_CURVE('',#6391,#6748,#6758,.T.);
#6758 = LINE('',#6759,#6760);
#6759 = CARTESIAN_POINT('',(4.25,-2.2,0.35));
#6760 = VECTOR('',#6761,1.);
#6761 = DIRECTION('',(1.359631073447E-32,1.110223024625E-16,1.));
#6762 = PLANE('',#6763);
#6763 = AXIS2_PLACEMENT_3D('',#6764,#6765,#6766);
#6764 = CARTESIAN_POINT('',(10.,-2.2,3.225));
#6765 = DIRECTION('',(-1.224646799147E-16,-1.,1.110223024625E-16));
#6766 = DIRECTION('',(-1.,1.224646799147E-16,0.));
#6767 = ADVANCED_FACE('',(#6768),#6802,.T.);
#6768 = FACE_BOUND('',#6769,.T.);
#6769 = EDGE_LOOP('',(#6770,#6778,#6786,#6794,#6800,#6801));
#6770 = ORIENTED_EDGE('',*,*,#6771,.T.);
#6771 = EDGE_CURVE('',#6748,#6772,#6774,.T.);
#6772 = VERTEX_POINT('',#6773);
#6773 = CARTESIAN_POINT('',(4.25,-3.2,6.1));
#6774 = LINE('',#6775,#6776);
#6775 = CARTESIAN_POINT('',(4.25,-2.2,6.1));
#6776 = VECTOR('',#6777,1.);
#6777 = DIRECTION('',(-1.224646799147E-16,-1.,1.110223024625E-16));
#6778 = ORIENTED_EDGE('',*,*,#6779,.T.);
#6779 = EDGE_CURVE('',#6772,#6780,#6782,.T.);
#6780 = VERTEX_POINT('',#6781);
#6781 = CARTESIAN_POINT('',(4.25,-2.5,4.25));
#6782 = LINE('',#6783,#6784);
#6783 = CARTESIAN_POINT('',(4.25,-3.2,6.1));
#6784 = VECTOR('',#6785,1.);
#6785 = DIRECTION('',(4.33392824344E-17,0.353892097416,-0.935286257456)
  );
#6786 = ORIENTED_EDGE('',*,*,#6787,.T.);
#6787 = EDGE_CURVE('',#6780,#6788,#6790,.T.);
#6788 = VERTEX_POINT('',#6789);
#6789 = CARTESIAN_POINT('',(4.25,-2.5,3.25));
#6790 = LINE('',#6791,#6792);
#6791 = CARTESIAN_POINT('',(4.25,-2.5,4.25));
#6792 = VECTOR('',#6793,1.);
#6793 = DIRECTION('',(-1.359631073447E-32,-1.110223024625E-16,-1.));
#6794 = ORIENTED_EDGE('',*,*,#6795,.T.);
#6795 = EDGE_CURVE('',#6788,#6383,#6796,.T.);
#6796 = LINE('',#6797,#6798);
#6797 = CARTESIAN_POINT('',(4.25,-2.5,3.25));
#6798 = VECTOR('',#6799,1.);
#6799 = DIRECTION('',(-2.87351777816E-17,-0.234640533104,-0.972082208573
    ));
#6800 = ORIENTED_EDGE('',*,*,#6390,.T.);
#6801 = ORIENTED_EDGE('',*,*,#6757,.T.);
#6802 = PLANE('',#6803);
#6803 = AXIS2_PLACEMENT_3D('',#6804,#6805,#6806);
#6804 = CARTESIAN_POINT('',(4.25,-2.530008245993,3.234548643504));
#6805 = DIRECTION('',(1.,-1.224646799147E-16,6.435104022508E-33));
#6806 = DIRECTION('',(1.224646799147E-16,1.,-1.110223024625E-16));
#6807 = ADVANCED_FACE('',(#6808),#6826,.F.);
#6808 = FACE_BOUND('',#6809,.F.);
#6809 = EDGE_LOOP('',(#6810,#6818,#6819,#6820));
#6810 = ORIENTED_EDGE('',*,*,#6811,.T.);
#6811 = EDGE_CURVE('',#6812,#6788,#6814,.T.);
#6812 = VERTEX_POINT('',#6813);
#6813 = CARTESIAN_POINT('',(5.75,-2.5,3.25));
#6814 = LINE('',#6815,#6816);
#6815 = CARTESIAN_POINT('',(5.75,-2.5,3.25));
#6816 = VECTOR('',#6817,1.);
#6817 = DIRECTION('',(-1.,1.224646799147E-16,0.));
#6818 = ORIENTED_EDGE('',*,*,#6795,.T.);
#6819 = ORIENTED_EDGE('',*,*,#6382,.F.);
#6820 = ORIENTED_EDGE('',*,*,#6821,.F.);
#6821 = EDGE_CURVE('',#6812,#6375,#6822,.T.);
#6822 = LINE('',#6823,#6824);
#6823 = CARTESIAN_POINT('',(5.75,-2.5,3.25));
#6824 = VECTOR('',#6825,1.);
#6825 = DIRECTION('',(-2.87351777816E-17,-0.234640533104,-0.972082208573
    ));
#6826 = PLANE('',#6827);
#6827 = AXIS2_PLACEMENT_3D('',#6828,#6829,#6830);
#6828 = CARTESIAN_POINT('',(5.75,-2.5,3.25));
#6829 = DIRECTION('',(-1.190457365237E-16,-0.972082208573,0.234640533104
    ));
#6830 = DIRECTION('',(-2.87351777816E-17,-0.234640533104,-0.972082208573
    ));
#6831 = ADVANCED_FACE('',(#6832),#6866,.F.);
#6832 = FACE_BOUND('',#6833,.F.);
#6833 = EDGE_LOOP('',(#6834,#6844,#6852,#6858,#6859,#6860));
#6834 = ORIENTED_EDGE('',*,*,#6835,.T.);
#6835 = EDGE_CURVE('',#6836,#6838,#6840,.T.);
#6836 = VERTEX_POINT('',#6837);
#6837 = CARTESIAN_POINT('',(5.75,-2.2,6.1));
#6838 = VERTEX_POINT('',#6839);
#6839 = CARTESIAN_POINT('',(5.75,-3.2,6.1));
#6840 = LINE('',#6841,#6842);
#6841 = CARTESIAN_POINT('',(5.75,-2.2,6.1));
#6842 = VECTOR('',#6843,1.);
#6843 = DIRECTION('',(-1.224646799147E-16,-1.,1.110223024625E-16));
#6844 = ORIENTED_EDGE('',*,*,#6845,.T.);
#6845 = EDGE_CURVE('',#6838,#6846,#6848,.T.);
#6846 = VERTEX_POINT('',#6847);
#6847 = CARTESIAN_POINT('',(5.75,-2.5,4.25));
#6848 = LINE('',#6849,#6850);
#6849 = CARTESIAN_POINT('',(5.75,-3.2,6.1));
#6850 = VECTOR('',#6851,1.);
#6851 = DIRECTION('',(4.33392824344E-17,0.353892097416,-0.935286257456)
  );
#6852 = ORIENTED_EDGE('',*,*,#6853,.T.);
#6853 = EDGE_CURVE('',#6846,#6812,#6854,.T.);
#6854 = LINE('',#6855,#6856);
#6855 = CARTESIAN_POINT('',(5.75,-2.5,4.25));
#6856 = VECTOR('',#6857,1.);
#6857 = DIRECTION('',(-1.359631073447E-32,-1.110223024625E-16,-1.));
#6858 = ORIENTED_EDGE('',*,*,#6821,.T.);
#6859 = ORIENTED_EDGE('',*,*,#6374,.T.);
#6860 = ORIENTED_EDGE('',*,*,#6861,.T.);
#6861 = EDGE_CURVE('',#6367,#6836,#6862,.T.);
#6862 = LINE('',#6863,#6864);
#6863 = CARTESIAN_POINT('',(5.75,-2.2,0.35));
#6864 = VECTOR('',#6865,1.);
#6865 = DIRECTION('',(1.359631073447E-32,1.110223024625E-16,1.));
#6866 = PLANE('',#6867);
#6867 = AXIS2_PLACEMENT_3D('',#6868,#6869,#6870);
#6868 = CARTESIAN_POINT('',(5.75,-2.530008245993,3.234548643504));
#6869 = DIRECTION('',(1.,-1.224646799147E-16,6.435104022508E-33));
#6870 = DIRECTION('',(1.224646799147E-16,1.,-1.110223024625E-16));
#6871 = ADVANCED_FACE('',(#6872),#6890,.F.);
#6872 = FACE_BOUND('',#6873,.F.);
#6873 = EDGE_LOOP('',(#6874,#6875,#6876,#6884));
#6874 = ORIENTED_EDGE('',*,*,#6861,.F.);
#6875 = ORIENTED_EDGE('',*,*,#6366,.T.);
#6876 = ORIENTED_EDGE('',*,*,#6877,.T.);
#6877 = EDGE_CURVE('',#6359,#6878,#6880,.T.);
#6878 = VERTEX_POINT('',#6879);
#6879 = CARTESIAN_POINT('',(6.75,-2.2,6.1));
#6880 = LINE('',#6881,#6882);
#6881 = CARTESIAN_POINT('',(6.75,-2.2,0.35));
#6882 = VECTOR('',#6883,1.);
#6883 = DIRECTION('',(1.359631073447E-32,1.110223024625E-16,1.));
#6884 = ORIENTED_EDGE('',*,*,#6885,.T.);
#6885 = EDGE_CURVE('',#6878,#6836,#6886,.T.);
#6886 = LINE('',#6887,#6888);
#6887 = CARTESIAN_POINT('',(22.45,-2.2,6.1));
#6888 = VECTOR('',#6889,1.);
#6889 = DIRECTION('',(-1.,1.224646799147E-16,0.));
#6890 = PLANE('',#6891);
#6891 = AXIS2_PLACEMENT_3D('',#6892,#6893,#6894);
#6892 = CARTESIAN_POINT('',(10.,-2.2,3.225));
#6893 = DIRECTION('',(-1.224646799147E-16,-1.,1.110223024625E-16));
#6894 = DIRECTION('',(-1.,1.224646799147E-16,0.));
#6895 = ADVANCED_FACE('',(#6896),#6930,.T.);
#6896 = FACE_BOUND('',#6897,.T.);
#6897 = EDGE_LOOP('',(#6898,#6906,#6914,#6922,#6928,#6929));
#6898 = ORIENTED_EDGE('',*,*,#6899,.T.);
#6899 = EDGE_CURVE('',#6878,#6900,#6902,.T.);
#6900 = VERTEX_POINT('',#6901);
#6901 = CARTESIAN_POINT('',(6.75,-3.2,6.1));
#6902 = LINE('',#6903,#6904);
#6903 = CARTESIAN_POINT('',(6.75,-2.2,6.1));
#6904 = VECTOR('',#6905,1.);
#6905 = DIRECTION('',(-1.224646799147E-16,-1.,1.110223024625E-16));
#6906 = ORIENTED_EDGE('',*,*,#6907,.T.);
#6907 = EDGE_CURVE('',#6900,#6908,#6910,.T.);
#6908 = VERTEX_POINT('',#6909);
#6909 = CARTESIAN_POINT('',(6.75,-2.5,4.25));
#6910 = LINE('',#6911,#6912);
#6911 = CARTESIAN_POINT('',(6.75,-3.2,6.1));
#6912 = VECTOR('',#6913,1.);
#6913 = DIRECTION('',(4.33392824344E-17,0.353892097416,-0.935286257456)
  );
#6914 = ORIENTED_EDGE('',*,*,#6915,.T.);
#6915 = EDGE_CURVE('',#6908,#6916,#6918,.T.);
#6916 = VERTEX_POINT('',#6917);
#6917 = CARTESIAN_POINT('',(6.75,-2.5,3.25));
#6918 = LINE('',#6919,#6920);
#6919 = CARTESIAN_POINT('',(6.75,-2.5,4.25));
#6920 = VECTOR('',#6921,1.);
#6921 = DIRECTION('',(-1.359631073447E-32,-1.110223024625E-16,-1.));
#6922 = ORIENTED_EDGE('',*,*,#6923,.T.);
#6923 = EDGE_CURVE('',#6916,#6351,#6924,.T.);
#6924 = LINE('',#6925,#6926);
#6925 = CARTESIAN_POINT('',(6.75,-2.5,3.25));
#6926 = VECTOR('',#6927,1.);
#6927 = DIRECTION('',(-2.87351777816E-17,-0.234640533104,-0.972082208573
    ));
#6928 = ORIENTED_EDGE('',*,*,#6358,.T.);
#6929 = ORIENTED_EDGE('',*,*,#6877,.T.);
#6930 = PLANE('',#6931);
#6931 = AXIS2_PLACEMENT_3D('',#6932,#6933,#6934);
#6932 = CARTESIAN_POINT('',(6.75,-2.530008245993,3.234548643504));
#6933 = DIRECTION('',(1.,-1.224646799147E-16,6.435104022508E-33));
#6934 = DIRECTION('',(1.224646799147E-16,1.,-1.110223024625E-16));
#6935 = ADVANCED_FACE('',(#6936),#6954,.F.);
#6936 = FACE_BOUND('',#6937,.F.);
#6937 = EDGE_LOOP('',(#6938,#6946,#6947,#6948));
#6938 = ORIENTED_EDGE('',*,*,#6939,.T.);
#6939 = EDGE_CURVE('',#6940,#6916,#6942,.T.);
#6940 = VERTEX_POINT('',#6941);
#6941 = CARTESIAN_POINT('',(8.25,-2.5,3.25));
#6942 = LINE('',#6943,#6944);
#6943 = CARTESIAN_POINT('',(8.25,-2.5,3.25));
#6944 = VECTOR('',#6945,1.);
#6945 = DIRECTION('',(-1.,1.224646799147E-16,0.));
#6946 = ORIENTED_EDGE('',*,*,#6923,.T.);
#6947 = ORIENTED_EDGE('',*,*,#6350,.F.);
#6948 = ORIENTED_EDGE('',*,*,#6949,.F.);
#6949 = EDGE_CURVE('',#6940,#6343,#6950,.T.);
#6950 = LINE('',#6951,#6952);
#6951 = CARTESIAN_POINT('',(8.25,-2.5,3.25));
#6952 = VECTOR('',#6953,1.);
#6953 = DIRECTION('',(-2.87351777816E-17,-0.234640533104,-0.972082208573
    ));
#6954 = PLANE('',#6955);
#6955 = AXIS2_PLACEMENT_3D('',#6956,#6957,#6958);
#6956 = CARTESIAN_POINT('',(8.25,-2.5,3.25));
#6957 = DIRECTION('',(-1.190457365237E-16,-0.972082208573,0.234640533104
    ));
#6958 = DIRECTION('',(-2.87351777816E-17,-0.234640533104,-0.972082208573
    ));
#6959 = ADVANCED_FACE('',(#6960),#6994,.F.);
#6960 = FACE_BOUND('',#6961,.F.);
#6961 = EDGE_LOOP('',(#6962,#6972,#6980,#6986,#6987,#6988));
#6962 = ORIENTED_EDGE('',*,*,#6963,.T.);
#6963 = EDGE_CURVE('',#6964,#6966,#6968,.T.);
#6964 = VERTEX_POINT('',#6965);
#6965 = CARTESIAN_POINT('',(8.25,-2.2,6.1));
#6966 = VERTEX_POINT('',#6967);
#6967 = CARTESIAN_POINT('',(8.25,-3.2,6.1));
#6968 = LINE('',#6969,#6970);
#6969 = CARTESIAN_POINT('',(8.25,-2.2,6.1));
#6970 = VECTOR('',#6971,1.);
#6971 = DIRECTION('',(-1.224646799147E-16,-1.,1.110223024625E-16));
#6972 = ORIENTED_EDGE('',*,*,#6973,.T.);
#6973 = EDGE_CURVE('',#6966,#6974,#6976,.T.);
#6974 = VERTEX_POINT('',#6975);
#6975 = CARTESIAN_POINT('',(8.25,-2.5,4.25));
#6976 = LINE('',#6977,#6978);
#6977 = CARTESIAN_POINT('',(8.25,-3.2,6.1));
#6978 = VECTOR('',#6979,1.);
#6979 = DIRECTION('',(4.33392824344E-17,0.353892097416,-0.935286257456)
  );
#6980 = ORIENTED_EDGE('',*,*,#6981,.T.);
#6981 = EDGE_CURVE('',#6974,#6940,#6982,.T.);
#6982 = LINE('',#6983,#6984);
#6983 = CARTESIAN_POINT('',(8.25,-2.5,4.25));
#6984 = VECTOR('',#6985,1.);
#6985 = DIRECTION('',(-1.359631073447E-32,-1.110223024625E-16,-1.));
#6986 = ORIENTED_EDGE('',*,*,#6949,.T.);
#6987 = ORIENTED_EDGE('',*,*,#6342,.T.);
#6988 = ORIENTED_EDGE('',*,*,#6989,.T.);
#6989 = EDGE_CURVE('',#6335,#6964,#6990,.T.);
#6990 = LINE('',#6991,#6992);
#6991 = CARTESIAN_POINT('',(8.25,-2.2,0.35));
#6992 = VECTOR('',#6993,1.);
#6993 = DIRECTION('',(1.359631073447E-32,1.110223024625E-16,1.));
#6994 = PLANE('',#6995);
#6995 = AXIS2_PLACEMENT_3D('',#6996,#6997,#6998);
#6996 = CARTESIAN_POINT('',(8.25,-2.530008245993,3.234548643504));
#6997 = DIRECTION('',(1.,-1.224646799147E-16,6.435104022508E-33));
#6998 = DIRECTION('',(1.224646799147E-16,1.,-1.110223024625E-16));
#6999 = ADVANCED_FACE('',(#7000),#7018,.F.);
#7000 = FACE_BOUND('',#7001,.F.);
#7001 = EDGE_LOOP('',(#7002,#7003,#7011,#7017));
#7002 = ORIENTED_EDGE('',*,*,#6334,.T.);
#7003 = ORIENTED_EDGE('',*,*,#7004,.T.);
#7004 = EDGE_CURVE('',#6327,#7005,#7007,.T.);
#7005 = VERTEX_POINT('',#7006);
#7006 = CARTESIAN_POINT('',(9.25,-2.2,6.1));
#7007 = LINE('',#7008,#7009);
#7008 = CARTESIAN_POINT('',(9.25,-2.2,0.35));
#7009 = VECTOR('',#7010,1.);
#7010 = DIRECTION('',(1.359631073447E-32,1.110223024625E-16,1.));
#7011 = ORIENTED_EDGE('',*,*,#7012,.T.);
#7012 = EDGE_CURVE('',#7005,#6964,#7013,.T.);
#7013 = LINE('',#7014,#7015);
#7014 = CARTESIAN_POINT('',(22.45,-2.2,6.1));
#7015 = VECTOR('',#7016,1.);
#7016 = DIRECTION('',(-1.,1.224646799147E-16,0.));
#7017 = ORIENTED_EDGE('',*,*,#6989,.F.);
#7018 = PLANE('',#7019);
#7019 = AXIS2_PLACEMENT_3D('',#7020,#7021,#7022);
#7020 = CARTESIAN_POINT('',(10.,-2.2,3.225));
#7021 = DIRECTION('',(-1.224646799147E-16,-1.,1.110223024625E-16));
#7022 = DIRECTION('',(-1.,1.224646799147E-16,0.));
#7023 = ADVANCED_FACE('',(#7024),#7058,.T.);
#7024 = FACE_BOUND('',#7025,.T.);
#7025 = EDGE_LOOP('',(#7026,#7034,#7042,#7050,#7056,#7057));
#7026 = ORIENTED_EDGE('',*,*,#7027,.T.);
#7027 = EDGE_CURVE('',#7005,#7028,#7030,.T.);
#7028 = VERTEX_POINT('',#7029);
#7029 = CARTESIAN_POINT('',(9.25,-3.2,6.1));
#7030 = LINE('',#7031,#7032);
#7031 = CARTESIAN_POINT('',(9.25,-2.2,6.1));
#7032 = VECTOR('',#7033,1.);
#7033 = DIRECTION('',(-1.224646799147E-16,-1.,1.110223024625E-16));
#7034 = ORIENTED_EDGE('',*,*,#7035,.T.);
#7035 = EDGE_CURVE('',#7028,#7036,#7038,.T.);
#7036 = VERTEX_POINT('',#7037);
#7037 = CARTESIAN_POINT('',(9.25,-2.5,4.25));
#7038 = LINE('',#7039,#7040);
#7039 = CARTESIAN_POINT('',(9.25,-3.2,6.1));
#7040 = VECTOR('',#7041,1.);
#7041 = DIRECTION('',(4.33392824344E-17,0.353892097416,-0.935286257456)
  );
#7042 = ORIENTED_EDGE('',*,*,#7043,.T.);
#7043 = EDGE_CURVE('',#7036,#7044,#7046,.T.);
#7044 = VERTEX_POINT('',#7045);
#7045 = CARTESIAN_POINT('',(9.25,-2.5,3.25));
#7046 = LINE('',#7047,#7048);
#7047 = CARTESIAN_POINT('',(9.25,-2.5,4.25));
#7048 = VECTOR('',#7049,1.);
#7049 = DIRECTION('',(-1.359631073447E-32,-1.110223024625E-16,-1.));
#7050 = ORIENTED_EDGE('',*,*,#7051,.T.);
#7051 = EDGE_CURVE('',#7044,#6319,#7052,.T.);
#7052 = LINE('',#7053,#7054);
#7053 = CARTESIAN_POINT('',(9.25,-2.5,3.25));
#7054 = VECTOR('',#7055,1.);
#7055 = DIRECTION('',(-2.87351777816E-17,-0.234640533104,-0.972082208573
    ));
#7056 = ORIENTED_EDGE('',*,*,#6326,.T.);
#7057 = ORIENTED_EDGE('',*,*,#7004,.T.);
#7058 = PLANE('',#7059);
#7059 = AXIS2_PLACEMENT_3D('',#7060,#7061,#7062);
#7060 = CARTESIAN_POINT('',(9.25,-2.530008245993,3.234548643504));
#7061 = DIRECTION('',(1.,-1.224646799147E-16,6.435104022508E-33));
#7062 = DIRECTION('',(1.224646799147E-16,1.,-1.110223024625E-16));
#7063 = ADVANCED_FACE('',(#7064),#7082,.F.);
#7064 = FACE_BOUND('',#7065,.F.);
#7065 = EDGE_LOOP('',(#7066,#7074,#7075,#7076));
#7066 = ORIENTED_EDGE('',*,*,#7067,.T.);
#7067 = EDGE_CURVE('',#7068,#7044,#7070,.T.);
#7068 = VERTEX_POINT('',#7069);
#7069 = CARTESIAN_POINT('',(10.75,-2.5,3.25));
#7070 = LINE('',#7071,#7072);
#7071 = CARTESIAN_POINT('',(10.75,-2.5,3.25));
#7072 = VECTOR('',#7073,1.);
#7073 = DIRECTION('',(-1.,1.224646799147E-16,0.));
#7074 = ORIENTED_EDGE('',*,*,#7051,.T.);
#7075 = ORIENTED_EDGE('',*,*,#6318,.F.);
#7076 = ORIENTED_EDGE('',*,*,#7077,.F.);
#7077 = EDGE_CURVE('',#7068,#6311,#7078,.T.);
#7078 = LINE('',#7079,#7080);
#7079 = CARTESIAN_POINT('',(10.75,-2.5,3.25));
#7080 = VECTOR('',#7081,1.);
#7081 = DIRECTION('',(-2.87351777816E-17,-0.234640533104,-0.972082208573
    ));
#7082 = PLANE('',#7083);
#7083 = AXIS2_PLACEMENT_3D('',#7084,#7085,#7086);
#7084 = CARTESIAN_POINT('',(10.75,-2.5,3.25));
#7085 = DIRECTION('',(-1.190457365237E-16,-0.972082208573,0.234640533104
    ));
#7086 = DIRECTION('',(-2.87351777816E-17,-0.234640533104,-0.972082208573
    ));
#7087 = ADVANCED_FACE('',(#7088),#7122,.F.);
#7088 = FACE_BOUND('',#7089,.F.);
#7089 = EDGE_LOOP('',(#7090,#7100,#7108,#7114,#7115,#7116));
#7090 = ORIENTED_EDGE('',*,*,#7091,.T.);
#7091 = EDGE_CURVE('',#7092,#7094,#7096,.T.);
#7092 = VERTEX_POINT('',#7093);
#7093 = CARTESIAN_POINT('',(10.75,-2.2,6.1));
#7094 = VERTEX_POINT('',#7095);
#7095 = CARTESIAN_POINT('',(10.75,-3.2,6.1));
#7096 = LINE('',#7097,#7098);
#7097 = CARTESIAN_POINT('',(10.75,-2.2,6.1));
#7098 = VECTOR('',#7099,1.);
#7099 = DIRECTION('',(-1.224646799147E-16,-1.,1.110223024625E-16));
#7100 = ORIENTED_EDGE('',*,*,#7101,.T.);
#7101 = EDGE_CURVE('',#7094,#7102,#7104,.T.);
#7102 = VERTEX_POINT('',#7103);
#7103 = CARTESIAN_POINT('',(10.75,-2.5,4.25));
#7104 = LINE('',#7105,#7106);
#7105 = CARTESIAN_POINT('',(10.75,-3.2,6.1));
#7106 = VECTOR('',#7107,1.);
#7107 = DIRECTION('',(4.33392824344E-17,0.353892097416,-0.935286257456)
  );
#7108 = ORIENTED_EDGE('',*,*,#7109,.T.);
#7109 = EDGE_CURVE('',#7102,#7068,#7110,.T.);
#7110 = LINE('',#7111,#7112);
#7111 = CARTESIAN_POINT('',(10.75,-2.5,4.25));
#7112 = VECTOR('',#7113,1.);
#7113 = DIRECTION('',(-1.359631073447E-32,-1.110223024625E-16,-1.));
#7114 = ORIENTED_EDGE('',*,*,#7077,.T.);
#7115 = ORIENTED_EDGE('',*,*,#6310,.T.);
#7116 = ORIENTED_EDGE('',*,*,#7117,.T.);
#7117 = EDGE_CURVE('',#6303,#7092,#7118,.T.);
#7118 = LINE('',#7119,#7120);
#7119 = CARTESIAN_POINT('',(10.75,-2.2,0.35));
#7120 = VECTOR('',#7121,1.);
#7121 = DIRECTION('',(1.359631073447E-32,1.110223024625E-16,1.));
#7122 = PLANE('',#7123);
#7123 = AXIS2_PLACEMENT_3D('',#7124,#7125,#7126);
#7124 = CARTESIAN_POINT('',(10.75,-2.530008245993,3.234548643504));
#7125 = DIRECTION('',(1.,-1.224646799147E-16,6.435104022508E-33));
#7126 = DIRECTION('',(1.224646799147E-16,1.,-1.110223024625E-16));
#7127 = ADVANCED_FACE('',(#7128),#7146,.F.);
#7128 = FACE_BOUND('',#7129,.F.);
#7129 = EDGE_LOOP('',(#7130,#7138,#7144,#7145));
#7130 = ORIENTED_EDGE('',*,*,#7131,.T.);
#7131 = EDGE_CURVE('',#6295,#7132,#7134,.T.);
#7132 = VERTEX_POINT('',#7133);
#7133 = CARTESIAN_POINT('',(11.75,-2.2,6.1));
#7134 = LINE('',#7135,#7136);
#7135 = CARTESIAN_POINT('',(11.75,-2.2,0.35));
#7136 = VECTOR('',#7137,1.);
#7137 = DIRECTION('',(1.359631073447E-32,1.110223024625E-16,1.));
#7138 = ORIENTED_EDGE('',*,*,#7139,.T.);
#7139 = EDGE_CURVE('',#7132,#7092,#7140,.T.);
#7140 = LINE('',#7141,#7142);
#7141 = CARTESIAN_POINT('',(22.45,-2.2,6.1));
#7142 = VECTOR('',#7143,1.);
#7143 = DIRECTION('',(-1.,1.224646799147E-16,0.));
#7144 = ORIENTED_EDGE('',*,*,#7117,.F.);
#7145 = ORIENTED_EDGE('',*,*,#6302,.T.);
#7146 = PLANE('',#7147);
#7147 = AXIS2_PLACEMENT_3D('',#7148,#7149,#7150);
#7148 = CARTESIAN_POINT('',(10.,-2.2,3.225));
#7149 = DIRECTION('',(-1.224646799147E-16,-1.,1.110223024625E-16));
#7150 = DIRECTION('',(-1.,1.224646799147E-16,0.));
#7151 = ADVANCED_FACE('',(#7152),#7186,.T.);
#7152 = FACE_BOUND('',#7153,.T.);
#7153 = EDGE_LOOP('',(#7154,#7162,#7170,#7178,#7184,#7185));
#7154 = ORIENTED_EDGE('',*,*,#7155,.T.);
#7155 = EDGE_CURVE('',#7132,#7156,#7158,.T.);
#7156 = VERTEX_POINT('',#7157);
#7157 = CARTESIAN_POINT('',(11.75,-3.2,6.1));
#7158 = LINE('',#7159,#7160);
#7159 = CARTESIAN_POINT('',(11.75,-2.2,6.1));
#7160 = VECTOR('',#7161,1.);
#7161 = DIRECTION('',(-1.224646799147E-16,-1.,1.110223024625E-16));
#7162 = ORIENTED_EDGE('',*,*,#7163,.T.);
#7163 = EDGE_CURVE('',#7156,#7164,#7166,.T.);
#7164 = VERTEX_POINT('',#7165);
#7165 = CARTESIAN_POINT('',(11.75,-2.5,4.25));
#7166 = LINE('',#7167,#7168);
#7167 = CARTESIAN_POINT('',(11.75,-3.2,6.1));
#7168 = VECTOR('',#7169,1.);
#7169 = DIRECTION('',(4.33392824344E-17,0.353892097416,-0.935286257456)
  );
#7170 = ORIENTED_EDGE('',*,*,#7171,.T.);
#7171 = EDGE_CURVE('',#7164,#7172,#7174,.T.);
#7172 = VERTEX_POINT('',#7173);
#7173 = CARTESIAN_POINT('',(11.75,-2.5,3.25));
#7174 = LINE('',#7175,#7176);
#7175 = CARTESIAN_POINT('',(11.75,-2.5,4.25));
#7176 = VECTOR('',#7177,1.);
#7177 = DIRECTION('',(-1.359631073447E-32,-1.110223024625E-16,-1.));
#7178 = ORIENTED_EDGE('',*,*,#7179,.T.);
#7179 = EDGE_CURVE('',#7172,#6287,#7180,.T.);
#7180 = LINE('',#7181,#7182);
#7181 = CARTESIAN_POINT('',(11.75,-2.5,3.25));
#7182 = VECTOR('',#7183,1.);
#7183 = DIRECTION('',(-2.87351777816E-17,-0.234640533104,-0.972082208573
    ));
#7184 = ORIENTED_EDGE('',*,*,#6294,.T.);
#7185 = ORIENTED_EDGE('',*,*,#7131,.T.);
#7186 = PLANE('',#7187);
#7187 = AXIS2_PLACEMENT_3D('',#7188,#7189,#7190);
#7188 = CARTESIAN_POINT('',(11.75,-2.530008245993,3.234548643504));
#7189 = DIRECTION('',(1.,-1.224646799147E-16,6.435104022508E-33));
#7190 = DIRECTION('',(1.224646799147E-16,1.,-1.110223024625E-16));
#7191 = ADVANCED_FACE('',(#7192),#7210,.F.);
#7192 = FACE_BOUND('',#7193,.F.);
#7193 = EDGE_LOOP('',(#7194,#7202,#7203,#7204));
#7194 = ORIENTED_EDGE('',*,*,#7195,.T.);
#7195 = EDGE_CURVE('',#7196,#7172,#7198,.T.);
#7196 = VERTEX_POINT('',#7197);
#7197 = CARTESIAN_POINT('',(13.25,-2.5,3.25));
#7198 = LINE('',#7199,#7200);
#7199 = CARTESIAN_POINT('',(13.25,-2.5,3.25));
#7200 = VECTOR('',#7201,1.);
#7201 = DIRECTION('',(-1.,1.224646799147E-16,0.));
#7202 = ORIENTED_EDGE('',*,*,#7179,.T.);
#7203 = ORIENTED_EDGE('',*,*,#6286,.F.);
#7204 = ORIENTED_EDGE('',*,*,#7205,.F.);
#7205 = EDGE_CURVE('',#7196,#6279,#7206,.T.);
#7206 = LINE('',#7207,#7208);
#7207 = CARTESIAN_POINT('',(13.25,-2.5,3.25));
#7208 = VECTOR('',#7209,1.);
#7209 = DIRECTION('',(-2.87351777816E-17,-0.234640533104,-0.972082208573
    ));
#7210 = PLANE('',#7211);
#7211 = AXIS2_PLACEMENT_3D('',#7212,#7213,#7214);
#7212 = CARTESIAN_POINT('',(13.25,-2.5,3.25));
#7213 = DIRECTION('',(-1.190457365237E-16,-0.972082208573,0.234640533104
    ));
#7214 = DIRECTION('',(-2.87351777816E-17,-0.234640533104,-0.972082208573
    ));
#7215 = ADVANCED_FACE('',(#7216),#7250,.F.);
#7216 = FACE_BOUND('',#7217,.F.);
#7217 = EDGE_LOOP('',(#7218,#7228,#7236,#7242,#7243,#7244));
#7218 = ORIENTED_EDGE('',*,*,#7219,.T.);
#7219 = EDGE_CURVE('',#7220,#7222,#7224,.T.);
#7220 = VERTEX_POINT('',#7221);
#7221 = CARTESIAN_POINT('',(13.25,-2.2,6.1));
#7222 = VERTEX_POINT('',#7223);
#7223 = CARTESIAN_POINT('',(13.25,-3.2,6.1));
#7224 = LINE('',#7225,#7226);
#7225 = CARTESIAN_POINT('',(13.25,-2.2,6.1));
#7226 = VECTOR('',#7227,1.);
#7227 = DIRECTION('',(-1.224646799147E-16,-1.,1.110223024625E-16));
#7228 = ORIENTED_EDGE('',*,*,#7229,.T.);
#7229 = EDGE_CURVE('',#7222,#7230,#7232,.T.);
#7230 = VERTEX_POINT('',#7231);
#7231 = CARTESIAN_POINT('',(13.25,-2.5,4.25));
#7232 = LINE('',#7233,#7234);
#7233 = CARTESIAN_POINT('',(13.25,-3.2,6.1));
#7234 = VECTOR('',#7235,1.);
#7235 = DIRECTION('',(4.33392824344E-17,0.353892097416,-0.935286257456)
  );
#7236 = ORIENTED_EDGE('',*,*,#7237,.T.);
#7237 = EDGE_CURVE('',#7230,#7196,#7238,.T.);
#7238 = LINE('',#7239,#7240);
#7239 = CARTESIAN_POINT('',(13.25,-2.5,4.25));
#7240 = VECTOR('',#7241,1.);
#7241 = DIRECTION('',(-1.359631073447E-32,-1.110223024625E-16,-1.));
#7242 = ORIENTED_EDGE('',*,*,#7205,.T.);
#7243 = ORIENTED_EDGE('',*,*,#6278,.T.);
#7244 = ORIENTED_EDGE('',*,*,#7245,.T.);
#7245 = EDGE_CURVE('',#6271,#7220,#7246,.T.);
#7246 = LINE('',#7247,#7248);
#7247 = CARTESIAN_POINT('',(13.25,-2.2,0.35));
#7248 = VECTOR('',#7249,1.);
#7249 = DIRECTION('',(1.359631073447E-32,1.110223024625E-16,1.));
#7250 = PLANE('',#7251);
#7251 = AXIS2_PLACEMENT_3D('',#7252,#7253,#7254);
#7252 = CARTESIAN_POINT('',(13.25,-2.530008245993,3.234548643504));
#7253 = DIRECTION('',(1.,-1.224646799147E-16,6.435104022508E-33));
#7254 = DIRECTION('',(1.224646799147E-16,1.,-1.110223024625E-16));
#7255 = ADVANCED_FACE('',(#7256),#7274,.F.);
#7256 = FACE_BOUND('',#7257,.F.);
#7257 = EDGE_LOOP('',(#7258,#7266,#7267,#7268));
#7258 = ORIENTED_EDGE('',*,*,#7259,.T.);
#7259 = EDGE_CURVE('',#7260,#7220,#7262,.T.);
#7260 = VERTEX_POINT('',#7261);
#7261 = CARTESIAN_POINT('',(14.25,-2.2,6.1));
#7262 = LINE('',#7263,#7264);
#7263 = CARTESIAN_POINT('',(22.45,-2.2,6.1));
#7264 = VECTOR('',#7265,1.);
#7265 = DIRECTION('',(-1.,1.224646799147E-16,0.));
#7266 = ORIENTED_EDGE('',*,*,#7245,.F.);
#7267 = ORIENTED_EDGE('',*,*,#6270,.T.);
#7268 = ORIENTED_EDGE('',*,*,#7269,.T.);
#7269 = EDGE_CURVE('',#6263,#7260,#7270,.T.);
#7270 = LINE('',#7271,#7272);
#7271 = CARTESIAN_POINT('',(14.25,-2.2,0.35));
#7272 = VECTOR('',#7273,1.);
#7273 = DIRECTION('',(1.359631073447E-32,1.110223024625E-16,1.));
#7274 = PLANE('',#7275);
#7275 = AXIS2_PLACEMENT_3D('',#7276,#7277,#7278);
#7276 = CARTESIAN_POINT('',(10.,-2.2,3.225));
#7277 = DIRECTION('',(-1.224646799147E-16,-1.,1.110223024625E-16));
#7278 = DIRECTION('',(-1.,1.224646799147E-16,0.));
#7279 = ADVANCED_FACE('',(#7280),#7314,.T.);
#7280 = FACE_BOUND('',#7281,.T.);
#7281 = EDGE_LOOP('',(#7282,#7290,#7298,#7306,#7312,#7313));
#7282 = ORIENTED_EDGE('',*,*,#7283,.T.);
#7283 = EDGE_CURVE('',#7260,#7284,#7286,.T.);
#7284 = VERTEX_POINT('',#7285);
#7285 = CARTESIAN_POINT('',(14.25,-3.2,6.1));
#7286 = LINE('',#7287,#7288);
#7287 = CARTESIAN_POINT('',(14.25,-2.2,6.1));
#7288 = VECTOR('',#7289,1.);
#7289 = DIRECTION('',(-1.224646799147E-16,-1.,1.110223024625E-16));
#7290 = ORIENTED_EDGE('',*,*,#7291,.T.);
#7291 = EDGE_CURVE('',#7284,#7292,#7294,.T.);
#7292 = VERTEX_POINT('',#7293);
#7293 = CARTESIAN_POINT('',(14.25,-2.5,4.25));
#7294 = LINE('',#7295,#7296);
#7295 = CARTESIAN_POINT('',(14.25,-3.2,6.1));
#7296 = VECTOR('',#7297,1.);
#7297 = DIRECTION('',(4.33392824344E-17,0.353892097416,-0.935286257456)
  );
#7298 = ORIENTED_EDGE('',*,*,#7299,.T.);
#7299 = EDGE_CURVE('',#7292,#7300,#7302,.T.);
#7300 = VERTEX_POINT('',#7301);
#7301 = CARTESIAN_POINT('',(14.25,-2.5,3.25));
#7302 = LINE('',#7303,#7304);
#7303 = CARTESIAN_POINT('',(14.25,-2.5,4.25));
#7304 = VECTOR('',#7305,1.);
#7305 = DIRECTION('',(-1.359631073447E-32,-1.110223024625E-16,-1.));
#7306 = ORIENTED_EDGE('',*,*,#7307,.T.);
#7307 = EDGE_CURVE('',#7300,#6255,#7308,.T.);
#7308 = LINE('',#7309,#7310);
#7309 = CARTESIAN_POINT('',(14.25,-2.5,3.25));
#7310 = VECTOR('',#7311,1.);
#7311 = DIRECTION('',(-2.87351777816E-17,-0.234640533104,-0.972082208573
    ));
#7312 = ORIENTED_EDGE('',*,*,#6262,.T.);
#7313 = ORIENTED_EDGE('',*,*,#7269,.T.);
#7314 = PLANE('',#7315);
#7315 = AXIS2_PLACEMENT_3D('',#7316,#7317,#7318);
#7316 = CARTESIAN_POINT('',(14.25,-2.530008245993,3.234548643504));
#7317 = DIRECTION('',(1.,-1.224646799147E-16,6.435104022508E-33));
#7318 = DIRECTION('',(1.224646799147E-16,1.,-1.110223024625E-16));
#7319 = ADVANCED_FACE('',(#7320),#7338,.F.);
#7320 = FACE_BOUND('',#7321,.F.);
#7321 = EDGE_LOOP('',(#7322,#7330,#7331,#7332));
#7322 = ORIENTED_EDGE('',*,*,#7323,.T.);
#7323 = EDGE_CURVE('',#7324,#7300,#7326,.T.);
#7324 = VERTEX_POINT('',#7325);
#7325 = CARTESIAN_POINT('',(15.75,-2.5,3.25));
#7326 = LINE('',#7327,#7328);
#7327 = CARTESIAN_POINT('',(15.75,-2.5,3.25));
#7328 = VECTOR('',#7329,1.);
#7329 = DIRECTION('',(-1.,1.224646799147E-16,0.));
#7330 = ORIENTED_EDGE('',*,*,#7307,.T.);
#7331 = ORIENTED_EDGE('',*,*,#6254,.F.);
#7332 = ORIENTED_EDGE('',*,*,#7333,.F.);
#7333 = EDGE_CURVE('',#7324,#6247,#7334,.T.);
#7334 = LINE('',#7335,#7336);
#7335 = CARTESIAN_POINT('',(15.75,-2.5,3.25));
#7336 = VECTOR('',#7337,1.);
#7337 = DIRECTION('',(-2.87351777816E-17,-0.234640533104,-0.972082208573
    ));
#7338 = PLANE('',#7339);
#7339 = AXIS2_PLACEMENT_3D('',#7340,#7341,#7342);
#7340 = CARTESIAN_POINT('',(15.75,-2.5,3.25));
#7341 = DIRECTION('',(-1.190457365237E-16,-0.972082208573,0.234640533104
    ));
#7342 = DIRECTION('',(-2.87351777816E-17,-0.234640533104,-0.972082208573
    ));
#7343 = ADVANCED_FACE('',(#7344),#7378,.F.);
#7344 = FACE_BOUND('',#7345,.F.);
#7345 = EDGE_LOOP('',(#7346,#7356,#7364,#7370,#7371,#7372));
#7346 = ORIENTED_EDGE('',*,*,#7347,.T.);
#7347 = EDGE_CURVE('',#7348,#7350,#7352,.T.);
#7348 = VERTEX_POINT('',#7349);
#7349 = CARTESIAN_POINT('',(15.75,-2.2,6.1));
#7350 = VERTEX_POINT('',#7351);
#7351 = CARTESIAN_POINT('',(15.75,-3.2,6.1));
#7352 = LINE('',#7353,#7354);
#7353 = CARTESIAN_POINT('',(15.75,-2.2,6.1));
#7354 = VECTOR('',#7355,1.);
#7355 = DIRECTION('',(-1.224646799147E-16,-1.,1.110223024625E-16));
#7356 = ORIENTED_EDGE('',*,*,#7357,.T.);
#7357 = EDGE_CURVE('',#7350,#7358,#7360,.T.);
#7358 = VERTEX_POINT('',#7359);
#7359 = CARTESIAN_POINT('',(15.75,-2.5,4.25));
#7360 = LINE('',#7361,#7362);
#7361 = CARTESIAN_POINT('',(15.75,-3.2,6.1));
#7362 = VECTOR('',#7363,1.);
#7363 = DIRECTION('',(4.33392824344E-17,0.353892097416,-0.935286257456)
  );
#7364 = ORIENTED_EDGE('',*,*,#7365,.T.);
#7365 = EDGE_CURVE('',#7358,#7324,#7366,.T.);
#7366 = LINE('',#7367,#7368);
#7367 = CARTESIAN_POINT('',(15.75,-2.5,4.25));
#7368 = VECTOR('',#7369,1.);
#7369 = DIRECTION('',(-1.359631073447E-32,-1.110223024625E-16,-1.));
#7370 = ORIENTED_EDGE('',*,*,#7333,.T.);
#7371 = ORIENTED_EDGE('',*,*,#6246,.T.);
#7372 = ORIENTED_EDGE('',*,*,#7373,.T.);
#7373 = EDGE_CURVE('',#6239,#7348,#7374,.T.);
#7374 = LINE('',#7375,#7376);
#7375 = CARTESIAN_POINT('',(15.75,-2.2,0.35));
#7376 = VECTOR('',#7377,1.);
#7377 = DIRECTION('',(1.359631073447E-32,1.110223024625E-16,1.));
#7378 = PLANE('',#7379);
#7379 = AXIS2_PLACEMENT_3D('',#7380,#7381,#7382);
#7380 = CARTESIAN_POINT('',(15.75,-2.530008245993,3.234548643504));
#7381 = DIRECTION('',(1.,-1.224646799147E-16,6.435104022508E-33));
#7382 = DIRECTION('',(1.224646799147E-16,1.,-1.110223024625E-16));
#7383 = ADVANCED_FACE('',(#7384),#7402,.F.);
#7384 = FACE_BOUND('',#7385,.F.);
#7385 = EDGE_LOOP('',(#7386,#7387,#7388,#7396));
#7386 = ORIENTED_EDGE('',*,*,#7373,.F.);
#7387 = ORIENTED_EDGE('',*,*,#6238,.T.);
#7388 = ORIENTED_EDGE('',*,*,#7389,.T.);
#7389 = EDGE_CURVE('',#6231,#7390,#7392,.T.);
#7390 = VERTEX_POINT('',#7391);
#7391 = CARTESIAN_POINT('',(16.75,-2.2,6.1));
#7392 = LINE('',#7393,#7394);
#7393 = CARTESIAN_POINT('',(16.75,-2.2,0.35));
#7394 = VECTOR('',#7395,1.);
#7395 = DIRECTION('',(1.359631073447E-32,1.110223024625E-16,1.));
#7396 = ORIENTED_EDGE('',*,*,#7397,.T.);
#7397 = EDGE_CURVE('',#7390,#7348,#7398,.T.);
#7398 = LINE('',#7399,#7400);
#7399 = CARTESIAN_POINT('',(22.45,-2.2,6.1));
#7400 = VECTOR('',#7401,1.);
#7401 = DIRECTION('',(-1.,1.224646799147E-16,0.));
#7402 = PLANE('',#7403);
#7403 = AXIS2_PLACEMENT_3D('',#7404,#7405,#7406);
#7404 = CARTESIAN_POINT('',(10.,-2.2,3.225));
#7405 = DIRECTION('',(-1.224646799147E-16,-1.,1.110223024625E-16));
#7406 = DIRECTION('',(-1.,1.224646799147E-16,0.));
#7407 = ADVANCED_FACE('',(#7408),#7442,.T.);
#7408 = FACE_BOUND('',#7409,.T.);
#7409 = EDGE_LOOP('',(#7410,#7418,#7426,#7434,#7440,#7441));
#7410 = ORIENTED_EDGE('',*,*,#7411,.T.);
#7411 = EDGE_CURVE('',#7390,#7412,#7414,.T.);
#7412 = VERTEX_POINT('',#7413);
#7413 = CARTESIAN_POINT('',(16.75,-3.2,6.1));
#7414 = LINE('',#7415,#7416);
#7415 = CARTESIAN_POINT('',(16.75,-2.2,6.1));
#7416 = VECTOR('',#7417,1.);
#7417 = DIRECTION('',(-1.224646799147E-16,-1.,1.110223024625E-16));
#7418 = ORIENTED_EDGE('',*,*,#7419,.T.);
#7419 = EDGE_CURVE('',#7412,#7420,#7422,.T.);
#7420 = VERTEX_POINT('',#7421);
#7421 = CARTESIAN_POINT('',(16.75,-2.5,4.25));
#7422 = LINE('',#7423,#7424);
#7423 = CARTESIAN_POINT('',(16.75,-3.2,6.1));
#7424 = VECTOR('',#7425,1.);
#7425 = DIRECTION('',(4.33392824344E-17,0.353892097416,-0.935286257456)
  );
#7426 = ORIENTED_EDGE('',*,*,#7427,.T.);
#7427 = EDGE_CURVE('',#7420,#7428,#7430,.T.);
#7428 = VERTEX_POINT('',#7429);
#7429 = CARTESIAN_POINT('',(16.75,-2.5,3.25));
#7430 = LINE('',#7431,#7432);
#7431 = CARTESIAN_POINT('',(16.75,-2.5,4.25));
#7432 = VECTOR('',#7433,1.);
#7433 = DIRECTION('',(-1.359631073447E-32,-1.110223024625E-16,-1.));
#7434 = ORIENTED_EDGE('',*,*,#7435,.T.);
#7435 = EDGE_CURVE('',#7428,#6223,#7436,.T.);
#7436 = LINE('',#7437,#7438);
#7437 = CARTESIAN_POINT('',(16.75,-2.5,3.25));
#7438 = VECTOR('',#7439,1.);
#7439 = DIRECTION('',(-2.87351777816E-17,-0.234640533104,-0.972082208573
    ));
#7440 = ORIENTED_EDGE('',*,*,#6230,.T.);
#7441 = ORIENTED_EDGE('',*,*,#7389,.T.);
#7442 = PLANE('',#7443);
#7443 = AXIS2_PLACEMENT_3D('',#7444,#7445,#7446);
#7444 = CARTESIAN_POINT('',(16.75,-2.530008245993,3.234548643504));
#7445 = DIRECTION('',(1.,-1.224646799147E-16,6.435104022508E-33));
#7446 = DIRECTION('',(1.224646799147E-16,1.,-1.110223024625E-16));
#7447 = ADVANCED_FACE('',(#7448),#7466,.F.);
#7448 = FACE_BOUND('',#7449,.F.);
#7449 = EDGE_LOOP('',(#7450,#7458,#7459,#7460));
#7450 = ORIENTED_EDGE('',*,*,#7451,.T.);
#7451 = EDGE_CURVE('',#7452,#7428,#7454,.T.);
#7452 = VERTEX_POINT('',#7453);
#7453 = CARTESIAN_POINT('',(18.25,-2.5,3.25));
#7454 = LINE('',#7455,#7456);
#7455 = CARTESIAN_POINT('',(18.25,-2.5,3.25));
#7456 = VECTOR('',#7457,1.);
#7457 = DIRECTION('',(-1.,1.224646799147E-16,0.));
#7458 = ORIENTED_EDGE('',*,*,#7435,.T.);
#7459 = ORIENTED_EDGE('',*,*,#6222,.F.);
#7460 = ORIENTED_EDGE('',*,*,#7461,.F.);
#7461 = EDGE_CURVE('',#7452,#6215,#7462,.T.);
#7462 = LINE('',#7463,#7464);
#7463 = CARTESIAN_POINT('',(18.25,-2.5,3.25));
#7464 = VECTOR('',#7465,1.);
#7465 = DIRECTION('',(-2.87351777816E-17,-0.234640533104,-0.972082208573
    ));
#7466 = PLANE('',#7467);
#7467 = AXIS2_PLACEMENT_3D('',#7468,#7469,#7470);
#7468 = CARTESIAN_POINT('',(18.25,-2.5,3.25));
#7469 = DIRECTION('',(-1.190457365237E-16,-0.972082208573,0.234640533104
    ));
#7470 = DIRECTION('',(-2.87351777816E-17,-0.234640533104,-0.972082208573
    ));
#7471 = ADVANCED_FACE('',(#7472),#7506,.F.);
#7472 = FACE_BOUND('',#7473,.F.);
#7473 = EDGE_LOOP('',(#7474,#7484,#7492,#7498,#7499,#7500));
#7474 = ORIENTED_EDGE('',*,*,#7475,.T.);
#7475 = EDGE_CURVE('',#7476,#7478,#7480,.T.);
#7476 = VERTEX_POINT('',#7477);
#7477 = CARTESIAN_POINT('',(18.25,-2.2,6.1));
#7478 = VERTEX_POINT('',#7479);
#7479 = CARTESIAN_POINT('',(18.25,-3.2,6.1));
#7480 = LINE('',#7481,#7482);
#7481 = CARTESIAN_POINT('',(18.25,-2.2,6.1));
#7482 = VECTOR('',#7483,1.);
#7483 = DIRECTION('',(-1.224646799147E-16,-1.,1.110223024625E-16));
#7484 = ORIENTED_EDGE('',*,*,#7485,.T.);
#7485 = EDGE_CURVE('',#7478,#7486,#7488,.T.);
#7486 = VERTEX_POINT('',#7487);
#7487 = CARTESIAN_POINT('',(18.25,-2.5,4.25));
#7488 = LINE('',#7489,#7490);
#7489 = CARTESIAN_POINT('',(18.25,-3.2,6.1));
#7490 = VECTOR('',#7491,1.);
#7491 = DIRECTION('',(4.33392824344E-17,0.353892097416,-0.935286257456)
  );
#7492 = ORIENTED_EDGE('',*,*,#7493,.T.);
#7493 = EDGE_CURVE('',#7486,#7452,#7494,.T.);
#7494 = LINE('',#7495,#7496);
#7495 = CARTESIAN_POINT('',(18.25,-2.5,4.25));
#7496 = VECTOR('',#7497,1.);
#7497 = DIRECTION('',(-1.359631073447E-32,-1.110223024625E-16,-1.));
#7498 = ORIENTED_EDGE('',*,*,#7461,.T.);
#7499 = ORIENTED_EDGE('',*,*,#6214,.T.);
#7500 = ORIENTED_EDGE('',*,*,#7501,.T.);
#7501 = EDGE_CURVE('',#6207,#7476,#7502,.T.);
#7502 = LINE('',#7503,#7504);
#7503 = CARTESIAN_POINT('',(18.25,-2.2,0.35));
#7504 = VECTOR('',#7505,1.);
#7505 = DIRECTION('',(1.359631073447E-32,1.110223024625E-16,1.));
#7506 = PLANE('',#7507);
#7507 = AXIS2_PLACEMENT_3D('',#7508,#7509,#7510);
#7508 = CARTESIAN_POINT('',(18.25,-2.530008245993,3.234548643504));
#7509 = DIRECTION('',(1.,-1.224646799147E-16,6.435104022508E-33));
#7510 = DIRECTION('',(1.224646799147E-16,1.,-1.110223024625E-16));
#7511 = ADVANCED_FACE('',(#7512),#7530,.F.);
#7512 = FACE_BOUND('',#7513,.F.);
#7513 = EDGE_LOOP('',(#7514,#7515,#7523,#7529));
#7514 = ORIENTED_EDGE('',*,*,#6206,.T.);
#7515 = ORIENTED_EDGE('',*,*,#7516,.T.);
#7516 = EDGE_CURVE('',#6199,#7517,#7519,.T.);
#7517 = VERTEX_POINT('',#7518);
#7518 = CARTESIAN_POINT('',(19.25,-2.2,6.1));
#7519 = LINE('',#7520,#7521);
#7520 = CARTESIAN_POINT('',(19.25,-2.2,0.35));
#7521 = VECTOR('',#7522,1.);
#7522 = DIRECTION('',(1.359631073447E-32,1.110223024625E-16,1.));
#7523 = ORIENTED_EDGE('',*,*,#7524,.T.);
#7524 = EDGE_CURVE('',#7517,#7476,#7525,.T.);
#7525 = LINE('',#7526,#7527);
#7526 = CARTESIAN_POINT('',(22.45,-2.2,6.1));
#7527 = VECTOR('',#7528,1.);
#7528 = DIRECTION('',(-1.,1.224646799147E-16,0.));
#7529 = ORIENTED_EDGE('',*,*,#7501,.F.);
#7530 = PLANE('',#7531);
#7531 = AXIS2_PLACEMENT_3D('',#7532,#7533,#7534);
#7532 = CARTESIAN_POINT('',(10.,-2.2,3.225));
#7533 = DIRECTION('',(-1.224646799147E-16,-1.,1.110223024625E-16));
#7534 = DIRECTION('',(-1.,1.224646799147E-16,0.));
#7535 = ADVANCED_FACE('',(#7536),#7570,.T.);
#7536 = FACE_BOUND('',#7537,.T.);
#7537 = EDGE_LOOP('',(#7538,#7546,#7554,#7562,#7568,#7569));
#7538 = ORIENTED_EDGE('',*,*,#7539,.T.);
#7539 = EDGE_CURVE('',#7517,#7540,#7542,.T.);
#7540 = VERTEX_POINT('',#7541);
#7541 = CARTESIAN_POINT('',(19.25,-3.2,6.1));
#7542 = LINE('',#7543,#7544);
#7543 = CARTESIAN_POINT('',(19.25,-2.2,6.1));
#7544 = VECTOR('',#7545,1.);
#7545 = DIRECTION('',(-1.224646799147E-16,-1.,1.110223024625E-16));
#7546 = ORIENTED_EDGE('',*,*,#7547,.T.);
#7547 = EDGE_CURVE('',#7540,#7548,#7550,.T.);
#7548 = VERTEX_POINT('',#7549);
#7549 = CARTESIAN_POINT('',(19.25,-2.5,4.25));
#7550 = LINE('',#7551,#7552);
#7551 = CARTESIAN_POINT('',(19.25,-3.2,6.1));
#7552 = VECTOR('',#7553,1.);
#7553 = DIRECTION('',(4.33392824344E-17,0.353892097416,-0.935286257456)
  );
#7554 = ORIENTED_EDGE('',*,*,#7555,.T.);
#7555 = EDGE_CURVE('',#7548,#7556,#7558,.T.);
#7556 = VERTEX_POINT('',#7557);
#7557 = CARTESIAN_POINT('',(19.25,-2.5,3.25));
#7558 = LINE('',#7559,#7560);
#7559 = CARTESIAN_POINT('',(19.25,-2.5,4.25));
#7560 = VECTOR('',#7561,1.);
#7561 = DIRECTION('',(-1.359631073447E-32,-1.110223024625E-16,-1.));
#7562 = ORIENTED_EDGE('',*,*,#7563,.T.);
#7563 = EDGE_CURVE('',#7556,#6191,#7564,.T.);
#7564 = LINE('',#7565,#7566);
#7565 = CARTESIAN_POINT('',(19.25,-2.5,3.25));
#7566 = VECTOR('',#7567,1.);
#7567 = DIRECTION('',(-2.87351777816E-17,-0.234640533104,-0.972082208573
    ));
#7568 = ORIENTED_EDGE('',*,*,#6198,.T.);
#7569 = ORIENTED_EDGE('',*,*,#7516,.T.);
#7570 = PLANE('',#7571);
#7571 = AXIS2_PLACEMENT_3D('',#7572,#7573,#7574);
#7572 = CARTESIAN_POINT('',(19.25,-2.530008245993,3.234548643504));
#7573 = DIRECTION('',(1.,-1.224646799147E-16,6.435104022508E-33));
#7574 = DIRECTION('',(1.224646799147E-16,1.,-1.110223024625E-16));
#7575 = ADVANCED_FACE('',(#7576),#7594,.F.);
#7576 = FACE_BOUND('',#7577,.F.);
#7577 = EDGE_LOOP('',(#7578,#7586,#7587,#7588));
#7578 = ORIENTED_EDGE('',*,*,#7579,.T.);
#7579 = EDGE_CURVE('',#7580,#7556,#7582,.T.);
#7580 = VERTEX_POINT('',#7581);
#7581 = CARTESIAN_POINT('',(20.75,-2.5,3.25));
#7582 = LINE('',#7583,#7584);
#7583 = CARTESIAN_POINT('',(20.75,-2.5,3.25));
#7584 = VECTOR('',#7585,1.);
#7585 = DIRECTION('',(-1.,1.224646799147E-16,0.));
#7586 = ORIENTED_EDGE('',*,*,#7563,.T.);
#7587 = ORIENTED_EDGE('',*,*,#6190,.F.);
#7588 = ORIENTED_EDGE('',*,*,#7589,.F.);
#7589 = EDGE_CURVE('',#7580,#6183,#7590,.T.);
#7590 = LINE('',#7591,#7592);
#7591 = CARTESIAN_POINT('',(20.75,-2.5,3.25));
#7592 = VECTOR('',#7593,1.);
#7593 = DIRECTION('',(-2.87351777816E-17,-0.234640533104,-0.972082208573
    ));
#7594 = PLANE('',#7595);
#7595 = AXIS2_PLACEMENT_3D('',#7596,#7597,#7598);
#7596 = CARTESIAN_POINT('',(20.75,-2.5,3.25));
#7597 = DIRECTION('',(-1.190457365237E-16,-0.972082208573,0.234640533104
    ));
#7598 = DIRECTION('',(-2.87351777816E-17,-0.234640533104,-0.972082208573
    ));
#7599 = ADVANCED_FACE('',(#7600),#7634,.F.);
#7600 = FACE_BOUND('',#7601,.F.);
#7601 = EDGE_LOOP('',(#7602,#7612,#7620,#7626,#7627,#7628));
#7602 = ORIENTED_EDGE('',*,*,#7603,.T.);
#7603 = EDGE_CURVE('',#7604,#7606,#7608,.T.);
#7604 = VERTEX_POINT('',#7605);
#7605 = CARTESIAN_POINT('',(20.75,-2.2,6.1));
#7606 = VERTEX_POINT('',#7607);
#7607 = CARTESIAN_POINT('',(20.75,-3.2,6.1));
#7608 = LINE('',#7609,#7610);
#7609 = CARTESIAN_POINT('',(20.75,-2.2,6.1));
#7610 = VECTOR('',#7611,1.);
#7611 = DIRECTION('',(-1.224646799147E-16,-1.,1.110223024625E-16));
#7612 = ORIENTED_EDGE('',*,*,#7613,.T.);
#7613 = EDGE_CURVE('',#7606,#7614,#7616,.T.);
#7614 = VERTEX_POINT('',#7615);
#7615 = CARTESIAN_POINT('',(20.75,-2.5,4.25));
#7616 = LINE('',#7617,#7618);
#7617 = CARTESIAN_POINT('',(20.75,-3.2,6.1));
#7618 = VECTOR('',#7619,1.);
#7619 = DIRECTION('',(4.33392824344E-17,0.353892097416,-0.935286257456)
  );
#7620 = ORIENTED_EDGE('',*,*,#7621,.T.);
#7621 = EDGE_CURVE('',#7614,#7580,#7622,.T.);
#7622 = LINE('',#7623,#7624);
#7623 = CARTESIAN_POINT('',(20.75,-2.5,4.25));
#7624 = VECTOR('',#7625,1.);
#7625 = DIRECTION('',(-1.359631073447E-32,-1.110223024625E-16,-1.));
#7626 = ORIENTED_EDGE('',*,*,#7589,.T.);
#7627 = ORIENTED_EDGE('',*,*,#6182,.T.);
#7628 = ORIENTED_EDGE('',*,*,#7629,.T.);
#7629 = EDGE_CURVE('',#6175,#7604,#7630,.T.);
#7630 = LINE('',#7631,#7632);
#7631 = CARTESIAN_POINT('',(20.75,-2.2,0.35));
#7632 = VECTOR('',#7633,1.);
#7633 = DIRECTION('',(1.359631073447E-32,1.110223024625E-16,1.));
#7634 = PLANE('',#7635);
#7635 = AXIS2_PLACEMENT_3D('',#7636,#7637,#7638);
#7636 = CARTESIAN_POINT('',(20.75,-2.530008245993,3.234548643504));
#7637 = DIRECTION('',(1.,-1.224646799147E-16,6.435104022508E-33));
#7638 = DIRECTION('',(1.224646799147E-16,1.,-1.110223024625E-16));
#7639 = ADVANCED_FACE('',(#7640),#7674,.F.);
#7640 = FACE_BOUND('',#7641,.F.);
#7641 = EDGE_LOOP('',(#7642,#7652,#7660,#7666,#7667,#7668));
#7642 = ORIENTED_EDGE('',*,*,#7643,.F.);
#7643 = EDGE_CURVE('',#7644,#7646,#7648,.T.);
#7644 = VERTEX_POINT('',#7645);
#7645 = CARTESIAN_POINT('',(22.45,-2.2,5.35));
#7646 = VERTEX_POINT('',#7647);
#7647 = CARTESIAN_POINT('',(21.95,-2.2,5.35));
#7648 = LINE('',#7649,#7650);
#7649 = CARTESIAN_POINT('',(22.45,-2.2,5.35));
#7650 = VECTOR('',#7651,1.);
#7651 = DIRECTION('',(-1.,1.224646799147E-16,0.));
#7652 = ORIENTED_EDGE('',*,*,#7653,.T.);
#7653 = EDGE_CURVE('',#7644,#7654,#7656,.T.);
#7654 = VERTEX_POINT('',#7655);
#7655 = CARTESIAN_POINT('',(22.45,-2.2,6.1));
#7656 = LINE('',#7657,#7658);
#7657 = CARTESIAN_POINT('',(22.45,-2.2,0.35));
#7658 = VECTOR('',#7659,1.);
#7659 = DIRECTION('',(1.359631073447E-32,1.110223024625E-16,1.));
#7660 = ORIENTED_EDGE('',*,*,#7661,.T.);
#7661 = EDGE_CURVE('',#7654,#7604,#7662,.T.);
#7662 = LINE('',#7663,#7664);
#7663 = CARTESIAN_POINT('',(22.45,-2.2,6.1));
#7664 = VECTOR('',#7665,1.);
#7665 = DIRECTION('',(-1.,1.224646799147E-16,0.));
#7666 = ORIENTED_EDGE('',*,*,#7629,.F.);
#7667 = ORIENTED_EDGE('',*,*,#6174,.T.);
#7668 = ORIENTED_EDGE('',*,*,#7669,.T.);
#7669 = EDGE_CURVE('',#6167,#7646,#7670,.T.);
#7670 = LINE('',#7671,#7672);
#7671 = CARTESIAN_POINT('',(21.95,-2.2,0.35));
#7672 = VECTOR('',#7673,1.);
#7673 = DIRECTION('',(0.,0.,1.));
#7674 = PLANE('',#7675);
#7675 = AXIS2_PLACEMENT_3D('',#7676,#7677,#7678);
#7676 = CARTESIAN_POINT('',(10.,-2.2,3.225));
#7677 = DIRECTION('',(-1.224646799147E-16,-1.,1.110223024625E-16));
#7678 = DIRECTION('',(-1.,1.224646799147E-16,0.));
#7679 = ADVANCED_FACE('',(#7680),#7714,.T.);
#7680 = FACE_BOUND('',#7681,.T.);
#7681 = EDGE_LOOP('',(#7682,#7683,#7691,#7699,#7707,#7713));
#7682 = ORIENTED_EDGE('',*,*,#7669,.T.);
#7683 = ORIENTED_EDGE('',*,*,#7684,.T.);
#7684 = EDGE_CURVE('',#7646,#7685,#7687,.T.);
#7685 = VERTEX_POINT('',#7686);
#7686 = CARTESIAN_POINT('',(21.95,2.3,2.85));
#7687 = LINE('',#7688,#7689);
#7688 = CARTESIAN_POINT('',(21.95,-2.2,5.35));
#7689 = VECTOR('',#7690,1.);
#7690 = DIRECTION('',(1.070533910153E-16,0.874157276121,-0.485642931179)
  );
#7691 = ORIENTED_EDGE('',*,*,#7692,.T.);
#7692 = EDGE_CURVE('',#7685,#7693,#7695,.T.);
#7693 = VERTEX_POINT('',#7694);
#7694 = CARTESIAN_POINT('',(21.95,2.3,0.));
#7695 = LINE('',#7696,#7697);
#7696 = CARTESIAN_POINT('',(21.95,2.3,2.85));
#7697 = VECTOR('',#7698,1.);
#7698 = DIRECTION('',(-0.,0.,-1.));
#7699 = ORIENTED_EDGE('',*,*,#7700,.T.);
#7700 = EDGE_CURVE('',#7693,#7701,#7703,.T.);
#7701 = VERTEX_POINT('',#7702);
#7702 = CARTESIAN_POINT('',(21.95,-9.2,0.));
#7703 = LINE('',#7704,#7705);
#7704 = CARTESIAN_POINT('',(21.95,2.3,0.));
#7705 = VECTOR('',#7706,1.);
#7706 = DIRECTION('',(-1.224646799147E-16,-1.,0.));
#7707 = ORIENTED_EDGE('',*,*,#7708,.T.);
#7708 = EDGE_CURVE('',#7701,#6159,#7709,.T.);
#7709 = LINE('',#7710,#7711);
#7710 = CARTESIAN_POINT('',(21.95,-9.2,0.));
#7711 = VECTOR('',#7712,1.);
#7712 = DIRECTION('',(0.,0.,1.));
#7713 = ORIENTED_EDGE('',*,*,#6166,.T.);
#7714 = PLANE('',#7715);
#7715 = AXIS2_PLACEMENT_3D('',#7716,#7717,#7718);
#7716 = CARTESIAN_POINT('',(21.95,-2.731195501291,1.31652804741));
#7717 = DIRECTION('',(-1.,1.224646799147E-16,-2.6657522746E-32));
#7718 = DIRECTION('',(-2.6657522746E-32,3.264604990409E-48,1.));
#7719 = ADVANCED_FACE('',(#7720),#7802,.T.);
#7720 = FACE_BOUND('',#7721,.T.);
#7721 = EDGE_LOOP('',(#7722,#7732,#7740,#7748,#7756,#7762,#7763,#7764,
    #7772,#7780,#7788,#7796));
#7722 = ORIENTED_EDGE('',*,*,#7723,.F.);
#7723 = EDGE_CURVE('',#7724,#7726,#7728,.T.);
#7724 = VERTEX_POINT('',#7725);
#7725 = CARTESIAN_POINT('',(-1.8,-9.2,4.25));
#7726 = VERTEX_POINT('',#7727);
#7727 = CARTESIAN_POINT('',(-1.8,-9.2,0.9));
#7728 = LINE('',#7729,#7730);
#7729 = CARTESIAN_POINT('',(-1.8,-9.2,4.25));
#7730 = VECTOR('',#7731,1.);
#7731 = DIRECTION('',(-1.359631073447E-32,-1.110223024625E-16,-1.));
#7732 = ORIENTED_EDGE('',*,*,#7733,.T.);
#7733 = EDGE_CURVE('',#7724,#7734,#7736,.T.);
#7734 = VERTEX_POINT('',#7735);
#7735 = CARTESIAN_POINT('',(-2.45,-9.2,4.25));
#7736 = LINE('',#7737,#7738);
#7737 = CARTESIAN_POINT('',(22.45,-9.2,4.25));
#7738 = VECTOR('',#7739,1.);
#7739 = DIRECTION('',(-1.,1.224646799147E-16,0.));
#7740 = ORIENTED_EDGE('',*,*,#7741,.T.);
#7741 = EDGE_CURVE('',#7734,#7742,#7744,.T.);
#7742 = VERTEX_POINT('',#7743);
#7743 = CARTESIAN_POINT('',(-2.45,-9.2,0.));
#7744 = LINE('',#7745,#7746);
#7745 = CARTESIAN_POINT('',(-2.45,-9.2,6.1));
#7746 = VECTOR('',#7747,1.);
#7747 = DIRECTION('',(-1.359631073447E-32,-1.110223024625E-16,-1.));
#7748 = ORIENTED_EDGE('',*,*,#7749,.F.);
#7749 = EDGE_CURVE('',#7750,#7742,#7752,.T.);
#7750 = VERTEX_POINT('',#7751);
#7751 = CARTESIAN_POINT('',(-1.95,-9.2,0.));
#7752 = LINE('',#7753,#7754);
#7753 = CARTESIAN_POINT('',(-1.95,-9.2,0.));
#7754 = VECTOR('',#7755,1.);
#7755 = DIRECTION('',(-1.,1.224646799147E-16,0.));
#7756 = ORIENTED_EDGE('',*,*,#7757,.T.);
#7757 = EDGE_CURVE('',#7750,#6151,#7758,.T.);
#7758 = LINE('',#7759,#7760);
#7759 = CARTESIAN_POINT('',(-1.95,-9.2,0.));
#7760 = VECTOR('',#7761,1.);
#7761 = DIRECTION('',(0.,0.,1.));
#7762 = ORIENTED_EDGE('',*,*,#6158,.T.);
#7763 = ORIENTED_EDGE('',*,*,#7708,.F.);
#7764 = ORIENTED_EDGE('',*,*,#7765,.F.);
#7765 = EDGE_CURVE('',#7766,#7701,#7768,.T.);
#7766 = VERTEX_POINT('',#7767);
#7767 = CARTESIAN_POINT('',(22.45,-9.2,0.));
#7768 = LINE('',#7769,#7770);
#7769 = CARTESIAN_POINT('',(22.45,-9.2,0.));
#7770 = VECTOR('',#7771,1.);
#7771 = DIRECTION('',(-1.,1.224646799147E-16,0.));
#7772 = ORIENTED_EDGE('',*,*,#7773,.T.);
#7773 = EDGE_CURVE('',#7766,#7774,#7776,.T.);
#7774 = VERTEX_POINT('',#7775);
#7775 = CARTESIAN_POINT('',(22.45,-9.2,4.25));
#7776 = LINE('',#7777,#7778);
#7777 = CARTESIAN_POINT('',(22.45,-9.2,0.));
#7778 = VECTOR('',#7779,1.);
#7779 = DIRECTION('',(0.,0.,1.));
#7780 = ORIENTED_EDGE('',*,*,#7781,.T.);
#7781 = EDGE_CURVE('',#7774,#7782,#7784,.T.);
#7782 = VERTEX_POINT('',#7783);
#7783 = CARTESIAN_POINT('',(21.8,-9.2,4.25));
#7784 = LINE('',#7785,#7786);
#7785 = CARTESIAN_POINT('',(22.45,-9.2,4.25));
#7786 = VECTOR('',#7787,1.);
#7787 = DIRECTION('',(-1.,1.224646799147E-16,0.));
#7788 = ORIENTED_EDGE('',*,*,#7789,.F.);
#7789 = EDGE_CURVE('',#7790,#7782,#7792,.T.);
#7790 = VERTEX_POINT('',#7791);
#7791 = CARTESIAN_POINT('',(21.8,-9.2,0.9));
#7792 = LINE('',#7793,#7794);
#7793 = CARTESIAN_POINT('',(21.8,-9.2,1.1));
#7794 = VECTOR('',#7795,1.);
#7795 = DIRECTION('',(1.359631073447E-32,1.110223024625E-16,1.));
#7796 = ORIENTED_EDGE('',*,*,#7797,.F.);
#7797 = EDGE_CURVE('',#7726,#7790,#7798,.T.);
#7798 = LINE('',#7799,#7800);
#7799 = CARTESIAN_POINT('',(-1.6,-9.2,0.9));
#7800 = VECTOR('',#7801,1.);
#7801 = DIRECTION('',(1.,-1.224646799147E-16,0.));
#7802 = PLANE('',#7803);
#7803 = AXIS2_PLACEMENT_3D('',#7804,#7805,#7806);
#7804 = CARTESIAN_POINT('',(10.,-9.2,1.074086757991));
#7805 = DIRECTION('',(-1.224646799147E-16,-1.,-2.660296020095E-31));
#7806 = DIRECTION('',(-3.257923005794E-47,-2.660296020095E-31,1.));
#7807 = ADVANCED_FACE('',(#7808),#7835,.F.);
#7808 = FACE_BOUND('',#7809,.F.);
#7809 = EDGE_LOOP('',(#7810,#7811,#7819,#7827,#7833,#7834));
#7810 = ORIENTED_EDGE('',*,*,#6501,.T.);
#7811 = ORIENTED_EDGE('',*,*,#7812,.T.);
#7812 = EDGE_CURVE('',#6494,#7813,#7815,.T.);
#7813 = VERTEX_POINT('',#7814);
#7814 = CARTESIAN_POINT('',(-1.95,2.3,2.85));
#7815 = LINE('',#7816,#7817);
#7816 = CARTESIAN_POINT('',(-1.95,-2.2,5.35));
#7817 = VECTOR('',#7818,1.);
#7818 = DIRECTION('',(1.070533910153E-16,0.874157276121,-0.485642931179)
  );
#7819 = ORIENTED_EDGE('',*,*,#7820,.T.);
#7820 = EDGE_CURVE('',#7813,#7821,#7823,.T.);
#7821 = VERTEX_POINT('',#7822);
#7822 = CARTESIAN_POINT('',(-1.95,2.3,0.));
#7823 = LINE('',#7824,#7825);
#7824 = CARTESIAN_POINT('',(-1.95,2.3,2.85));
#7825 = VECTOR('',#7826,1.);
#7826 = DIRECTION('',(-0.,0.,-1.));
#7827 = ORIENTED_EDGE('',*,*,#7828,.T.);
#7828 = EDGE_CURVE('',#7821,#7750,#7829,.T.);
#7829 = LINE('',#7830,#7831);
#7830 = CARTESIAN_POINT('',(-1.95,2.3,0.));
#7831 = VECTOR('',#7832,1.);
#7832 = DIRECTION('',(-1.224646799147E-16,-1.,0.));
#7833 = ORIENTED_EDGE('',*,*,#7757,.T.);
#7834 = ORIENTED_EDGE('',*,*,#6150,.T.);
#7835 = PLANE('',#7836);
#7836 = AXIS2_PLACEMENT_3D('',#7837,#7838,#7839);
#7837 = CARTESIAN_POINT('',(-1.95,-2.731195501291,1.31652804741));
#7838 = DIRECTION('',(-1.,1.224646799147E-16,-2.6657522746E-32));
#7839 = DIRECTION('',(-2.6657522746E-32,3.264604990409E-48,1.));
#7840 = ADVANCED_FACE('',(#7841),#7859,.F.);
#7841 = FACE_BOUND('',#7842,.F.);
#7842 = EDGE_LOOP('',(#7843,#7844,#7852,#7858));
#7843 = ORIENTED_EDGE('',*,*,#6493,.T.);
#7844 = ORIENTED_EDGE('',*,*,#7845,.T.);
#7845 = EDGE_CURVE('',#6486,#7846,#7848,.T.);
#7846 = VERTEX_POINT('',#7847);
#7847 = CARTESIAN_POINT('',(-2.45,2.3,2.85));
#7848 = LINE('',#7849,#7850);
#7849 = CARTESIAN_POINT('',(-2.45,-2.2,5.35));
#7850 = VECTOR('',#7851,1.);
#7851 = DIRECTION('',(1.070533910153E-16,0.874157276121,-0.485642931179)
  );
#7852 = ORIENTED_EDGE('',*,*,#7853,.F.);
#7853 = EDGE_CURVE('',#7813,#7846,#7854,.T.);
#7854 = LINE('',#7855,#7856);
#7855 = CARTESIAN_POINT('',(-1.95,2.3,2.85));
#7856 = VECTOR('',#7857,1.);
#7857 = DIRECTION('',(-1.,1.224646799147E-16,0.));
#7858 = ORIENTED_EDGE('',*,*,#7812,.F.);
#7859 = PLANE('',#7860);
#7860 = AXIS2_PLACEMENT_3D('',#7861,#7862,#7863);
#7861 = CARTESIAN_POINT('',(-1.95,-2.2,5.35));
#7862 = DIRECTION('',(-5.947410611962E-17,-0.485642931179,
    -0.874157276121));
#7863 = DIRECTION('',(1.070533910153E-16,0.874157276121,-0.485642931179)
  );
#7864 = ADVANCED_FACE('',(#7865),#7931,.T.);
#7865 = FACE_BOUND('',#7866,.T.);
#7866 = EDGE_LOOP('',(#7867,#7868,#7869,#7877,#7883,#7884,#7892,#7900,
    #7909,#7917,#7925));
#7867 = ORIENTED_EDGE('',*,*,#6485,.T.);
#7868 = ORIENTED_EDGE('',*,*,#7845,.T.);
#7869 = ORIENTED_EDGE('',*,*,#7870,.T.);
#7870 = EDGE_CURVE('',#7846,#7871,#7873,.T.);
#7871 = VERTEX_POINT('',#7872);
#7872 = CARTESIAN_POINT('',(-2.45,2.3,0.));
#7873 = LINE('',#7874,#7875);
#7874 = CARTESIAN_POINT('',(-2.45,2.3,2.85));
#7875 = VECTOR('',#7876,1.);
#7876 = DIRECTION('',(-0.,0.,-1.));
#7877 = ORIENTED_EDGE('',*,*,#7878,.T.);
#7878 = EDGE_CURVE('',#7871,#7742,#7879,.T.);
#7879 = LINE('',#7880,#7881);
#7880 = CARTESIAN_POINT('',(-2.45,2.3,0.));
#7881 = VECTOR('',#7882,1.);
#7882 = DIRECTION('',(-1.224646799147E-16,-1.,0.));
#7883 = ORIENTED_EDGE('',*,*,#7741,.F.);
#7884 = ORIENTED_EDGE('',*,*,#7885,.F.);
#7885 = EDGE_CURVE('',#7886,#7734,#7888,.T.);
#7886 = VERTEX_POINT('',#7887);
#7887 = CARTESIAN_POINT('',(-2.45,-5.85,4.25));
#7888 = LINE('',#7889,#7890);
#7889 = CARTESIAN_POINT('',(-2.45,-4.025,4.25));
#7890 = VECTOR('',#7891,1.);
#7891 = DIRECTION('',(-1.224646799147E-16,-1.,1.110223024625E-16));
#7892 = ORIENTED_EDGE('',*,*,#7893,.F.);
#7893 = EDGE_CURVE('',#7894,#7886,#7896,.T.);
#7894 = VERTEX_POINT('',#7895);
#7895 = CARTESIAN_POINT('',(-2.45,-5.85,4.75));
#7896 = LINE('',#7897,#7898);
#7897 = CARTESIAN_POINT('',(-2.45,-5.85,5.425));
#7898 = VECTOR('',#7899,1.);
#7899 = DIRECTION('',(-1.359631073447E-32,-1.110223024625E-16,-1.));
#7900 = ORIENTED_EDGE('',*,*,#7901,.T.);
#7901 = EDGE_CURVE('',#7894,#7902,#7904,.T.);
#7902 = VERTEX_POINT('',#7903);
#7903 = CARTESIAN_POINT('',(-2.45,-6.35,5.25));
#7904 = CIRCLE('',#7905,0.5);
#7905 = AXIS2_PLACEMENT_3D('',#7906,#7907,#7908);
#7906 = CARTESIAN_POINT('',(-2.45,-6.35,4.75));
#7907 = DIRECTION('',(1.,-1.224646799147E-16,0.));
#7908 = DIRECTION('',(1.359631073446E-32,1.110223024625E-16,1.));
#7909 = ORIENTED_EDGE('',*,*,#7910,.F.);
#7910 = EDGE_CURVE('',#7911,#7902,#7913,.T.);
#7911 = VERTEX_POINT('',#7912);
#7912 = CARTESIAN_POINT('',(-2.45,-9.2,5.25));
#7913 = LINE('',#7914,#7915);
#7914 = CARTESIAN_POINT('',(-2.45,-5.7,5.25));
#7915 = VECTOR('',#7916,1.);
#7916 = DIRECTION('',(1.224646799147E-16,1.,-1.110223024625E-16));
#7917 = ORIENTED_EDGE('',*,*,#7918,.F.);
#7918 = EDGE_CURVE('',#7919,#7911,#7921,.T.);
#7919 = VERTEX_POINT('',#7920);
#7920 = CARTESIAN_POINT('',(-2.45,-9.2,6.1));
#7921 = LINE('',#7922,#7923);
#7922 = CARTESIAN_POINT('',(-2.45,-9.2,6.1));
#7923 = VECTOR('',#7924,1.);
#7924 = DIRECTION('',(-1.359631073447E-32,-1.110223024625E-16,-1.));
#7925 = ORIENTED_EDGE('',*,*,#7926,.F.);
#7926 = EDGE_CURVE('',#6478,#7919,#7927,.T.);
#7927 = LINE('',#7928,#7929);
#7928 = CARTESIAN_POINT('',(-2.45,-2.2,6.1));
#7929 = VECTOR('',#7930,1.);
#7930 = DIRECTION('',(-1.224646799147E-16,-1.,1.110223024625E-16));
#7931 = PLANE('',#7932);
#7932 = AXIS2_PLACEMENT_3D('',#7933,#7934,#7935);
#7933 = CARTESIAN_POINT('',(-2.45,-4.427303270929,3.048284071859));
#7934 = DIRECTION('',(-1.,1.224646799147E-16,1.007223443333E-31));
#7935 = DIRECTION('',(1.007223443333E-31,-1.233492965904E-47,1.));
#7936 = ADVANCED_FACE('',(#7937),#8166,.F.);
#7937 = FACE_BOUND('',#7938,.F.);
#7938 = EDGE_LOOP('',(#7939,#7940,#7948,#7956,#7964,#7972,#7980,#7988,
    #7997,#8005,#8013,#8021,#8029,#8037,#8046,#8054,#8062,#8070,#8078,
    #8084,#8085,#8086,#8087,#8093,#8094,#8095,#8096,#8102,#8103,#8104,
    #8105,#8111,#8112,#8113,#8114,#8120,#8121,#8122,#8123,#8129,#8130,
    #8131,#8132,#8138,#8139,#8140,#8141,#8147,#8148,#8149,#8150,#8156,
    #8157,#8158,#8159,#8165));
#7939 = ORIENTED_EDGE('',*,*,#7661,.F.);
#7940 = ORIENTED_EDGE('',*,*,#7941,.T.);
#7941 = EDGE_CURVE('',#7654,#7942,#7944,.T.);
#7942 = VERTEX_POINT('',#7943);
#7943 = CARTESIAN_POINT('',(22.45,-9.2,6.1));
#7944 = LINE('',#7945,#7946);
#7945 = CARTESIAN_POINT('',(22.45,-2.2,6.1));
#7946 = VECTOR('',#7947,1.);
#7947 = DIRECTION('',(-1.224646799147E-16,-1.,1.110223024625E-16));
#7948 = ORIENTED_EDGE('',*,*,#7949,.T.);
#7949 = EDGE_CURVE('',#7942,#7950,#7952,.T.);
#7950 = VERTEX_POINT('',#7951);
#7951 = CARTESIAN_POINT('',(20.5,-9.2,6.1));
#7952 = LINE('',#7953,#7954);
#7953 = CARTESIAN_POINT('',(22.45,-9.2,6.1));
#7954 = VECTOR('',#7955,1.);
#7955 = DIRECTION('',(-1.,1.224646799147E-16,0.));
#7956 = ORIENTED_EDGE('',*,*,#7957,.F.);
#7957 = EDGE_CURVE('',#7958,#7950,#7960,.T.);
#7958 = VERTEX_POINT('',#7959);
#7959 = CARTESIAN_POINT('',(20.5,-8.3,6.1));
#7960 = LINE('',#7961,#7962);
#7961 = CARTESIAN_POINT('',(20.5,-8.3,6.1));
#7962 = VECTOR('',#7963,1.);
#7963 = DIRECTION('',(-1.224646799147E-16,-1.,1.110223024625E-16));
#7964 = ORIENTED_EDGE('',*,*,#7965,.F.);
#7965 = EDGE_CURVE('',#7966,#7958,#7968,.T.);
#7966 = VERTEX_POINT('',#7967);
#7967 = CARTESIAN_POINT('',(20.25,-8.05,6.1));
#7968 = LINE('',#7969,#7970);
#7969 = CARTESIAN_POINT('',(20.25,-8.05,6.1));
#7970 = VECTOR('',#7971,1.);
#7971 = DIRECTION('',(0.707106781187,-0.707106781187,7.850462293414E-17)
  );
#7972 = ORIENTED_EDGE('',*,*,#7973,.F.);
#7973 = EDGE_CURVE('',#7974,#7966,#7976,.T.);
#7974 = VERTEX_POINT('',#7975);
#7975 = CARTESIAN_POINT('',(20.5,-7.8,6.1));
#7976 = LINE('',#7977,#7978);
#7977 = CARTESIAN_POINT('',(20.5,-7.8,6.1));
#7978 = VECTOR('',#7979,1.);
#7979 = DIRECTION('',(-0.707106781187,-0.707106781187,7.850462293414E-17
    ));
#7980 = ORIENTED_EDGE('',*,*,#7981,.F.);
#7981 = EDGE_CURVE('',#7982,#7974,#7984,.T.);
#7982 = VERTEX_POINT('',#7983);
#7983 = CARTESIAN_POINT('',(20.5,-6.05,6.1));
#7984 = LINE('',#7985,#7986);
#7985 = CARTESIAN_POINT('',(20.5,-5.3,6.1));
#7986 = VECTOR('',#7987,1.);
#7987 = DIRECTION('',(-1.224646799147E-16,-1.,1.110223024625E-16));
#7988 = ORIENTED_EDGE('',*,*,#7989,.F.);
#7989 = EDGE_CURVE('',#7990,#7982,#7992,.T.);
#7990 = VERTEX_POINT('',#7991);
#7991 = CARTESIAN_POINT('',(19.75,-5.3,6.1));
#7992 = CIRCLE('',#7993,0.75);
#7993 = AXIS2_PLACEMENT_3D('',#7994,#7995,#7996);
#7994 = CARTESIAN_POINT('',(19.75,-6.05,6.1));
#7995 = DIRECTION('',(-1.359631073447E-32,-1.110223024625E-16,-1.));
#7996 = DIRECTION('',(-1.224646799147E-16,-1.,1.110223024625E-16));
#7997 = ORIENTED_EDGE('',*,*,#7998,.F.);
#7998 = EDGE_CURVE('',#7999,#7990,#8001,.T.);
#7999 = VERTEX_POINT('',#8000);
#8000 = CARTESIAN_POINT('',(19.,-5.3,6.1));
#8001 = LINE('',#8002,#8003);
#8002 = CARTESIAN_POINT('',(19.,-5.3,6.1));
#8003 = VECTOR('',#8004,1.);
#8004 = DIRECTION('',(1.,-1.224646799147E-16,0.));
#8005 = ORIENTED_EDGE('',*,*,#8006,.F.);
#8006 = EDGE_CURVE('',#8007,#7999,#8009,.T.);
#8007 = VERTEX_POINT('',#8008);
#8008 = CARTESIAN_POINT('',(19.,-9.2,6.1));
#8009 = LINE('',#8010,#8011);
#8010 = CARTESIAN_POINT('',(19.,-9.2,6.1));
#8011 = VECTOR('',#8012,1.);
#8012 = DIRECTION('',(1.224646799147E-16,1.,-1.110223024625E-16));
#8013 = ORIENTED_EDGE('',*,*,#8014,.T.);
#8014 = EDGE_CURVE('',#8007,#8015,#8017,.T.);
#8015 = VERTEX_POINT('',#8016);
#8016 = CARTESIAN_POINT('',(1.,-9.2,6.1));
#8017 = LINE('',#8018,#8019);
#8018 = CARTESIAN_POINT('',(22.45,-9.2,6.1));
#8019 = VECTOR('',#8020,1.);
#8020 = DIRECTION('',(-1.,1.224646799147E-16,0.));
#8021 = ORIENTED_EDGE('',*,*,#8022,.T.);
#8022 = EDGE_CURVE('',#8015,#8023,#8025,.T.);
#8023 = VERTEX_POINT('',#8024);
#8024 = CARTESIAN_POINT('',(1.,-5.3,6.1));
#8025 = LINE('',#8026,#8027);
#8026 = CARTESIAN_POINT('',(1.,-9.2,6.1));
#8027 = VECTOR('',#8028,1.);
#8028 = DIRECTION('',(1.224646799147E-16,1.,-1.110223024625E-16));
#8029 = ORIENTED_EDGE('',*,*,#8030,.T.);
#8030 = EDGE_CURVE('',#8023,#8031,#8033,.T.);
#8031 = VERTEX_POINT('',#8032);
#8032 = CARTESIAN_POINT('',(0.25,-5.3,6.1));
#8033 = LINE('',#8034,#8035);
#8034 = CARTESIAN_POINT('',(1.,-5.3,6.1));
#8035 = VECTOR('',#8036,1.);
#8036 = DIRECTION('',(-1.,1.224646799147E-16,0.));
#8037 = ORIENTED_EDGE('',*,*,#8038,.T.);
#8038 = EDGE_CURVE('',#8031,#8039,#8041,.T.);
#8039 = VERTEX_POINT('',#8040);
#8040 = CARTESIAN_POINT('',(-0.5,-6.05,6.1));
#8041 = CIRCLE('',#8042,0.75);
#8042 = AXIS2_PLACEMENT_3D('',#8043,#8044,#8045);
#8043 = CARTESIAN_POINT('',(0.25,-6.05,6.1));
#8044 = DIRECTION('',(1.359631073447E-32,1.110223024625E-16,1.));
#8045 = DIRECTION('',(-1.224646799147E-16,-1.,1.110223024625E-16));
#8046 = ORIENTED_EDGE('',*,*,#8047,.T.);
#8047 = EDGE_CURVE('',#8039,#8048,#8050,.T.);
#8048 = VERTEX_POINT('',#8049);
#8049 = CARTESIAN_POINT('',(-0.5,-7.8,6.1));
#8050 = LINE('',#8051,#8052);
#8051 = CARTESIAN_POINT('',(-0.5,-5.3,6.1));
#8052 = VECTOR('',#8053,1.);
#8053 = DIRECTION('',(-1.224646799147E-16,-1.,1.110223024625E-16));
#8054 = ORIENTED_EDGE('',*,*,#8055,.T.);
#8055 = EDGE_CURVE('',#8048,#8056,#8058,.T.);
#8056 = VERTEX_POINT('',#8057);
#8057 = CARTESIAN_POINT('',(-0.25,-8.05,6.1));
#8058 = LINE('',#8059,#8060);
#8059 = CARTESIAN_POINT('',(-0.5,-7.8,6.1));
#8060 = VECTOR('',#8061,1.);
#8061 = DIRECTION('',(0.707106781187,-0.707106781187,7.850462293414E-17)
  );
#8062 = ORIENTED_EDGE('',*,*,#8063,.T.);
#8063 = EDGE_CURVE('',#8056,#8064,#8066,.T.);
#8064 = VERTEX_POINT('',#8065);
#8065 = CARTESIAN_POINT('',(-0.5,-8.3,6.1));
#8066 = LINE('',#8067,#8068);
#8067 = CARTESIAN_POINT('',(-0.25,-8.05,6.1));
#8068 = VECTOR('',#8069,1.);
#8069 = DIRECTION('',(-0.707106781187,-0.707106781187,7.850462293414E-17
    ));
#8070 = ORIENTED_EDGE('',*,*,#8071,.T.);
#8071 = EDGE_CURVE('',#8064,#8072,#8074,.T.);
#8072 = VERTEX_POINT('',#8073);
#8073 = CARTESIAN_POINT('',(-0.5,-9.2,6.1));
#8074 = LINE('',#8075,#8076);
#8075 = CARTESIAN_POINT('',(-0.5,-8.3,6.1));
#8076 = VECTOR('',#8077,1.);
#8077 = DIRECTION('',(-1.224646799147E-16,-1.,1.110223024625E-16));
#8078 = ORIENTED_EDGE('',*,*,#8079,.T.);
#8079 = EDGE_CURVE('',#8072,#7919,#8080,.T.);
#8080 = LINE('',#8081,#8082);
#8081 = CARTESIAN_POINT('',(22.45,-9.2,6.1));
#8082 = VECTOR('',#8083,1.);
#8083 = DIRECTION('',(-1.,1.224646799147E-16,0.));
#8084 = ORIENTED_EDGE('',*,*,#7926,.F.);
#8085 = ORIENTED_EDGE('',*,*,#6477,.F.);
#8086 = ORIENTED_EDGE('',*,*,#6515,.T.);
#8087 = ORIENTED_EDGE('',*,*,#8088,.F.);
#8088 = EDGE_CURVE('',#6582,#6516,#8089,.T.);
#8089 = LINE('',#8090,#8091);
#8090 = CARTESIAN_POINT('',(0.75,-3.2,6.1));
#8091 = VECTOR('',#8092,1.);
#8092 = DIRECTION('',(-1.,1.224646799147E-16,0.));
#8093 = ORIENTED_EDGE('',*,*,#6579,.F.);
#8094 = ORIENTED_EDGE('',*,*,#6627,.F.);
#8095 = ORIENTED_EDGE('',*,*,#6643,.T.);
#8096 = ORIENTED_EDGE('',*,*,#8097,.F.);
#8097 = EDGE_CURVE('',#6710,#6644,#8098,.T.);
#8098 = LINE('',#8099,#8100);
#8099 = CARTESIAN_POINT('',(3.25,-3.2,6.1));
#8100 = VECTOR('',#8101,1.);
#8101 = DIRECTION('',(-1.,1.224646799147E-16,0.));
#8102 = ORIENTED_EDGE('',*,*,#6707,.F.);
#8103 = ORIENTED_EDGE('',*,*,#6747,.F.);
#8104 = ORIENTED_EDGE('',*,*,#6771,.T.);
#8105 = ORIENTED_EDGE('',*,*,#8106,.F.);
#8106 = EDGE_CURVE('',#6838,#6772,#8107,.T.);
#8107 = LINE('',#8108,#8109);
#8108 = CARTESIAN_POINT('',(5.75,-3.2,6.1));
#8109 = VECTOR('',#8110,1.);
#8110 = DIRECTION('',(-1.,1.224646799147E-16,0.));
#8111 = ORIENTED_EDGE('',*,*,#6835,.F.);
#8112 = ORIENTED_EDGE('',*,*,#6885,.F.);
#8113 = ORIENTED_EDGE('',*,*,#6899,.T.);
#8114 = ORIENTED_EDGE('',*,*,#8115,.F.);
#8115 = EDGE_CURVE('',#6966,#6900,#8116,.T.);
#8116 = LINE('',#8117,#8118);
#8117 = CARTESIAN_POINT('',(8.25,-3.2,6.1));
#8118 = VECTOR('',#8119,1.);
#8119 = DIRECTION('',(-1.,1.224646799147E-16,0.));
#8120 = ORIENTED_EDGE('',*,*,#6963,.F.);
#8121 = ORIENTED_EDGE('',*,*,#7012,.F.);
#8122 = ORIENTED_EDGE('',*,*,#7027,.T.);
#8123 = ORIENTED_EDGE('',*,*,#8124,.F.);
#8124 = EDGE_CURVE('',#7094,#7028,#8125,.T.);
#8125 = LINE('',#8126,#8127);
#8126 = CARTESIAN_POINT('',(10.75,-3.2,6.1));
#8127 = VECTOR('',#8128,1.);
#8128 = DIRECTION('',(-1.,1.224646799147E-16,0.));
#8129 = ORIENTED_EDGE('',*,*,#7091,.F.);
#8130 = ORIENTED_EDGE('',*,*,#7139,.F.);
#8131 = ORIENTED_EDGE('',*,*,#7155,.T.);
#8132 = ORIENTED_EDGE('',*,*,#8133,.F.);
#8133 = EDGE_CURVE('',#7222,#7156,#8134,.T.);
#8134 = LINE('',#8135,#8136);
#8135 = CARTESIAN_POINT('',(13.25,-3.2,6.1));
#8136 = VECTOR('',#8137,1.);
#8137 = DIRECTION('',(-1.,1.224646799147E-16,0.));
#8138 = ORIENTED_EDGE('',*,*,#7219,.F.);
#8139 = ORIENTED_EDGE('',*,*,#7259,.F.);
#8140 = ORIENTED_EDGE('',*,*,#7283,.T.);
#8141 = ORIENTED_EDGE('',*,*,#8142,.F.);
#8142 = EDGE_CURVE('',#7350,#7284,#8143,.T.);
#8143 = LINE('',#8144,#8145);
#8144 = CARTESIAN_POINT('',(15.75,-3.2,6.1));
#8145 = VECTOR('',#8146,1.);
#8146 = DIRECTION('',(-1.,1.224646799147E-16,0.));
#8147 = ORIENTED_EDGE('',*,*,#7347,.F.);
#8148 = ORIENTED_EDGE('',*,*,#7397,.F.);
#8149 = ORIENTED_EDGE('',*,*,#7411,.T.);
#8150 = ORIENTED_EDGE('',*,*,#8151,.F.);
#8151 = EDGE_CURVE('',#7478,#7412,#8152,.T.);
#8152 = LINE('',#8153,#8154);
#8153 = CARTESIAN_POINT('',(18.25,-3.2,6.1));
#8154 = VECTOR('',#8155,1.);
#8155 = DIRECTION('',(-1.,1.224646799147E-16,0.));
#8156 = ORIENTED_EDGE('',*,*,#7475,.F.);
#8157 = ORIENTED_EDGE('',*,*,#7524,.F.);
#8158 = ORIENTED_EDGE('',*,*,#7539,.T.);
#8159 = ORIENTED_EDGE('',*,*,#8160,.F.);
#8160 = EDGE_CURVE('',#7606,#7540,#8161,.T.);
#8161 = LINE('',#8162,#8163);
#8162 = CARTESIAN_POINT('',(20.75,-3.2,6.1));
#8163 = VECTOR('',#8164,1.);
#8164 = DIRECTION('',(-1.,1.224646799147E-16,0.));
#8165 = ORIENTED_EDGE('',*,*,#7603,.F.);
#8166 = PLANE('',#8167);
#8167 = AXIS2_PLACEMENT_3D('',#8168,#8169,#8170);
#8168 = CARTESIAN_POINT('',(22.45,-2.2,6.1));
#8169 = DIRECTION('',(-1.359631073447E-32,-1.110223024625E-16,-1.));
#8170 = DIRECTION('',(-1.,1.224646799147E-16,6.927121900793E-45));
#8171 = ADVANCED_FACE('',(#8172),#8183,.F.);
#8172 = FACE_BOUND('',#8173,.F.);
#8173 = EDGE_LOOP('',(#8174,#8175,#8176,#8182));
#8174 = ORIENTED_EDGE('',*,*,#8088,.T.);
#8175 = ORIENTED_EDGE('',*,*,#6523,.T.);
#8176 = ORIENTED_EDGE('',*,*,#8177,.F.);
#8177 = EDGE_CURVE('',#6590,#6524,#8178,.T.);
#8178 = LINE('',#8179,#8180);
#8179 = CARTESIAN_POINT('',(0.75,-2.5,4.25));
#8180 = VECTOR('',#8181,1.);
#8181 = DIRECTION('',(-1.,1.224646799147E-16,0.));
#8182 = ORIENTED_EDGE('',*,*,#6589,.F.);
#8183 = PLANE('',#8184);
#8184 = AXIS2_PLACEMENT_3D('',#8185,#8186,#8187);
#8185 = CARTESIAN_POINT('',(0.75,-3.2,6.1));
#8186 = DIRECTION('',(-1.14539532148E-16,-0.935286257456,-0.353892097416
    ));
#8187 = DIRECTION('',(4.33392824344E-17,0.353892097416,-0.935286257456)
  );
#8188 = ADVANCED_FACE('',(#8189,#8195),#8229,.F.);
#8189 = FACE_BOUND('',#8190,.F.);
#8190 = EDGE_LOOP('',(#8191,#8192,#8193,#8194));
#8191 = ORIENTED_EDGE('',*,*,#8177,.T.);
#8192 = ORIENTED_EDGE('',*,*,#6531,.T.);
#8193 = ORIENTED_EDGE('',*,*,#6555,.F.);
#8194 = ORIENTED_EDGE('',*,*,#6597,.F.);
#8195 = FACE_BOUND('',#8196,.F.);
#8196 = EDGE_LOOP('',(#8197,#8207,#8215,#8223));
#8197 = ORIENTED_EDGE('',*,*,#8198,.F.);
#8198 = EDGE_CURVE('',#8199,#8201,#8203,.T.);
#8199 = VERTEX_POINT('',#8200);
#8200 = CARTESIAN_POINT('',(-0.32,-2.5,4.07));
#8201 = VERTEX_POINT('',#8202);
#8202 = CARTESIAN_POINT('',(-0.32,-2.5,3.43));
#8203 = LINE('',#8204,#8205);
#8204 = CARTESIAN_POINT('',(-0.32,-2.5,3.150038014559));
#8205 = VECTOR('',#8206,1.);
#8206 = DIRECTION('',(-1.359631073447E-32,-1.110223024625E-16,-1.));
#8207 = ORIENTED_EDGE('',*,*,#8208,.T.);
#8208 = EDGE_CURVE('',#8199,#8209,#8211,.T.);
#8209 = VERTEX_POINT('',#8210);
#8210 = CARTESIAN_POINT('',(0.32,-2.5,4.07));
#8211 = LINE('',#8212,#8213);
#8212 = CARTESIAN_POINT('',(0.535,-2.5,4.07));
#8213 = VECTOR('',#8214,1.);
#8214 = DIRECTION('',(1.,-1.224646799147E-16,0.));
#8215 = ORIENTED_EDGE('',*,*,#8216,.T.);
#8216 = EDGE_CURVE('',#8209,#8217,#8219,.T.);
#8217 = VERTEX_POINT('',#8218);
#8218 = CARTESIAN_POINT('',(0.32,-2.5,3.43));
#8219 = LINE('',#8220,#8221);
#8220 = CARTESIAN_POINT('',(0.32,-2.5,3.150038014559));
#8221 = VECTOR('',#8222,1.);
#8222 = DIRECTION('',(-1.359631073447E-32,-1.110223024625E-16,-1.));
#8223 = ORIENTED_EDGE('',*,*,#8224,.T.);
#8224 = EDGE_CURVE('',#8217,#8201,#8225,.T.);
#8225 = LINE('',#8226,#8227);
#8226 = CARTESIAN_POINT('',(0.535,-2.5,3.43));
#8227 = VECTOR('',#8228,1.);
#8228 = DIRECTION('',(-1.,1.224646799147E-16,0.));
#8229 = PLANE('',#8230);
#8230 = AXIS2_PLACEMENT_3D('',#8231,#8232,#8233);
#8231 = CARTESIAN_POINT('',(0.75,-2.5,4.25));
#8232 = DIRECTION('',(-1.224646799147E-16,-1.,1.110223024625E-16));
#8233 = DIRECTION('',(-1.359631073447E-32,-1.110223024625E-16,-1.));
#8234 = ADVANCED_FACE('',(#8235),#8246,.F.);
#8235 = FACE_BOUND('',#8236,.F.);
#8236 = EDGE_LOOP('',(#8237,#8238,#8239,#8245));
#8237 = ORIENTED_EDGE('',*,*,#8097,.T.);
#8238 = ORIENTED_EDGE('',*,*,#6651,.T.);
#8239 = ORIENTED_EDGE('',*,*,#8240,.F.);
#8240 = EDGE_CURVE('',#6718,#6652,#8241,.T.);
#8241 = LINE('',#8242,#8243);
#8242 = CARTESIAN_POINT('',(3.25,-2.5,4.25));
#8243 = VECTOR('',#8244,1.);
#8244 = DIRECTION('',(-1.,1.224646799147E-16,0.));
#8245 = ORIENTED_EDGE('',*,*,#6717,.F.);
#8246 = PLANE('',#8247);
#8247 = AXIS2_PLACEMENT_3D('',#8248,#8249,#8250);
#8248 = CARTESIAN_POINT('',(3.25,-3.2,6.1));
#8249 = DIRECTION('',(-1.14539532148E-16,-0.935286257456,-0.353892097416
    ));
#8250 = DIRECTION('',(4.33392824344E-17,0.353892097416,-0.935286257456)
  );
#8251 = ADVANCED_FACE('',(#8252,#8258),#8292,.F.);
#8252 = FACE_BOUND('',#8253,.F.);
#8253 = EDGE_LOOP('',(#8254,#8255,#8256,#8257));
#8254 = ORIENTED_EDGE('',*,*,#8240,.T.);
#8255 = ORIENTED_EDGE('',*,*,#6659,.T.);
#8256 = ORIENTED_EDGE('',*,*,#6683,.F.);
#8257 = ORIENTED_EDGE('',*,*,#6725,.F.);
#8258 = FACE_BOUND('',#8259,.F.);
#8259 = EDGE_LOOP('',(#8260,#8270,#8278,#8286));
#8260 = ORIENTED_EDGE('',*,*,#8261,.F.);
#8261 = EDGE_CURVE('',#8262,#8264,#8266,.T.);
#8262 = VERTEX_POINT('',#8263);
#8263 = CARTESIAN_POINT('',(2.18,-2.5,4.07));
#8264 = VERTEX_POINT('',#8265);
#8265 = CARTESIAN_POINT('',(2.18,-2.5,3.43));
#8266 = LINE('',#8267,#8268);
#8267 = CARTESIAN_POINT('',(2.18,-2.5,3.160228926622));
#8268 = VECTOR('',#8269,1.);
#8269 = DIRECTION('',(-1.359631073447E-32,-1.110223024625E-16,-1.));
#8270 = ORIENTED_EDGE('',*,*,#8271,.T.);
#8271 = EDGE_CURVE('',#8262,#8272,#8274,.T.);
#8272 = VERTEX_POINT('',#8273);
#8273 = CARTESIAN_POINT('',(2.82,-2.5,4.07));
#8274 = LINE('',#8275,#8276);
#8275 = CARTESIAN_POINT('',(3.035,-2.5,4.07));
#8276 = VECTOR('',#8277,1.);
#8277 = DIRECTION('',(1.,-1.224646799147E-16,0.));
#8278 = ORIENTED_EDGE('',*,*,#8279,.T.);
#8279 = EDGE_CURVE('',#8272,#8280,#8282,.T.);
#8280 = VERTEX_POINT('',#8281);
#8281 = CARTESIAN_POINT('',(2.82,-2.5,3.43));
#8282 = LINE('',#8283,#8284);
#8283 = CARTESIAN_POINT('',(2.82,-2.5,3.160228926622));
#8284 = VECTOR('',#8285,1.);
#8285 = DIRECTION('',(-1.359631073447E-32,-1.110223024625E-16,-1.));
#8286 = ORIENTED_EDGE('',*,*,#8287,.T.);
#8287 = EDGE_CURVE('',#8280,#8264,#8288,.T.);
#8288 = LINE('',#8289,#8290);
#8289 = CARTESIAN_POINT('',(3.035,-2.5,3.43));
#8290 = VECTOR('',#8291,1.);
#8291 = DIRECTION('',(-1.,1.224646799147E-16,0.));
#8292 = PLANE('',#8293);
#8293 = AXIS2_PLACEMENT_3D('',#8294,#8295,#8296);
#8294 = CARTESIAN_POINT('',(3.25,-2.5,4.25));
#8295 = DIRECTION('',(-1.224646799147E-16,-1.,1.110223024625E-16));
#8296 = DIRECTION('',(-1.359631073447E-32,-1.110223024625E-16,-1.));
#8297 = ADVANCED_FACE('',(#8298),#8309,.F.);
#8298 = FACE_BOUND('',#8299,.F.);
#8299 = EDGE_LOOP('',(#8300,#8301,#8302,#8308));
#8300 = ORIENTED_EDGE('',*,*,#8106,.T.);
#8301 = ORIENTED_EDGE('',*,*,#6779,.T.);
#8302 = ORIENTED_EDGE('',*,*,#8303,.F.);
#8303 = EDGE_CURVE('',#6846,#6780,#8304,.T.);
#8304 = LINE('',#8305,#8306);
#8305 = CARTESIAN_POINT('',(5.75,-2.5,4.25));
#8306 = VECTOR('',#8307,1.);
#8307 = DIRECTION('',(-1.,1.224646799147E-16,0.));
#8308 = ORIENTED_EDGE('',*,*,#6845,.F.);
#8309 = PLANE('',#8310);
#8310 = AXIS2_PLACEMENT_3D('',#8311,#8312,#8313);
#8311 = CARTESIAN_POINT('',(5.75,-3.2,6.1));
#8312 = DIRECTION('',(-1.14539532148E-16,-0.935286257456,-0.353892097416
    ));
#8313 = DIRECTION('',(4.33392824344E-17,0.353892097416,-0.935286257456)
  );
#8314 = ADVANCED_FACE('',(#8315,#8321),#8355,.F.);
#8315 = FACE_BOUND('',#8316,.F.);
#8316 = EDGE_LOOP('',(#8317,#8318,#8319,#8320));
#8317 = ORIENTED_EDGE('',*,*,#8303,.T.);
#8318 = ORIENTED_EDGE('',*,*,#6787,.T.);
#8319 = ORIENTED_EDGE('',*,*,#6811,.F.);
#8320 = ORIENTED_EDGE('',*,*,#6853,.F.);
#8321 = FACE_BOUND('',#8322,.F.);
#8322 = EDGE_LOOP('',(#8323,#8333,#8341,#8349));
#8323 = ORIENTED_EDGE('',*,*,#8324,.F.);
#8324 = EDGE_CURVE('',#8325,#8327,#8329,.T.);
#8325 = VERTEX_POINT('',#8326);
#8326 = CARTESIAN_POINT('',(4.68,-2.5,4.07));
#8327 = VERTEX_POINT('',#8328);
#8328 = CARTESIAN_POINT('',(4.68,-2.5,3.43));
#8329 = LINE('',#8330,#8331);
#8330 = CARTESIAN_POINT('',(4.68,-2.5,3.160228926622));
#8331 = VECTOR('',#8332,1.);
#8332 = DIRECTION('',(-1.359631073447E-32,-1.110223024625E-16,-1.));
#8333 = ORIENTED_EDGE('',*,*,#8334,.T.);
#8334 = EDGE_CURVE('',#8325,#8335,#8337,.T.);
#8335 = VERTEX_POINT('',#8336);
#8336 = CARTESIAN_POINT('',(5.32,-2.5,4.07));
#8337 = LINE('',#8338,#8339);
#8338 = CARTESIAN_POINT('',(5.535,-2.5,4.07));
#8339 = VECTOR('',#8340,1.);
#8340 = DIRECTION('',(1.,-1.224646799147E-16,0.));
#8341 = ORIENTED_EDGE('',*,*,#8342,.T.);
#8342 = EDGE_CURVE('',#8335,#8343,#8345,.T.);
#8343 = VERTEX_POINT('',#8344);
#8344 = CARTESIAN_POINT('',(5.32,-2.5,3.43));
#8345 = LINE('',#8346,#8347);
#8346 = CARTESIAN_POINT('',(5.32,-2.5,3.160228926622));
#8347 = VECTOR('',#8348,1.);
#8348 = DIRECTION('',(-1.359631073447E-32,-1.110223024625E-16,-1.));
#8349 = ORIENTED_EDGE('',*,*,#8350,.T.);
#8350 = EDGE_CURVE('',#8343,#8327,#8351,.T.);
#8351 = LINE('',#8352,#8353);
#8352 = CARTESIAN_POINT('',(5.535,-2.5,3.43));
#8353 = VECTOR('',#8354,1.);
#8354 = DIRECTION('',(-1.,1.224646799147E-16,0.));
#8355 = PLANE('',#8356);
#8356 = AXIS2_PLACEMENT_3D('',#8357,#8358,#8359);
#8357 = CARTESIAN_POINT('',(5.75,-2.5,4.25));
#8358 = DIRECTION('',(-1.224646799147E-16,-1.,1.110223024625E-16));
#8359 = DIRECTION('',(-1.359631073447E-32,-1.110223024625E-16,-1.));
#8360 = ADVANCED_FACE('',(#8361),#8372,.F.);
#8361 = FACE_BOUND('',#8362,.F.);
#8362 = EDGE_LOOP('',(#8363,#8364,#8365,#8371));
#8363 = ORIENTED_EDGE('',*,*,#8115,.T.);
#8364 = ORIENTED_EDGE('',*,*,#6907,.T.);
#8365 = ORIENTED_EDGE('',*,*,#8366,.F.);
#8366 = EDGE_CURVE('',#6974,#6908,#8367,.T.);
#8367 = LINE('',#8368,#8369);
#8368 = CARTESIAN_POINT('',(8.25,-2.5,4.25));
#8369 = VECTOR('',#8370,1.);
#8370 = DIRECTION('',(-1.,1.224646799147E-16,0.));
#8371 = ORIENTED_EDGE('',*,*,#6973,.F.);
#8372 = PLANE('',#8373);
#8373 = AXIS2_PLACEMENT_3D('',#8374,#8375,#8376);
#8374 = CARTESIAN_POINT('',(8.25,-3.2,6.1));
#8375 = DIRECTION('',(-1.14539532148E-16,-0.935286257456,-0.353892097416
    ));
#8376 = DIRECTION('',(4.33392824344E-17,0.353892097416,-0.935286257456)
  );
#8377 = ADVANCED_FACE('',(#8378,#8384),#8418,.F.);
#8378 = FACE_BOUND('',#8379,.F.);
#8379 = EDGE_LOOP('',(#8380,#8381,#8382,#8383));
#8380 = ORIENTED_EDGE('',*,*,#8366,.T.);
#8381 = ORIENTED_EDGE('',*,*,#6915,.T.);
#8382 = ORIENTED_EDGE('',*,*,#6939,.F.);
#8383 = ORIENTED_EDGE('',*,*,#6981,.F.);
#8384 = FACE_BOUND('',#8385,.F.);
#8385 = EDGE_LOOP('',(#8386,#8396,#8404,#8412));
#8386 = ORIENTED_EDGE('',*,*,#8387,.F.);
#8387 = EDGE_CURVE('',#8388,#8390,#8392,.T.);
#8388 = VERTEX_POINT('',#8389);
#8389 = CARTESIAN_POINT('',(7.18,-2.5,4.07));
#8390 = VERTEX_POINT('',#8391);
#8391 = CARTESIAN_POINT('',(7.18,-2.5,3.43));
#8392 = LINE('',#8393,#8394);
#8393 = CARTESIAN_POINT('',(7.18,-2.5,3.160228926622));
#8394 = VECTOR('',#8395,1.);
#8395 = DIRECTION('',(-1.359631073447E-32,-1.110223024625E-16,-1.));
#8396 = ORIENTED_EDGE('',*,*,#8397,.T.);
#8397 = EDGE_CURVE('',#8388,#8398,#8400,.T.);
#8398 = VERTEX_POINT('',#8399);
#8399 = CARTESIAN_POINT('',(7.82,-2.5,4.07));
#8400 = LINE('',#8401,#8402);
#8401 = CARTESIAN_POINT('',(8.035,-2.5,4.07));
#8402 = VECTOR('',#8403,1.);
#8403 = DIRECTION('',(1.,-1.224646799147E-16,0.));
#8404 = ORIENTED_EDGE('',*,*,#8405,.T.);
#8405 = EDGE_CURVE('',#8398,#8406,#8408,.T.);
#8406 = VERTEX_POINT('',#8407);
#8407 = CARTESIAN_POINT('',(7.82,-2.5,3.43));
#8408 = LINE('',#8409,#8410);
#8409 = CARTESIAN_POINT('',(7.82,-2.5,3.160228926622));
#8410 = VECTOR('',#8411,1.);
#8411 = DIRECTION('',(-1.359631073447E-32,-1.110223024625E-16,-1.));
#8412 = ORIENTED_EDGE('',*,*,#8413,.T.);
#8413 = EDGE_CURVE('',#8406,#8390,#8414,.T.);
#8414 = LINE('',#8415,#8416);
#8415 = CARTESIAN_POINT('',(8.035,-2.5,3.43));
#8416 = VECTOR('',#8417,1.);
#8417 = DIRECTION('',(-1.,1.224646799147E-16,0.));
#8418 = PLANE('',#8419);
#8419 = AXIS2_PLACEMENT_3D('',#8420,#8421,#8422);
#8420 = CARTESIAN_POINT('',(8.25,-2.5,4.25));
#8421 = DIRECTION('',(-1.224646799147E-16,-1.,1.110223024625E-16));
#8422 = DIRECTION('',(-1.359631073447E-32,-1.110223024625E-16,-1.));
#8423 = ADVANCED_FACE('',(#8424),#8435,.F.);
#8424 = FACE_BOUND('',#8425,.F.);
#8425 = EDGE_LOOP('',(#8426,#8427,#8428,#8434));
#8426 = ORIENTED_EDGE('',*,*,#8124,.T.);
#8427 = ORIENTED_EDGE('',*,*,#7035,.T.);
#8428 = ORIENTED_EDGE('',*,*,#8429,.F.);
#8429 = EDGE_CURVE('',#7102,#7036,#8430,.T.);
#8430 = LINE('',#8431,#8432);
#8431 = CARTESIAN_POINT('',(10.75,-2.5,4.25));
#8432 = VECTOR('',#8433,1.);
#8433 = DIRECTION('',(-1.,1.224646799147E-16,0.));
#8434 = ORIENTED_EDGE('',*,*,#7101,.F.);
#8435 = PLANE('',#8436);
#8436 = AXIS2_PLACEMENT_3D('',#8437,#8438,#8439);
#8437 = CARTESIAN_POINT('',(10.75,-3.2,6.1));
#8438 = DIRECTION('',(-1.14539532148E-16,-0.935286257456,-0.353892097416
    ));
#8439 = DIRECTION('',(4.33392824344E-17,0.353892097416,-0.935286257456)
  );
#8440 = ADVANCED_FACE('',(#8441,#8447),#8481,.F.);
#8441 = FACE_BOUND('',#8442,.F.);
#8442 = EDGE_LOOP('',(#8443,#8444,#8445,#8446));
#8443 = ORIENTED_EDGE('',*,*,#8429,.T.);
#8444 = ORIENTED_EDGE('',*,*,#7043,.T.);
#8445 = ORIENTED_EDGE('',*,*,#7067,.F.);
#8446 = ORIENTED_EDGE('',*,*,#7109,.F.);
#8447 = FACE_BOUND('',#8448,.F.);
#8448 = EDGE_LOOP('',(#8449,#8459,#8467,#8475));
#8449 = ORIENTED_EDGE('',*,*,#8450,.T.);
#8450 = EDGE_CURVE('',#8451,#8453,#8455,.T.);
#8451 = VERTEX_POINT('',#8452);
#8452 = CARTESIAN_POINT('',(9.68,-2.5,4.07));
#8453 = VERTEX_POINT('',#8454);
#8454 = CARTESIAN_POINT('',(10.32,-2.5,4.07));
#8455 = LINE('',#8456,#8457);
#8456 = CARTESIAN_POINT('',(10.535,-2.5,4.07));
#8457 = VECTOR('',#8458,1.);
#8458 = DIRECTION('',(1.,-1.224646799147E-16,0.));
#8459 = ORIENTED_EDGE('',*,*,#8460,.T.);
#8460 = EDGE_CURVE('',#8453,#8461,#8463,.T.);
#8461 = VERTEX_POINT('',#8462);
#8462 = CARTESIAN_POINT('',(10.32,-2.5,3.43));
#8463 = LINE('',#8464,#8465);
#8464 = CARTESIAN_POINT('',(10.32,-2.5,3.160228926622));
#8465 = VECTOR('',#8466,1.);
#8466 = DIRECTION('',(-1.359631073447E-32,-1.110223024625E-16,-1.));
#8467 = ORIENTED_EDGE('',*,*,#8468,.T.);
#8468 = EDGE_CURVE('',#8461,#8469,#8471,.T.);
#8469 = VERTEX_POINT('',#8470);
#8470 = CARTESIAN_POINT('',(9.68,-2.5,3.43));
#8471 = LINE('',#8472,#8473);
#8472 = CARTESIAN_POINT('',(10.535,-2.5,3.43));
#8473 = VECTOR('',#8474,1.);
#8474 = DIRECTION('',(-1.,1.224646799147E-16,0.));
#8475 = ORIENTED_EDGE('',*,*,#8476,.F.);
#8476 = EDGE_CURVE('',#8451,#8469,#8477,.T.);
#8477 = LINE('',#8478,#8479);
#8478 = CARTESIAN_POINT('',(9.68,-2.5,3.160228926622));
#8479 = VECTOR('',#8480,1.);
#8480 = DIRECTION('',(-1.359631073447E-32,-1.110223024625E-16,-1.));
#8481 = PLANE('',#8482);
#8482 = AXIS2_PLACEMENT_3D('',#8483,#8484,#8485);
#8483 = CARTESIAN_POINT('',(10.75,-2.5,4.25));
#8484 = DIRECTION('',(-1.224646799147E-16,-1.,1.110223024625E-16));
#8485 = DIRECTION('',(-1.359631073447E-32,-1.110223024625E-16,-1.));
#8486 = ADVANCED_FACE('',(#8487),#8498,.F.);
#8487 = FACE_BOUND('',#8488,.F.);
#8488 = EDGE_LOOP('',(#8489,#8490,#8491,#8497));
#8489 = ORIENTED_EDGE('',*,*,#8133,.T.);
#8490 = ORIENTED_EDGE('',*,*,#7163,.T.);
#8491 = ORIENTED_EDGE('',*,*,#8492,.F.);
#8492 = EDGE_CURVE('',#7230,#7164,#8493,.T.);
#8493 = LINE('',#8494,#8495);
#8494 = CARTESIAN_POINT('',(13.25,-2.5,4.25));
#8495 = VECTOR('',#8496,1.);
#8496 = DIRECTION('',(-1.,1.224646799147E-16,0.));
#8497 = ORIENTED_EDGE('',*,*,#7229,.F.);
#8498 = PLANE('',#8499);
#8499 = AXIS2_PLACEMENT_3D('',#8500,#8501,#8502);
#8500 = CARTESIAN_POINT('',(13.25,-3.2,6.1));
#8501 = DIRECTION('',(-1.14539532148E-16,-0.935286257456,-0.353892097416
    ));
#8502 = DIRECTION('',(4.33392824344E-17,0.353892097416,-0.935286257456)
  );
#8503 = ADVANCED_FACE('',(#8504,#8510),#8544,.F.);
#8504 = FACE_BOUND('',#8505,.F.);
#8505 = EDGE_LOOP('',(#8506,#8507,#8508,#8509));
#8506 = ORIENTED_EDGE('',*,*,#8492,.T.);
#8507 = ORIENTED_EDGE('',*,*,#7171,.T.);
#8508 = ORIENTED_EDGE('',*,*,#7195,.F.);
#8509 = ORIENTED_EDGE('',*,*,#7237,.F.);
#8510 = FACE_BOUND('',#8511,.F.);
#8511 = EDGE_LOOP('',(#8512,#8522,#8530,#8538));
#8512 = ORIENTED_EDGE('',*,*,#8513,.T.);
#8513 = EDGE_CURVE('',#8514,#8516,#8518,.T.);
#8514 = VERTEX_POINT('',#8515);
#8515 = CARTESIAN_POINT('',(12.18,-2.5,4.07));
#8516 = VERTEX_POINT('',#8517);
#8517 = CARTESIAN_POINT('',(12.82,-2.5,4.07));
#8518 = LINE('',#8519,#8520);
#8519 = CARTESIAN_POINT('',(13.035,-2.5,4.07));
#8520 = VECTOR('',#8521,1.);
#8521 = DIRECTION('',(1.,-1.224646799147E-16,0.));
#8522 = ORIENTED_EDGE('',*,*,#8523,.T.);
#8523 = EDGE_CURVE('',#8516,#8524,#8526,.T.);
#8524 = VERTEX_POINT('',#8525);
#8525 = CARTESIAN_POINT('',(12.82,-2.5,3.43));
#8526 = LINE('',#8527,#8528);
#8527 = CARTESIAN_POINT('',(12.82,-2.5,3.160228926622));
#8528 = VECTOR('',#8529,1.);
#8529 = DIRECTION('',(-1.359631073447E-32,-1.110223024625E-16,-1.));
#8530 = ORIENTED_EDGE('',*,*,#8531,.T.);
#8531 = EDGE_CURVE('',#8524,#8532,#8534,.T.);
#8532 = VERTEX_POINT('',#8533);
#8533 = CARTESIAN_POINT('',(12.18,-2.5,3.43));
#8534 = LINE('',#8535,#8536);
#8535 = CARTESIAN_POINT('',(13.035,-2.5,3.43));
#8536 = VECTOR('',#8537,1.);
#8537 = DIRECTION('',(-1.,1.224646799147E-16,0.));
#8538 = ORIENTED_EDGE('',*,*,#8539,.F.);
#8539 = EDGE_CURVE('',#8514,#8532,#8540,.T.);
#8540 = LINE('',#8541,#8542);
#8541 = CARTESIAN_POINT('',(12.18,-2.5,3.160228926622));
#8542 = VECTOR('',#8543,1.);
#8543 = DIRECTION('',(-1.359631073447E-32,-1.110223024625E-16,-1.));
#8544 = PLANE('',#8545);
#8545 = AXIS2_PLACEMENT_3D('',#8546,#8547,#8548);
#8546 = CARTESIAN_POINT('',(13.25,-2.5,4.25));
#8547 = DIRECTION('',(-1.224646799147E-16,-1.,1.110223024625E-16));
#8548 = DIRECTION('',(-1.359631073447E-32,-1.110223024625E-16,-1.));
#8549 = ADVANCED_FACE('',(#8550),#8561,.F.);
#8550 = FACE_BOUND('',#8551,.F.);
#8551 = EDGE_LOOP('',(#8552,#8553,#8554,#8560));
#8552 = ORIENTED_EDGE('',*,*,#8142,.T.);
#8553 = ORIENTED_EDGE('',*,*,#7291,.T.);
#8554 = ORIENTED_EDGE('',*,*,#8555,.F.);
#8555 = EDGE_CURVE('',#7358,#7292,#8556,.T.);
#8556 = LINE('',#8557,#8558);
#8557 = CARTESIAN_POINT('',(15.75,-2.5,4.25));
#8558 = VECTOR('',#8559,1.);
#8559 = DIRECTION('',(-1.,1.224646799147E-16,0.));
#8560 = ORIENTED_EDGE('',*,*,#7357,.F.);
#8561 = PLANE('',#8562);
#8562 = AXIS2_PLACEMENT_3D('',#8563,#8564,#8565);
#8563 = CARTESIAN_POINT('',(15.75,-3.2,6.1));
#8564 = DIRECTION('',(-1.14539532148E-16,-0.935286257456,-0.353892097416
    ));
#8565 = DIRECTION('',(4.33392824344E-17,0.353892097416,-0.935286257456)
  );
#8566 = ADVANCED_FACE('',(#8567,#8573),#8607,.F.);
#8567 = FACE_BOUND('',#8568,.F.);
#8568 = EDGE_LOOP('',(#8569,#8570,#8571,#8572));
#8569 = ORIENTED_EDGE('',*,*,#8555,.T.);
#8570 = ORIENTED_EDGE('',*,*,#7299,.T.);
#8571 = ORIENTED_EDGE('',*,*,#7323,.F.);
#8572 = ORIENTED_EDGE('',*,*,#7365,.F.);
#8573 = FACE_BOUND('',#8574,.F.);
#8574 = EDGE_LOOP('',(#8575,#8585,#8593,#8601));
#8575 = ORIENTED_EDGE('',*,*,#8576,.F.);
#8576 = EDGE_CURVE('',#8577,#8579,#8581,.T.);
#8577 = VERTEX_POINT('',#8578);
#8578 = CARTESIAN_POINT('',(14.68,-2.5,4.07));
#8579 = VERTEX_POINT('',#8580);
#8580 = CARTESIAN_POINT('',(14.68,-2.5,3.43));
#8581 = LINE('',#8582,#8583);
#8582 = CARTESIAN_POINT('',(14.68,-2.5,3.160228926622));
#8583 = VECTOR('',#8584,1.);
#8584 = DIRECTION('',(-1.359631073447E-32,-1.110223024625E-16,-1.));
#8585 = ORIENTED_EDGE('',*,*,#8586,.T.);
#8586 = EDGE_CURVE('',#8577,#8587,#8589,.T.);
#8587 = VERTEX_POINT('',#8588);
#8588 = CARTESIAN_POINT('',(15.32,-2.5,4.07));
#8589 = LINE('',#8590,#8591);
#8590 = CARTESIAN_POINT('',(15.535,-2.5,4.07));
#8591 = VECTOR('',#8592,1.);
#8592 = DIRECTION('',(1.,-1.224646799147E-16,0.));
#8593 = ORIENTED_EDGE('',*,*,#8594,.T.);
#8594 = EDGE_CURVE('',#8587,#8595,#8597,.T.);
#8595 = VERTEX_POINT('',#8596);
#8596 = CARTESIAN_POINT('',(15.32,-2.5,3.43));
#8597 = LINE('',#8598,#8599);
#8598 = CARTESIAN_POINT('',(15.32,-2.5,3.160228926622));
#8599 = VECTOR('',#8600,1.);
#8600 = DIRECTION('',(-1.359631073447E-32,-1.110223024625E-16,-1.));
#8601 = ORIENTED_EDGE('',*,*,#8602,.T.);
#8602 = EDGE_CURVE('',#8595,#8579,#8603,.T.);
#8603 = LINE('',#8604,#8605);
#8604 = CARTESIAN_POINT('',(15.535,-2.5,3.43));
#8605 = VECTOR('',#8606,1.);
#8606 = DIRECTION('',(-1.,1.224646799147E-16,0.));
#8607 = PLANE('',#8608);
#8608 = AXIS2_PLACEMENT_3D('',#8609,#8610,#8611);
#8609 = CARTESIAN_POINT('',(15.75,-2.5,4.25));
#8610 = DIRECTION('',(-1.224646799147E-16,-1.,1.110223024625E-16));
#8611 = DIRECTION('',(-1.359631073447E-32,-1.110223024625E-16,-1.));
#8612 = ADVANCED_FACE('',(#8613),#8624,.F.);
#8613 = FACE_BOUND('',#8614,.F.);
#8614 = EDGE_LOOP('',(#8615,#8616,#8617,#8623));
#8615 = ORIENTED_EDGE('',*,*,#8151,.T.);
#8616 = ORIENTED_EDGE('',*,*,#7419,.T.);
#8617 = ORIENTED_EDGE('',*,*,#8618,.F.);
#8618 = EDGE_CURVE('',#7486,#7420,#8619,.T.);
#8619 = LINE('',#8620,#8621);
#8620 = CARTESIAN_POINT('',(18.25,-2.5,4.25));
#8621 = VECTOR('',#8622,1.);
#8622 = DIRECTION('',(-1.,1.224646799147E-16,0.));
#8623 = ORIENTED_EDGE('',*,*,#7485,.F.);
#8624 = PLANE('',#8625);
#8625 = AXIS2_PLACEMENT_3D('',#8626,#8627,#8628);
#8626 = CARTESIAN_POINT('',(18.25,-3.2,6.1));
#8627 = DIRECTION('',(-1.14539532148E-16,-0.935286257456,-0.353892097416
    ));
#8628 = DIRECTION('',(4.33392824344E-17,0.353892097416,-0.935286257456)
  );
#8629 = ADVANCED_FACE('',(#8630,#8636),#8670,.F.);
#8630 = FACE_BOUND('',#8631,.F.);
#8631 = EDGE_LOOP('',(#8632,#8633,#8634,#8635));
#8632 = ORIENTED_EDGE('',*,*,#8618,.T.);
#8633 = ORIENTED_EDGE('',*,*,#7427,.T.);
#8634 = ORIENTED_EDGE('',*,*,#7451,.F.);
#8635 = ORIENTED_EDGE('',*,*,#7493,.F.);
#8636 = FACE_BOUND('',#8637,.F.);
#8637 = EDGE_LOOP('',(#8638,#8648,#8656,#8664));
#8638 = ORIENTED_EDGE('',*,*,#8639,.F.);
#8639 = EDGE_CURVE('',#8640,#8642,#8644,.T.);
#8640 = VERTEX_POINT('',#8641);
#8641 = CARTESIAN_POINT('',(17.18,-2.5,4.07));
#8642 = VERTEX_POINT('',#8643);
#8643 = CARTESIAN_POINT('',(17.18,-2.5,3.43));
#8644 = LINE('',#8645,#8646);
#8645 = CARTESIAN_POINT('',(17.18,-2.5,3.160228926622));
#8646 = VECTOR('',#8647,1.);
#8647 = DIRECTION('',(-1.359631073447E-32,-1.110223024625E-16,-1.));
#8648 = ORIENTED_EDGE('',*,*,#8649,.T.);
#8649 = EDGE_CURVE('',#8640,#8650,#8652,.T.);
#8650 = VERTEX_POINT('',#8651);
#8651 = CARTESIAN_POINT('',(17.82,-2.5,4.07));
#8652 = LINE('',#8653,#8654);
#8653 = CARTESIAN_POINT('',(18.035,-2.5,4.07));
#8654 = VECTOR('',#8655,1.);
#8655 = DIRECTION('',(1.,-1.224646799147E-16,0.));
#8656 = ORIENTED_EDGE('',*,*,#8657,.T.);
#8657 = EDGE_CURVE('',#8650,#8658,#8660,.T.);
#8658 = VERTEX_POINT('',#8659);
#8659 = CARTESIAN_POINT('',(17.82,-2.5,3.43));
#8660 = LINE('',#8661,#8662);
#8661 = CARTESIAN_POINT('',(17.82,-2.5,3.160228926622));
#8662 = VECTOR('',#8663,1.);
#8663 = DIRECTION('',(-1.359631073447E-32,-1.110223024625E-16,-1.));
#8664 = ORIENTED_EDGE('',*,*,#8665,.T.);
#8665 = EDGE_CURVE('',#8658,#8642,#8666,.T.);
#8666 = LINE('',#8667,#8668);
#8667 = CARTESIAN_POINT('',(18.035,-2.5,3.43));
#8668 = VECTOR('',#8669,1.);
#8669 = DIRECTION('',(-1.,1.224646799147E-16,0.));
#8670 = PLANE('',#8671);
#8671 = AXIS2_PLACEMENT_3D('',#8672,#8673,#8674);
#8672 = CARTESIAN_POINT('',(18.25,-2.5,4.25));
#8673 = DIRECTION('',(-1.224646799147E-16,-1.,1.110223024625E-16));
#8674 = DIRECTION('',(-1.359631073447E-32,-1.110223024625E-16,-1.));
#8675 = ADVANCED_FACE('',(#8676),#8687,.F.);
#8676 = FACE_BOUND('',#8677,.F.);
#8677 = EDGE_LOOP('',(#8678,#8679,#8680,#8686));
#8678 = ORIENTED_EDGE('',*,*,#8160,.T.);
#8679 = ORIENTED_EDGE('',*,*,#7547,.T.);
#8680 = ORIENTED_EDGE('',*,*,#8681,.F.);
#8681 = EDGE_CURVE('',#7614,#7548,#8682,.T.);
#8682 = LINE('',#8683,#8684);
#8683 = CARTESIAN_POINT('',(20.75,-2.5,4.25));
#8684 = VECTOR('',#8685,1.);
#8685 = DIRECTION('',(-1.,1.224646799147E-16,0.));
#8686 = ORIENTED_EDGE('',*,*,#7613,.F.);
#8687 = PLANE('',#8688);
#8688 = AXIS2_PLACEMENT_3D('',#8689,#8690,#8691);
#8689 = CARTESIAN_POINT('',(20.75,-3.2,6.1));
#8690 = DIRECTION('',(-1.14539532148E-16,-0.935286257456,-0.353892097416
    ));
#8691 = DIRECTION('',(4.33392824344E-17,0.353892097416,-0.935286257456)
  );
#8692 = ADVANCED_FACE('',(#8693,#8699),#8733,.F.);
#8693 = FACE_BOUND('',#8694,.F.);
#8694 = EDGE_LOOP('',(#8695,#8696,#8697,#8698));
#8695 = ORIENTED_EDGE('',*,*,#8681,.T.);
#8696 = ORIENTED_EDGE('',*,*,#7555,.T.);
#8697 = ORIENTED_EDGE('',*,*,#7579,.F.);
#8698 = ORIENTED_EDGE('',*,*,#7621,.F.);
#8699 = FACE_BOUND('',#8700,.F.);
#8700 = EDGE_LOOP('',(#8701,#8711,#8719,#8727));
#8701 = ORIENTED_EDGE('',*,*,#8702,.F.);
#8702 = EDGE_CURVE('',#8703,#8705,#8707,.T.);
#8703 = VERTEX_POINT('',#8704);
#8704 = CARTESIAN_POINT('',(19.68,-2.5,4.07));
#8705 = VERTEX_POINT('',#8706);
#8706 = CARTESIAN_POINT('',(19.68,-2.5,3.43));
#8707 = LINE('',#8708,#8709);
#8708 = CARTESIAN_POINT('',(19.68,-2.5,3.150038014559));
#8709 = VECTOR('',#8710,1.);
#8710 = DIRECTION('',(-1.359631073447E-32,-1.110223024625E-16,-1.));
#8711 = ORIENTED_EDGE('',*,*,#8712,.T.);
#8712 = EDGE_CURVE('',#8703,#8713,#8715,.T.);
#8713 = VERTEX_POINT('',#8714);
#8714 = CARTESIAN_POINT('',(20.32,-2.5,4.07));
#8715 = LINE('',#8716,#8717);
#8716 = CARTESIAN_POINT('',(20.535,-2.5,4.07));
#8717 = VECTOR('',#8718,1.);
#8718 = DIRECTION('',(1.,-1.224646799147E-16,0.));
#8719 = ORIENTED_EDGE('',*,*,#8720,.T.);
#8720 = EDGE_CURVE('',#8713,#8721,#8723,.T.);
#8721 = VERTEX_POINT('',#8722);
#8722 = CARTESIAN_POINT('',(20.32,-2.5,3.43));
#8723 = LINE('',#8724,#8725);
#8724 = CARTESIAN_POINT('',(20.32,-2.5,3.150038014559));
#8725 = VECTOR('',#8726,1.);
#8726 = DIRECTION('',(-1.359631073447E-32,-1.110223024625E-16,-1.));
#8727 = ORIENTED_EDGE('',*,*,#8728,.T.);
#8728 = EDGE_CURVE('',#8721,#8705,#8729,.T.);
#8729 = LINE('',#8730,#8731);
#8730 = CARTESIAN_POINT('',(20.535,-2.5,3.43));
#8731 = VECTOR('',#8732,1.);
#8732 = DIRECTION('',(-1.,1.224646799147E-16,0.));
#8733 = PLANE('',#8734);
#8734 = AXIS2_PLACEMENT_3D('',#8735,#8736,#8737);
#8735 = CARTESIAN_POINT('',(20.75,-2.5,4.25));
#8736 = DIRECTION('',(-1.224646799147E-16,-1.,1.110223024625E-16));
#8737 = DIRECTION('',(-1.359631073447E-32,-1.110223024625E-16,-1.));
#8738 = ADVANCED_FACE('',(#8739),#8757,.F.);
#8739 = FACE_BOUND('',#8740,.F.);
#8740 = EDGE_LOOP('',(#8741,#8742,#8743,#8751));
#8741 = ORIENTED_EDGE('',*,*,#7643,.T.);
#8742 = ORIENTED_EDGE('',*,*,#7684,.T.);
#8743 = ORIENTED_EDGE('',*,*,#8744,.F.);
#8744 = EDGE_CURVE('',#8745,#7685,#8747,.T.);
#8745 = VERTEX_POINT('',#8746);
#8746 = CARTESIAN_POINT('',(22.45,2.3,2.85));
#8747 = LINE('',#8748,#8749);
#8748 = CARTESIAN_POINT('',(22.45,2.3,2.85));
#8749 = VECTOR('',#8750,1.);
#8750 = DIRECTION('',(-1.,1.224646799147E-16,0.));
#8751 = ORIENTED_EDGE('',*,*,#8752,.F.);
#8752 = EDGE_CURVE('',#7644,#8745,#8753,.T.);
#8753 = LINE('',#8754,#8755);
#8754 = CARTESIAN_POINT('',(22.45,-2.2,5.35));
#8755 = VECTOR('',#8756,1.);
#8756 = DIRECTION('',(1.070533910153E-16,0.874157276121,-0.485642931179)
  );
#8757 = PLANE('',#8758);
#8758 = AXIS2_PLACEMENT_3D('',#8759,#8760,#8761);
#8759 = CARTESIAN_POINT('',(22.45,-2.2,5.35));
#8760 = DIRECTION('',(-5.947410611962E-17,-0.485642931179,
    -0.874157276121));
#8761 = DIRECTION('',(1.070533910153E-16,0.874157276121,-0.485642931179)
  );
#8762 = ADVANCED_FACE('',(#8763),#8822,.T.);
#8763 = FACE_BOUND('',#8764,.T.);
#8764 = EDGE_LOOP('',(#8765,#8766,#8774,#8780,#8781,#8782,#8783,#8791,
    #8799,#8808,#8816));
#8765 = ORIENTED_EDGE('',*,*,#7773,.F.);
#8766 = ORIENTED_EDGE('',*,*,#8767,.F.);
#8767 = EDGE_CURVE('',#8768,#7766,#8770,.T.);
#8768 = VERTEX_POINT('',#8769);
#8769 = CARTESIAN_POINT('',(22.45,2.3,0.));
#8770 = LINE('',#8771,#8772);
#8771 = CARTESIAN_POINT('',(22.45,2.3,0.));
#8772 = VECTOR('',#8773,1.);
#8773 = DIRECTION('',(-1.224646799147E-16,-1.,0.));
#8774 = ORIENTED_EDGE('',*,*,#8775,.F.);
#8775 = EDGE_CURVE('',#8745,#8768,#8776,.T.);
#8776 = LINE('',#8777,#8778);
#8777 = CARTESIAN_POINT('',(22.45,2.3,2.85));
#8778 = VECTOR('',#8779,1.);
#8779 = DIRECTION('',(-0.,0.,-1.));
#8780 = ORIENTED_EDGE('',*,*,#8752,.F.);
#8781 = ORIENTED_EDGE('',*,*,#7653,.T.);
#8782 = ORIENTED_EDGE('',*,*,#7941,.T.);
#8783 = ORIENTED_EDGE('',*,*,#8784,.F.);
#8784 = EDGE_CURVE('',#8785,#7942,#8787,.T.);
#8785 = VERTEX_POINT('',#8786);
#8786 = CARTESIAN_POINT('',(22.45,-9.2,5.25));
#8787 = LINE('',#8788,#8789);
#8788 = CARTESIAN_POINT('',(22.45,-9.2,0.35));
#8789 = VECTOR('',#8790,1.);
#8790 = DIRECTION('',(1.359631073447E-32,1.110223024625E-16,1.));
#8791 = ORIENTED_EDGE('',*,*,#8792,.T.);
#8792 = EDGE_CURVE('',#8785,#8793,#8795,.T.);
#8793 = VERTEX_POINT('',#8794);
#8794 = CARTESIAN_POINT('',(22.45,-6.35,5.25));
#8795 = LINE('',#8796,#8797);
#8796 = CARTESIAN_POINT('',(22.45,-9.2,5.25));
#8797 = VECTOR('',#8798,1.);
#8798 = DIRECTION('',(1.224646799147E-16,1.,-1.110223024625E-16));
#8799 = ORIENTED_EDGE('',*,*,#8800,.T.);
#8800 = EDGE_CURVE('',#8793,#8801,#8803,.T.);
#8801 = VERTEX_POINT('',#8802);
#8802 = CARTESIAN_POINT('',(22.45,-5.85,4.75));
#8803 = CIRCLE('',#8804,0.5);
#8804 = AXIS2_PLACEMENT_3D('',#8805,#8806,#8807);
#8805 = CARTESIAN_POINT('',(22.45,-6.35,4.75));
#8806 = DIRECTION('',(-1.,1.224646799147E-16,0.));
#8807 = DIRECTION('',(1.359631073446E-32,1.110223024625E-16,1.));
#8808 = ORIENTED_EDGE('',*,*,#8809,.T.);
#8809 = EDGE_CURVE('',#8801,#8810,#8812,.T.);
#8810 = VERTEX_POINT('',#8811);
#8811 = CARTESIAN_POINT('',(22.45,-5.85,4.25));
#8812 = LINE('',#8813,#8814);
#8813 = CARTESIAN_POINT('',(22.45,-5.85,4.75));
#8814 = VECTOR('',#8815,1.);
#8815 = DIRECTION('',(-1.359631073447E-32,-1.110223024625E-16,-1.));
#8816 = ORIENTED_EDGE('',*,*,#8817,.T.);
#8817 = EDGE_CURVE('',#8810,#7774,#8818,.T.);
#8818 = LINE('',#8819,#8820);
#8819 = CARTESIAN_POINT('',(22.45,-5.85,4.25));
#8820 = VECTOR('',#8821,1.);
#8821 = DIRECTION('',(-1.224646799147E-16,-1.,1.110223024625E-16));
#8822 = PLANE('',#8823);
#8823 = AXIS2_PLACEMENT_3D('',#8824,#8825,#8826);
#8824 = CARTESIAN_POINT('',(22.45,-4.427303270929,3.048284071859));
#8825 = DIRECTION('',(1.,-1.224646799147E-16,6.620219900325E-32));
#8826 = DIRECTION('',(6.620219900325E-32,-8.107431110585E-48,-1.));
#8827 = ADVANCED_FACE('',(#8828),#8839,.F.);
#8828 = FACE_BOUND('',#8829,.F.);
#8829 = EDGE_LOOP('',(#8830,#8831,#8832,#8838));
#8830 = ORIENTED_EDGE('',*,*,#8744,.T.);
#8831 = ORIENTED_EDGE('',*,*,#7692,.T.);
#8832 = ORIENTED_EDGE('',*,*,#8833,.F.);
#8833 = EDGE_CURVE('',#8768,#7693,#8834,.T.);
#8834 = LINE('',#8835,#8836);
#8835 = CARTESIAN_POINT('',(22.45,2.3,0.));
#8836 = VECTOR('',#8837,1.);
#8837 = DIRECTION('',(-1.,1.224646799147E-16,0.));
#8838 = ORIENTED_EDGE('',*,*,#8775,.F.);
#8839 = PLANE('',#8840);
#8840 = AXIS2_PLACEMENT_3D('',#8841,#8842,#8843);
#8841 = CARTESIAN_POINT('',(22.45,2.3,2.85));
#8842 = DIRECTION('',(-1.224646799147E-16,-1.,0.));
#8843 = DIRECTION('',(-0.,0.,-1.));
#8844 = ADVANCED_FACE('',(#8845),#8851,.F.);
#8845 = FACE_BOUND('',#8846,.F.);
#8846 = EDGE_LOOP('',(#8847,#8848,#8849,#8850));
#8847 = ORIENTED_EDGE('',*,*,#8833,.T.);
#8848 = ORIENTED_EDGE('',*,*,#7700,.T.);
#8849 = ORIENTED_EDGE('',*,*,#7765,.F.);
#8850 = ORIENTED_EDGE('',*,*,#8767,.F.);
#8851 = PLANE('',#8852);
#8852 = AXIS2_PLACEMENT_3D('',#8853,#8854,#8855);
#8853 = CARTESIAN_POINT('',(22.45,2.3,0.));
#8854 = DIRECTION('',(0.,0.,1.));
#8855 = DIRECTION('',(-1.224646799147E-16,-1.,0.));
#8856 = ADVANCED_FACE('',(#8857),#8882,.F.);
#8857 = FACE_BOUND('',#8858,.T.);
#8858 = EDGE_LOOP('',(#8859,#8867,#8868,#8876));
#8859 = ORIENTED_EDGE('',*,*,#8860,.F.);
#8860 = EDGE_CURVE('',#7724,#8861,#8863,.T.);
#8861 = VERTEX_POINT('',#8862);
#8862 = CARTESIAN_POINT('',(-1.6,-9.,4.25));
#8863 = LINE('',#8864,#8865);
#8864 = CARTESIAN_POINT('',(5.15,-2.25,4.25));
#8865 = VECTOR('',#8866,1.);
#8866 = DIRECTION('',(0.707106781187,0.707106781187,-7.850462293414E-17)
  );
#8867 = ORIENTED_EDGE('',*,*,#7723,.T.);
#8868 = ORIENTED_EDGE('',*,*,#8869,.T.);
#8869 = EDGE_CURVE('',#7726,#8870,#8872,.T.);
#8870 = VERTEX_POINT('',#8871);
#8871 = CARTESIAN_POINT('',(-1.6,-9.,1.1));
#8872 = LINE('',#8873,#8874);
#8873 = CARTESIAN_POINT('',(-1.141666666667,-8.541666666667,
    1.558333333333));
#8874 = VECTOR('',#8875,1.);
#8875 = DIRECTION('',(0.57735026919,0.57735026919,0.57735026919));
#8876 = ORIENTED_EDGE('',*,*,#8877,.F.);
#8877 = EDGE_CURVE('',#8861,#8870,#8878,.T.);
#8878 = LINE('',#8879,#8880);
#8879 = CARTESIAN_POINT('',(-1.6,-9.,4.25));
#8880 = VECTOR('',#8881,1.);
#8881 = DIRECTION('',(-1.359631073447E-32,-1.110223024625E-16,-1.));
#8882 = PLANE('',#8883);
#8883 = AXIS2_PLACEMENT_3D('',#8884,#8885,#8886);
#8884 = CARTESIAN_POINT('',(-1.7,-9.1,4.25));
#8885 = DIRECTION('',(-0.707106781187,0.707106781187,-7.850462293414E-17
    ));
#8886 = DIRECTION('',(2.682127077751E-29,1.110223024625E-16,1.));
#8887 = ADVANCED_FACE('',(#8888),#8907,.T.);
#8888 = FACE_BOUND('',#8889,.T.);
#8889 = EDGE_LOOP('',(#8890,#8898,#8904,#8905,#8906));
#8890 = ORIENTED_EDGE('',*,*,#8891,.T.);
#8891 = EDGE_CURVE('',#8861,#8892,#8894,.T.);
#8892 = VERTEX_POINT('',#8893);
#8893 = CARTESIAN_POINT('',(-1.6,-5.85,4.25));
#8894 = LINE('',#8895,#8896);
#8895 = CARTESIAN_POINT('',(-1.6,-7.525,4.25));
#8896 = VECTOR('',#8897,1.);
#8897 = DIRECTION('',(1.224646799147E-16,1.,-1.110223024625E-16));
#8898 = ORIENTED_EDGE('',*,*,#8899,.T.);
#8899 = EDGE_CURVE('',#8892,#7886,#8900,.T.);
#8900 = LINE('',#8901,#8902);
#8901 = CARTESIAN_POINT('',(22.45,-5.85,4.25));
#8902 = VECTOR('',#8903,1.);
#8903 = DIRECTION('',(-1.,1.224646799147E-16,0.));
#8904 = ORIENTED_EDGE('',*,*,#7885,.T.);
#8905 = ORIENTED_EDGE('',*,*,#7733,.F.);
#8906 = ORIENTED_EDGE('',*,*,#8860,.T.);
#8907 = PLANE('',#8908);
#8908 = AXIS2_PLACEMENT_3D('',#8909,#8910,#8911);
#8909 = CARTESIAN_POINT('',(22.45,-5.85,4.25));
#8910 = DIRECTION('',(1.359631073447E-32,1.110223024625E-16,1.));
#8911 = DIRECTION('',(-1.224646799147E-16,-1.,1.110223024625E-16));
#8912 = ADVANCED_FACE('',(#8913),#8924,.F.);
#8913 = FACE_BOUND('',#8914,.F.);
#8914 = EDGE_LOOP('',(#8915,#8921,#8922,#8923));
#8915 = ORIENTED_EDGE('',*,*,#8916,.T.);
#8916 = EDGE_CURVE('',#7821,#7871,#8917,.T.);
#8917 = LINE('',#8918,#8919);
#8918 = CARTESIAN_POINT('',(-1.95,2.3,0.));
#8919 = VECTOR('',#8920,1.);
#8920 = DIRECTION('',(-1.,1.224646799147E-16,0.));
#8921 = ORIENTED_EDGE('',*,*,#7878,.T.);
#8922 = ORIENTED_EDGE('',*,*,#7749,.F.);
#8923 = ORIENTED_EDGE('',*,*,#7828,.F.);
#8924 = PLANE('',#8925);
#8925 = AXIS2_PLACEMENT_3D('',#8926,#8927,#8928);
#8926 = CARTESIAN_POINT('',(-1.95,2.3,0.));
#8927 = DIRECTION('',(0.,0.,1.));
#8928 = DIRECTION('',(-1.224646799147E-16,-1.,0.));
#8929 = ADVANCED_FACE('',(#8930),#8956,.T.);
#8930 = FACE_BOUND('',#8931,.T.);
#8931 = EDGE_LOOP('',(#8932,#8933,#8934,#8942,#8950));
#8932 = ORIENTED_EDGE('',*,*,#7781,.F.);
#8933 = ORIENTED_EDGE('',*,*,#8817,.F.);
#8934 = ORIENTED_EDGE('',*,*,#8935,.T.);
#8935 = EDGE_CURVE('',#8810,#8936,#8938,.T.);
#8936 = VERTEX_POINT('',#8937);
#8937 = CARTESIAN_POINT('',(21.6,-5.85,4.25));
#8938 = LINE('',#8939,#8940);
#8939 = CARTESIAN_POINT('',(22.45,-5.85,4.25));
#8940 = VECTOR('',#8941,1.);
#8941 = DIRECTION('',(-1.,1.224646799147E-16,0.));
#8942 = ORIENTED_EDGE('',*,*,#8943,.T.);
#8943 = EDGE_CURVE('',#8936,#8944,#8946,.T.);
#8944 = VERTEX_POINT('',#8945);
#8945 = CARTESIAN_POINT('',(21.6,-9.,4.25));
#8946 = LINE('',#8947,#8948);
#8947 = CARTESIAN_POINT('',(21.6,-7.525,4.25));
#8948 = VECTOR('',#8949,1.);
#8949 = DIRECTION('',(-1.224646799147E-16,-1.,1.110223024625E-16));
#8950 = ORIENTED_EDGE('',*,*,#8951,.F.);
#8951 = EDGE_CURVE('',#7782,#8944,#8952,.T.);
#8952 = LINE('',#8953,#8954);
#8953 = CARTESIAN_POINT('',(21.075,-8.475,4.25));
#8954 = VECTOR('',#8955,1.);
#8955 = DIRECTION('',(-0.707106781187,0.707106781187,-7.850462293414E-17
    ));
#8956 = PLANE('',#8957);
#8957 = AXIS2_PLACEMENT_3D('',#8958,#8959,#8960);
#8958 = CARTESIAN_POINT('',(22.45,-5.85,4.25));
#8959 = DIRECTION('',(1.359631073447E-32,1.110223024625E-16,1.));
#8960 = DIRECTION('',(-1.224646799147E-16,-1.,1.110223024625E-16));
#8961 = ADVANCED_FACE('',(#8962),#8980,.F.);
#8962 = FACE_BOUND('',#8963,.T.);
#8963 = EDGE_LOOP('',(#8964,#8972,#8973,#8974));
#8964 = ORIENTED_EDGE('',*,*,#8965,.F.);
#8965 = EDGE_CURVE('',#7790,#8966,#8968,.T.);
#8966 = VERTEX_POINT('',#8967);
#8967 = CARTESIAN_POINT('',(21.6,-9.,1.1));
#8968 = LINE('',#8969,#8970);
#8969 = CARTESIAN_POINT('',(17.8,-5.2,4.9));
#8970 = VECTOR('',#8971,1.);
#8971 = DIRECTION('',(-0.57735026919,0.57735026919,0.57735026919));
#8972 = ORIENTED_EDGE('',*,*,#7789,.T.);
#8973 = ORIENTED_EDGE('',*,*,#8951,.T.);
#8974 = ORIENTED_EDGE('',*,*,#8975,.F.);
#8975 = EDGE_CURVE('',#8966,#8944,#8976,.T.);
#8976 = LINE('',#8977,#8978);
#8977 = CARTESIAN_POINT('',(21.6,-9.,1.1));
#8978 = VECTOR('',#8979,1.);
#8979 = DIRECTION('',(1.359631073447E-32,1.110223024625E-16,1.));
#8980 = PLANE('',#8981);
#8981 = AXIS2_PLACEMENT_3D('',#8982,#8983,#8984);
#8982 = CARTESIAN_POINT('',(21.7,-9.1,1.1));
#8983 = DIRECTION('',(0.707106781187,0.707106781187,-7.850462293414E-17)
  );
#8984 = DIRECTION('',(2.680278185005E-29,-1.110223024625E-16,-1.));
#8985 = ADVANCED_FACE('',(#8986),#8997,.F.);
#8986 = FACE_BOUND('',#8987,.T.);
#8987 = EDGE_LOOP('',(#8988,#8989,#8990,#8991));
#8988 = ORIENTED_EDGE('',*,*,#8869,.F.);
#8989 = ORIENTED_EDGE('',*,*,#7797,.T.);
#8990 = ORIENTED_EDGE('',*,*,#8965,.T.);
#8991 = ORIENTED_EDGE('',*,*,#8992,.F.);
#8992 = EDGE_CURVE('',#8870,#8966,#8993,.T.);
#8993 = LINE('',#8994,#8995);
#8994 = CARTESIAN_POINT('',(-1.6,-9.,1.1));
#8995 = VECTOR('',#8996,1.);
#8996 = DIRECTION('',(1.,-1.224646799147E-16,0.));
#8997 = PLANE('',#8998);
#8998 = AXIS2_PLACEMENT_3D('',#8999,#9000,#9001);
#8999 = CARTESIAN_POINT('',(-1.6,-9.1,1.));
#9000 = DIRECTION('',(8.659560562349E-17,0.707106781187,-0.707106781187)
  );
#9001 = DIRECTION('',(-1.,1.224646799147E-16,2.105272540809E-29));
#9002 = ADVANCED_FACE('',(#9003),#9009,.F.);
#9003 = FACE_BOUND('',#9004,.F.);
#9004 = EDGE_LOOP('',(#9005,#9006,#9007,#9008));
#9005 = ORIENTED_EDGE('',*,*,#7853,.T.);
#9006 = ORIENTED_EDGE('',*,*,#7870,.T.);
#9007 = ORIENTED_EDGE('',*,*,#8916,.F.);
#9008 = ORIENTED_EDGE('',*,*,#7820,.F.);
#9009 = PLANE('',#9010);
#9010 = AXIS2_PLACEMENT_3D('',#9011,#9012,#9013);
#9011 = CARTESIAN_POINT('',(-1.95,2.3,2.85));
#9012 = DIRECTION('',(-1.224646799147E-16,-1.,0.));
#9013 = DIRECTION('',(-0.,0.,-1.));
#9014 = ADVANCED_FACE('',(#9015),#9033,.T.);
#9015 = FACE_BOUND('',#9016,.T.);
#9016 = EDGE_LOOP('',(#9017,#9025,#9031,#9032));
#9017 = ORIENTED_EDGE('',*,*,#9018,.T.);
#9018 = EDGE_CURVE('',#8892,#9019,#9021,.T.);
#9019 = VERTEX_POINT('',#9020);
#9020 = CARTESIAN_POINT('',(-1.6,-5.85,4.75));
#9021 = LINE('',#9022,#9023);
#9022 = CARTESIAN_POINT('',(-1.6,-5.85,5.));
#9023 = VECTOR('',#9024,1.);
#9024 = DIRECTION('',(1.359631073447E-32,1.110223024625E-16,1.));
#9025 = ORIENTED_EDGE('',*,*,#9026,.T.);
#9026 = EDGE_CURVE('',#9019,#7894,#9027,.T.);
#9027 = LINE('',#9028,#9029);
#9028 = CARTESIAN_POINT('',(22.45,-5.85,4.75));
#9029 = VECTOR('',#9030,1.);
#9030 = DIRECTION('',(-1.,1.224646799147E-16,0.));
#9031 = ORIENTED_EDGE('',*,*,#7893,.T.);
#9032 = ORIENTED_EDGE('',*,*,#8899,.F.);
#9033 = PLANE('',#9034);
#9034 = AXIS2_PLACEMENT_3D('',#9035,#9036,#9037);
#9035 = CARTESIAN_POINT('',(22.45,-5.85,4.75));
#9036 = DIRECTION('',(-1.224646799147E-16,-1.,1.110223024625E-16));
#9037 = DIRECTION('',(-1.359631073447E-32,-1.110223024625E-16,-1.));
#9038 = ADVANCED_FACE('',(#9039),#9058,.F.);
#9039 = FACE_BOUND('',#9040,.F.);
#9040 = EDGE_LOOP('',(#9041,#9042,#9043,#9051));
#9041 = ORIENTED_EDGE('',*,*,#9026,.T.);
#9042 = ORIENTED_EDGE('',*,*,#7901,.T.);
#9043 = ORIENTED_EDGE('',*,*,#9044,.F.);
#9044 = EDGE_CURVE('',#9045,#7902,#9047,.T.);
#9045 = VERTEX_POINT('',#9046);
#9046 = CARTESIAN_POINT('',(-1.6,-6.35,5.25));
#9047 = LINE('',#9048,#9049);
#9048 = CARTESIAN_POINT('',(22.45,-6.35,5.25));
#9049 = VECTOR('',#9050,1.);
#9050 = DIRECTION('',(-1.,1.224646799147E-16,0.));
#9051 = ORIENTED_EDGE('',*,*,#9052,.F.);
#9052 = EDGE_CURVE('',#9019,#9045,#9053,.T.);
#9053 = CIRCLE('',#9054,0.5);
#9054 = AXIS2_PLACEMENT_3D('',#9055,#9056,#9057);
#9055 = CARTESIAN_POINT('',(-1.6,-6.35,4.75));
#9056 = DIRECTION('',(1.,-1.224646799147E-16,0.));
#9057 = DIRECTION('',(1.359631073446E-32,1.110223024625E-16,1.));
#9058 = CYLINDRICAL_SURFACE('',#9059,0.5);
#9059 = AXIS2_PLACEMENT_3D('',#9060,#9061,#9062);
#9060 = CARTESIAN_POINT('',(22.45,-6.35,4.75));
#9061 = DIRECTION('',(1.,-1.224646799147E-16,0.));
#9062 = DIRECTION('',(1.359631073446E-32,1.110223024625E-16,1.));
#9063 = ADVANCED_FACE('',(#9064),#9235,.T.);
#9064 = FACE_BOUND('',#9065,.T.);
#9065 = EDGE_LOOP('',(#9066,#9067,#9075,#9083,#9091,#9099,#9107,#9116,
    #9124,#9132,#9140,#9148,#9156,#9165,#9173,#9181,#9189,#9197,#9203,
    #9204,#9205,#9213,#9221,#9229));
#9066 = ORIENTED_EDGE('',*,*,#8792,.F.);
#9067 = ORIENTED_EDGE('',*,*,#9068,.T.);
#9068 = EDGE_CURVE('',#8785,#9069,#9071,.T.);
#9069 = VERTEX_POINT('',#9070);
#9070 = CARTESIAN_POINT('',(20.5,-9.2,5.25));
#9071 = LINE('',#9072,#9073);
#9072 = CARTESIAN_POINT('',(22.45,-9.2,5.25));
#9073 = VECTOR('',#9074,1.);
#9074 = DIRECTION('',(-1.,1.224646799147E-16,0.));
#9075 = ORIENTED_EDGE('',*,*,#9076,.T.);
#9076 = EDGE_CURVE('',#9069,#9077,#9079,.T.);
#9077 = VERTEX_POINT('',#9078);
#9078 = CARTESIAN_POINT('',(20.5,-8.3,5.25));
#9079 = LINE('',#9080,#9081);
#9080 = CARTESIAN_POINT('',(20.5,-7.495029118136,5.25));
#9081 = VECTOR('',#9082,1.);
#9082 = DIRECTION('',(1.224646799147E-16,1.,-2.542853231287E-17));
#9083 = ORIENTED_EDGE('',*,*,#9084,.T.);
#9084 = EDGE_CURVE('',#9077,#9085,#9087,.T.);
#9085 = VERTEX_POINT('',#9086);
#9086 = CARTESIAN_POINT('',(20.25,-8.05,5.25));
#9087 = LINE('',#9088,#9089);
#9088 = CARTESIAN_POINT('',(17.347514559068,-5.147514559068,5.25));
#9089 = VECTOR('',#9090,1.);
#9090 = DIRECTION('',(-0.707106781187,0.707106781187,-1.798068763404E-17
    ));
#9091 = ORIENTED_EDGE('',*,*,#9092,.T.);
#9092 = EDGE_CURVE('',#9085,#9093,#9095,.T.);
#9093 = VERTEX_POINT('',#9094);
#9094 = CARTESIAN_POINT('',(20.5,-7.8,5.25));
#9095 = LINE('',#9096,#9097);
#9096 = CARTESIAN_POINT('',(18.152485440932,-10.14751455906,5.25));
#9097 = VECTOR('',#9098,1.);
#9098 = DIRECTION('',(0.707106781187,0.707106781187,-1.798068763404E-17)
  );
#9099 = ORIENTED_EDGE('',*,*,#9100,.T.);
#9100 = EDGE_CURVE('',#9093,#9101,#9103,.T.);
#9101 = VERTEX_POINT('',#9102);
#9102 = CARTESIAN_POINT('',(20.5,-6.05,5.25));
#9103 = LINE('',#9104,#9105);
#9104 = CARTESIAN_POINT('',(20.5,-5.995029118136,5.25));
#9105 = VECTOR('',#9106,1.);
#9106 = DIRECTION('',(1.224646799147E-16,1.,-2.542853231287E-17));
#9107 = ORIENTED_EDGE('',*,*,#9108,.F.);
#9108 = EDGE_CURVE('',#9109,#9101,#9111,.T.);
#9109 = VERTEX_POINT('',#9110);
#9110 = CARTESIAN_POINT('',(19.75,-5.3,5.25));
#9111 = CIRCLE('',#9112,0.75);
#9112 = AXIS2_PLACEMENT_3D('',#9113,#9114,#9115);
#9113 = CARTESIAN_POINT('',(19.75,-6.05,5.25));
#9114 = DIRECTION('',(-1.359631073447E-32,-1.110223024625E-16,-1.));
#9115 = DIRECTION('',(1.224646799147E-16,1.,-1.110223024625E-16));
#9116 = ORIENTED_EDGE('',*,*,#9117,.T.);
#9117 = EDGE_CURVE('',#9109,#9118,#9120,.T.);
#9118 = VERTEX_POINT('',#9119);
#9119 = CARTESIAN_POINT('',(19.,-5.3,5.25));
#9120 = LINE('',#9121,#9122);
#9121 = CARTESIAN_POINT('',(14.5,-5.3,5.25));
#9122 = VECTOR('',#9123,1.);
#9123 = DIRECTION('',(-1.,1.224646799147E-16,7.293649776414E-33));
#9124 = ORIENTED_EDGE('',*,*,#9125,.T.);
#9125 = EDGE_CURVE('',#9118,#9126,#9128,.T.);
#9126 = VERTEX_POINT('',#9127);
#9127 = CARTESIAN_POINT('',(19.,-9.2,5.25));
#9128 = LINE('',#9129,#9130);
#9129 = CARTESIAN_POINT('',(19.,-7.945029118136,5.25));
#9130 = VECTOR('',#9131,1.);
#9131 = DIRECTION('',(-1.224646799147E-16,-1.,2.542853231287E-17));
#9132 = ORIENTED_EDGE('',*,*,#9133,.T.);
#9133 = EDGE_CURVE('',#9126,#9134,#9136,.T.);
#9134 = VERTEX_POINT('',#9135);
#9135 = CARTESIAN_POINT('',(1.,-9.2,5.25));
#9136 = LINE('',#9137,#9138);
#9137 = CARTESIAN_POINT('',(22.45,-9.2,5.25));
#9138 = VECTOR('',#9139,1.);
#9139 = DIRECTION('',(-1.,1.224646799147E-16,0.));
#9140 = ORIENTED_EDGE('',*,*,#9141,.F.);
#9141 = EDGE_CURVE('',#9142,#9134,#9144,.T.);
#9142 = VERTEX_POINT('',#9143);
#9143 = CARTESIAN_POINT('',(1.,-5.3,5.25));
#9144 = LINE('',#9145,#9146);
#9145 = CARTESIAN_POINT('',(1.,-7.945029118136,5.25));
#9146 = VECTOR('',#9147,1.);
#9147 = DIRECTION('',(-1.224646799147E-16,-1.,2.542853231287E-17));
#9148 = ORIENTED_EDGE('',*,*,#9149,.F.);
#9149 = EDGE_CURVE('',#9150,#9142,#9152,.T.);
#9150 = VERTEX_POINT('',#9151);
#9151 = CARTESIAN_POINT('',(0.25,-5.3,5.25));
#9152 = LINE('',#9153,#9154);
#9153 = CARTESIAN_POINT('',(5.5,-5.3,5.25));
#9154 = VECTOR('',#9155,1.);
#9155 = DIRECTION('',(1.,-1.224646799147E-16,-7.293649776414E-33));
#9156 = ORIENTED_EDGE('',*,*,#9157,.F.);
#9157 = EDGE_CURVE('',#9158,#9150,#9160,.T.);
#9158 = VERTEX_POINT('',#9159);
#9159 = CARTESIAN_POINT('',(-0.5,-6.05,5.25));
#9160 = CIRCLE('',#9161,0.75);
#9161 = AXIS2_PLACEMENT_3D('',#9162,#9163,#9164);
#9162 = CARTESIAN_POINT('',(0.25,-6.05,5.25));
#9163 = DIRECTION('',(-1.359631073447E-32,-1.110223024625E-16,-1.));
#9164 = DIRECTION('',(1.224646799147E-16,1.,-1.110223024625E-16));
#9165 = ORIENTED_EDGE('',*,*,#9166,.F.);
#9166 = EDGE_CURVE('',#9167,#9158,#9169,.T.);
#9167 = VERTEX_POINT('',#9168);
#9168 = CARTESIAN_POINT('',(-0.5,-7.8,5.25));
#9169 = LINE('',#9170,#9171);
#9170 = CARTESIAN_POINT('',(-0.5,-5.995029118136,5.25));
#9171 = VECTOR('',#9172,1.);
#9172 = DIRECTION('',(1.224646799147E-16,1.,-2.542853231287E-17));
#9173 = ORIENTED_EDGE('',*,*,#9174,.F.);
#9174 = EDGE_CURVE('',#9175,#9167,#9177,.T.);
#9175 = VERTEX_POINT('',#9176);
#9176 = CARTESIAN_POINT('',(-0.25,-8.05,5.25));
#9177 = LINE('',#9178,#9179);
#9178 = CARTESIAN_POINT('',(1.847514559068,-10.14751455906,5.25));
#9179 = VECTOR('',#9180,1.);
#9180 = DIRECTION('',(-0.707106781187,0.707106781187,-1.798068763404E-17
    ));
#9181 = ORIENTED_EDGE('',*,*,#9182,.F.);
#9182 = EDGE_CURVE('',#9183,#9175,#9185,.T.);
#9183 = VERTEX_POINT('',#9184);
#9184 = CARTESIAN_POINT('',(-0.5,-8.3,5.25));
#9185 = LINE('',#9186,#9187);
#9186 = CARTESIAN_POINT('',(2.652485440932,-5.147514559068,5.25));
#9187 = VECTOR('',#9188,1.);
#9188 = DIRECTION('',(0.707106781187,0.707106781187,-1.798068763404E-17)
  );
#9189 = ORIENTED_EDGE('',*,*,#9190,.F.);
#9190 = EDGE_CURVE('',#9191,#9183,#9193,.T.);
#9191 = VERTEX_POINT('',#9192);
#9192 = CARTESIAN_POINT('',(-0.5,-9.2,5.25));
#9193 = LINE('',#9194,#9195);
#9194 = CARTESIAN_POINT('',(-0.5,-7.495029118136,5.25));
#9195 = VECTOR('',#9196,1.);
#9196 = DIRECTION('',(1.224646799147E-16,1.,-2.542853231287E-17));
#9197 = ORIENTED_EDGE('',*,*,#9198,.T.);
#9198 = EDGE_CURVE('',#9191,#7911,#9199,.T.);
#9199 = LINE('',#9200,#9201);
#9200 = CARTESIAN_POINT('',(22.45,-9.2,5.25));
#9201 = VECTOR('',#9202,1.);
#9202 = DIRECTION('',(-1.,1.224646799147E-16,0.));
#9203 = ORIENTED_EDGE('',*,*,#7910,.T.);
#9204 = ORIENTED_EDGE('',*,*,#9044,.F.);
#9205 = ORIENTED_EDGE('',*,*,#9206,.T.);
#9206 = EDGE_CURVE('',#9045,#9207,#9209,.T.);
#9207 = VERTEX_POINT('',#9208);
#9208 = CARTESIAN_POINT('',(-1.6,-4.05,5.25));
#9209 = LINE('',#9210,#9211);
#9210 = CARTESIAN_POINT('',(-1.6,-9.2,5.25));
#9211 = VECTOR('',#9212,1.);
#9212 = DIRECTION('',(1.224646799147E-16,1.,-1.110223024625E-16));
#9213 = ORIENTED_EDGE('',*,*,#9214,.F.);
#9214 = EDGE_CURVE('',#9215,#9207,#9217,.T.);
#9215 = VERTEX_POINT('',#9216);
#9216 = CARTESIAN_POINT('',(21.6,-4.05,5.25));
#9217 = LINE('',#9218,#9219);
#9218 = CARTESIAN_POINT('',(21.6,-4.05,5.25));
#9219 = VECTOR('',#9220,1.);
#9220 = DIRECTION('',(-1.,1.224646799147E-16,0.));
#9221 = ORIENTED_EDGE('',*,*,#9222,.F.);
#9222 = EDGE_CURVE('',#9223,#9215,#9225,.T.);
#9223 = VERTEX_POINT('',#9224);
#9224 = CARTESIAN_POINT('',(21.6,-6.35,5.25));
#9225 = LINE('',#9226,#9227);
#9226 = CARTESIAN_POINT('',(21.6,-9.2,5.25));
#9227 = VECTOR('',#9228,1.);
#9228 = DIRECTION('',(1.224646799147E-16,1.,-1.110223024625E-16));
#9229 = ORIENTED_EDGE('',*,*,#9230,.F.);
#9230 = EDGE_CURVE('',#8793,#9223,#9231,.T.);
#9231 = LINE('',#9232,#9233);
#9232 = CARTESIAN_POINT('',(22.45,-6.35,5.25));
#9233 = VECTOR('',#9234,1.);
#9234 = DIRECTION('',(-1.,1.224646799147E-16,0.));
#9235 = PLANE('',#9236);
#9236 = AXIS2_PLACEMENT_3D('',#9237,#9238,#9239);
#9237 = CARTESIAN_POINT('',(10.,-6.690058236273,5.25));
#9238 = DIRECTION('',(-1.040774684681E-32,-2.542853231287E-17,-1.));
#9239 = DIRECTION('',(-1.224646799147E-16,-1.,2.542853231287E-17));
#9240 = ADVANCED_FACE('',(#9241),#9252,.T.);
#9241 = FACE_BOUND('',#9242,.T.);
#9242 = EDGE_LOOP('',(#9243,#9244,#9250,#9251));
#9243 = ORIENTED_EDGE('',*,*,#9198,.F.);
#9244 = ORIENTED_EDGE('',*,*,#9245,.F.);
#9245 = EDGE_CURVE('',#8072,#9191,#9246,.T.);
#9246 = LINE('',#9247,#9248);
#9247 = CARTESIAN_POINT('',(-0.5,-9.2,6.1));
#9248 = VECTOR('',#9249,1.);
#9249 = DIRECTION('',(-1.359631073447E-32,-1.110223024625E-16,-1.));
#9250 = ORIENTED_EDGE('',*,*,#8079,.T.);
#9251 = ORIENTED_EDGE('',*,*,#7918,.T.);
#9252 = PLANE('',#9253);
#9253 = AXIS2_PLACEMENT_3D('',#9254,#9255,#9256);
#9254 = CARTESIAN_POINT('',(10.,-9.2,3.225));
#9255 = DIRECTION('',(-1.224646799147E-16,-1.,1.110223024625E-16));
#9256 = DIRECTION('',(-1.,1.224646799147E-16,0.));
#9257 = ADVANCED_FACE('',(#9258),#9269,.F.);
#9258 = FACE_BOUND('',#9259,.F.);
#9259 = EDGE_LOOP('',(#9260,#9261,#9267,#9268));
#9260 = ORIENTED_EDGE('',*,*,#8071,.F.);
#9261 = ORIENTED_EDGE('',*,*,#9262,.T.);
#9262 = EDGE_CURVE('',#8064,#9183,#9263,.T.);
#9263 = LINE('',#9264,#9265);
#9264 = CARTESIAN_POINT('',(-0.5,-8.3,6.1));
#9265 = VECTOR('',#9266,1.);
#9266 = DIRECTION('',(-1.359631073447E-32,-1.110223024625E-16,-1.));
#9267 = ORIENTED_EDGE('',*,*,#9190,.F.);
#9268 = ORIENTED_EDGE('',*,*,#9245,.F.);
#9269 = PLANE('',#9270);
#9270 = AXIS2_PLACEMENT_3D('',#9271,#9272,#9273);
#9271 = CARTESIAN_POINT('',(-0.5,-8.3,6.1));
#9272 = DIRECTION('',(-1.,1.224646799147E-16,0.));
#9273 = DIRECTION('',(-1.224646799147E-16,-1.,1.110223024625E-16));
#9274 = ADVANCED_FACE('',(#9275),#9286,.F.);
#9275 = FACE_BOUND('',#9276,.F.);
#9276 = EDGE_LOOP('',(#9277,#9278,#9284,#9285));
#9277 = ORIENTED_EDGE('',*,*,#8063,.F.);
#9278 = ORIENTED_EDGE('',*,*,#9279,.T.);
#9279 = EDGE_CURVE('',#8056,#9175,#9280,.T.);
#9280 = LINE('',#9281,#9282);
#9281 = CARTESIAN_POINT('',(-0.25,-8.05,6.1));
#9282 = VECTOR('',#9283,1.);
#9283 = DIRECTION('',(-1.359631073447E-32,-1.110223024625E-16,-1.));
#9284 = ORIENTED_EDGE('',*,*,#9182,.F.);
#9285 = ORIENTED_EDGE('',*,*,#9262,.F.);
#9286 = PLANE('',#9287);
#9287 = AXIS2_PLACEMENT_3D('',#9288,#9289,#9290);
#9288 = CARTESIAN_POINT('',(-0.25,-8.05,6.1));
#9289 = DIRECTION('',(-0.707106781187,0.707106781187,-7.850462293414E-17
    ));
#9290 = DIRECTION('',(-0.707106781187,-0.707106781187,7.850462293414E-17
    ));
#9291 = ADVANCED_FACE('',(#9292),#9303,.F.);
#9292 = FACE_BOUND('',#9293,.F.);
#9293 = EDGE_LOOP('',(#9294,#9295,#9301,#9302));
#9294 = ORIENTED_EDGE('',*,*,#8055,.F.);
#9295 = ORIENTED_EDGE('',*,*,#9296,.T.);
#9296 = EDGE_CURVE('',#8048,#9167,#9297,.T.);
#9297 = LINE('',#9298,#9299);
#9298 = CARTESIAN_POINT('',(-0.5,-7.8,6.1));
#9299 = VECTOR('',#9300,1.);
#9300 = DIRECTION('',(-1.359631073447E-32,-1.110223024625E-16,-1.));
#9301 = ORIENTED_EDGE('',*,*,#9174,.F.);
#9302 = ORIENTED_EDGE('',*,*,#9279,.F.);
#9303 = PLANE('',#9304);
#9304 = AXIS2_PLACEMENT_3D('',#9305,#9306,#9307);
#9305 = CARTESIAN_POINT('',(-0.5,-7.8,6.1));
#9306 = DIRECTION('',(-0.707106781187,-0.707106781187,7.850462293414E-17
    ));
#9307 = DIRECTION('',(0.707106781187,-0.707106781187,7.850462293414E-17)
  );
#9308 = ADVANCED_FACE('',(#9309),#9320,.F.);
#9309 = FACE_BOUND('',#9310,.F.);
#9310 = EDGE_LOOP('',(#9311,#9312,#9318,#9319));
#9311 = ORIENTED_EDGE('',*,*,#8047,.F.);
#9312 = ORIENTED_EDGE('',*,*,#9313,.T.);
#9313 = EDGE_CURVE('',#8039,#9158,#9314,.T.);
#9314 = LINE('',#9315,#9316);
#9315 = CARTESIAN_POINT('',(-0.5,-6.05,6.1));
#9316 = VECTOR('',#9317,1.);
#9317 = DIRECTION('',(-1.359631073447E-32,-1.110223024625E-16,-1.));
#9318 = ORIENTED_EDGE('',*,*,#9166,.F.);
#9319 = ORIENTED_EDGE('',*,*,#9296,.F.);
#9320 = PLANE('',#9321);
#9321 = AXIS2_PLACEMENT_3D('',#9322,#9323,#9324);
#9322 = CARTESIAN_POINT('',(-0.5,-5.3,6.1));
#9323 = DIRECTION('',(-1.,1.224646799147E-16,0.));
#9324 = DIRECTION('',(-1.224646799147E-16,-1.,1.110223024625E-16));
#9325 = ADVANCED_FACE('',(#9326),#9337,.F.);
#9326 = FACE_BOUND('',#9327,.F.);
#9327 = EDGE_LOOP('',(#9328,#9329,#9330,#9331));
#9328 = ORIENTED_EDGE('',*,*,#9157,.F.);
#9329 = ORIENTED_EDGE('',*,*,#9313,.F.);
#9330 = ORIENTED_EDGE('',*,*,#8038,.F.);
#9331 = ORIENTED_EDGE('',*,*,#9332,.T.);
#9332 = EDGE_CURVE('',#8031,#9150,#9333,.T.);
#9333 = LINE('',#9334,#9335);
#9334 = CARTESIAN_POINT('',(0.25,-5.3,6.1));
#9335 = VECTOR('',#9336,1.);
#9336 = DIRECTION('',(-1.359631073447E-32,-1.110223024625E-16,-1.));
#9337 = CYLINDRICAL_SURFACE('',#9338,0.75);
#9338 = AXIS2_PLACEMENT_3D('',#9339,#9340,#9341);
#9339 = CARTESIAN_POINT('',(0.25,-6.05,6.1));
#9340 = DIRECTION('',(-1.359631073447E-32,-1.110223024625E-16,-1.));
#9341 = DIRECTION('',(1.224646799147E-16,1.,-1.110223024625E-16));
#9342 = ADVANCED_FACE('',(#9343),#9354,.F.);
#9343 = FACE_BOUND('',#9344,.F.);
#9344 = EDGE_LOOP('',(#9345,#9346,#9347,#9353));
#9345 = ORIENTED_EDGE('',*,*,#9332,.F.);
#9346 = ORIENTED_EDGE('',*,*,#8030,.F.);
#9347 = ORIENTED_EDGE('',*,*,#9348,.T.);
#9348 = EDGE_CURVE('',#8023,#9142,#9349,.T.);
#9349 = LINE('',#9350,#9351);
#9350 = CARTESIAN_POINT('',(1.,-5.3,6.1));
#9351 = VECTOR('',#9352,1.);
#9352 = DIRECTION('',(-1.359631073447E-32,-1.110223024625E-16,-1.));
#9353 = ORIENTED_EDGE('',*,*,#9149,.F.);
#9354 = PLANE('',#9355);
#9355 = AXIS2_PLACEMENT_3D('',#9356,#9357,#9358);
#9356 = CARTESIAN_POINT('',(1.,-5.3,6.1));
#9357 = DIRECTION('',(1.224646799147E-16,1.,-1.110223024625E-16));
#9358 = DIRECTION('',(-1.,1.224646799147E-16,0.));
#9359 = ADVANCED_FACE('',(#9360),#9371,.F.);
#9360 = FACE_BOUND('',#9361,.F.);
#9361 = EDGE_LOOP('',(#9362,#9363,#9369,#9370));
#9362 = ORIENTED_EDGE('',*,*,#8022,.F.);
#9363 = ORIENTED_EDGE('',*,*,#9364,.T.);
#9364 = EDGE_CURVE('',#8015,#9134,#9365,.T.);
#9365 = LINE('',#9366,#9367);
#9366 = CARTESIAN_POINT('',(1.,-9.2,6.1));
#9367 = VECTOR('',#9368,1.);
#9368 = DIRECTION('',(-1.359631073447E-32,-1.110223024625E-16,-1.));
#9369 = ORIENTED_EDGE('',*,*,#9141,.F.);
#9370 = ORIENTED_EDGE('',*,*,#9348,.F.);
#9371 = PLANE('',#9372);
#9372 = AXIS2_PLACEMENT_3D('',#9373,#9374,#9375);
#9373 = CARTESIAN_POINT('',(1.,-9.2,6.1));
#9374 = DIRECTION('',(1.,-1.224646799147E-16,-0.));
#9375 = DIRECTION('',(1.224646799147E-16,1.,-1.110223024625E-16));
#9376 = ADVANCED_FACE('',(#9377),#9388,.T.);
#9377 = FACE_BOUND('',#9378,.T.);
#9378 = EDGE_LOOP('',(#9379,#9380,#9386,#9387));
#9379 = ORIENTED_EDGE('',*,*,#9133,.F.);
#9380 = ORIENTED_EDGE('',*,*,#9381,.F.);
#9381 = EDGE_CURVE('',#8007,#9126,#9382,.T.);
#9382 = LINE('',#9383,#9384);
#9383 = CARTESIAN_POINT('',(19.,-9.2,6.1));
#9384 = VECTOR('',#9385,1.);
#9385 = DIRECTION('',(-1.359631073447E-32,-1.110223024625E-16,-1.));
#9386 = ORIENTED_EDGE('',*,*,#8014,.T.);
#9387 = ORIENTED_EDGE('',*,*,#9364,.T.);
#9388 = PLANE('',#9389);
#9389 = AXIS2_PLACEMENT_3D('',#9390,#9391,#9392);
#9390 = CARTESIAN_POINT('',(10.,-9.2,3.225));
#9391 = DIRECTION('',(-1.224646799147E-16,-1.,1.110223024625E-16));
#9392 = DIRECTION('',(-1.,1.224646799147E-16,0.));
#9393 = ADVANCED_FACE('',(#9394),#9405,.T.);
#9394 = FACE_BOUND('',#9395,.T.);
#9395 = EDGE_LOOP('',(#9396,#9397,#9398,#9399));
#9396 = ORIENTED_EDGE('',*,*,#8006,.F.);
#9397 = ORIENTED_EDGE('',*,*,#9381,.T.);
#9398 = ORIENTED_EDGE('',*,*,#9125,.F.);
#9399 = ORIENTED_EDGE('',*,*,#9400,.F.);
#9400 = EDGE_CURVE('',#7999,#9118,#9401,.T.);
#9401 = LINE('',#9402,#9403);
#9402 = CARTESIAN_POINT('',(19.,-5.3,6.1));
#9403 = VECTOR('',#9404,1.);
#9404 = DIRECTION('',(-1.359631073447E-32,-1.110223024625E-16,-1.));
#9405 = PLANE('',#9406);
#9406 = AXIS2_PLACEMENT_3D('',#9407,#9408,#9409);
#9407 = CARTESIAN_POINT('',(19.,-9.2,6.1));
#9408 = DIRECTION('',(1.,-1.224646799147E-16,-0.));
#9409 = DIRECTION('',(1.224646799147E-16,1.,-1.110223024625E-16));
#9410 = ADVANCED_FACE('',(#9411),#9422,.T.);
#9411 = FACE_BOUND('',#9412,.T.);
#9412 = EDGE_LOOP('',(#9413,#9419,#9420,#9421));
#9413 = ORIENTED_EDGE('',*,*,#9414,.F.);
#9414 = EDGE_CURVE('',#7990,#9109,#9415,.T.);
#9415 = LINE('',#9416,#9417);
#9416 = CARTESIAN_POINT('',(19.75,-5.3,6.1));
#9417 = VECTOR('',#9418,1.);
#9418 = DIRECTION('',(-1.359631073447E-32,-1.110223024625E-16,-1.));
#9419 = ORIENTED_EDGE('',*,*,#7998,.F.);
#9420 = ORIENTED_EDGE('',*,*,#9400,.T.);
#9421 = ORIENTED_EDGE('',*,*,#9117,.F.);
#9422 = PLANE('',#9423);
#9423 = AXIS2_PLACEMENT_3D('',#9424,#9425,#9426);
#9424 = CARTESIAN_POINT('',(19.,-5.3,6.1));
#9425 = DIRECTION('',(-1.224646799147E-16,-1.,1.110223024625E-16));
#9426 = DIRECTION('',(1.,-1.224646799147E-16,0.));
#9427 = ADVANCED_FACE('',(#9428),#9439,.F.);
#9428 = FACE_BOUND('',#9429,.F.);
#9429 = EDGE_LOOP('',(#9430,#9431,#9432,#9438));
#9430 = ORIENTED_EDGE('',*,*,#9414,.F.);
#9431 = ORIENTED_EDGE('',*,*,#7989,.T.);
#9432 = ORIENTED_EDGE('',*,*,#9433,.T.);
#9433 = EDGE_CURVE('',#7982,#9101,#9434,.T.);
#9434 = LINE('',#9435,#9436);
#9435 = CARTESIAN_POINT('',(20.5,-6.05,6.1));
#9436 = VECTOR('',#9437,1.);
#9437 = DIRECTION('',(-1.359631073447E-32,-1.110223024625E-16,-1.));
#9438 = ORIENTED_EDGE('',*,*,#9108,.F.);
#9439 = CYLINDRICAL_SURFACE('',#9440,0.75);
#9440 = AXIS2_PLACEMENT_3D('',#9441,#9442,#9443);
#9441 = CARTESIAN_POINT('',(19.75,-6.05,6.1));
#9442 = DIRECTION('',(-1.359631073447E-32,-1.110223024625E-16,-1.));
#9443 = DIRECTION('',(1.224646799147E-16,1.,-1.110223024625E-16));
#9444 = ADVANCED_FACE('',(#9445),#9456,.T.);
#9445 = FACE_BOUND('',#9446,.T.);
#9446 = EDGE_LOOP('',(#9447,#9448,#9449,#9450));
#9447 = ORIENTED_EDGE('',*,*,#7981,.F.);
#9448 = ORIENTED_EDGE('',*,*,#9433,.T.);
#9449 = ORIENTED_EDGE('',*,*,#9100,.F.);
#9450 = ORIENTED_EDGE('',*,*,#9451,.F.);
#9451 = EDGE_CURVE('',#7974,#9093,#9452,.T.);
#9452 = LINE('',#9453,#9454);
#9453 = CARTESIAN_POINT('',(20.5,-7.8,6.1));
#9454 = VECTOR('',#9455,1.);
#9455 = DIRECTION('',(-1.359631073447E-32,-1.110223024625E-16,-1.));
#9456 = PLANE('',#9457);
#9457 = AXIS2_PLACEMENT_3D('',#9458,#9459,#9460);
#9458 = CARTESIAN_POINT('',(20.5,-5.3,6.1));
#9459 = DIRECTION('',(-1.,1.224646799147E-16,0.));
#9460 = DIRECTION('',(-1.224646799147E-16,-1.,1.110223024625E-16));
#9461 = ADVANCED_FACE('',(#9462),#9473,.T.);
#9462 = FACE_BOUND('',#9463,.T.);
#9463 = EDGE_LOOP('',(#9464,#9465,#9466,#9467));
#9464 = ORIENTED_EDGE('',*,*,#7973,.F.);
#9465 = ORIENTED_EDGE('',*,*,#9451,.T.);
#9466 = ORIENTED_EDGE('',*,*,#9092,.F.);
#9467 = ORIENTED_EDGE('',*,*,#9468,.F.);
#9468 = EDGE_CURVE('',#7966,#9085,#9469,.T.);
#9469 = LINE('',#9470,#9471);
#9470 = CARTESIAN_POINT('',(20.25,-8.05,6.1));
#9471 = VECTOR('',#9472,1.);
#9472 = DIRECTION('',(-1.359631073447E-32,-1.110223024625E-16,-1.));
#9473 = PLANE('',#9474);
#9474 = AXIS2_PLACEMENT_3D('',#9475,#9476,#9477);
#9475 = CARTESIAN_POINT('',(20.5,-7.8,6.1));
#9476 = DIRECTION('',(-0.707106781187,0.707106781187,-7.850462293414E-17
    ));
#9477 = DIRECTION('',(-0.707106781187,-0.707106781187,7.850462293414E-17
    ));
#9478 = ADVANCED_FACE('',(#9479),#9490,.T.);
#9479 = FACE_BOUND('',#9480,.T.);
#9480 = EDGE_LOOP('',(#9481,#9482,#9483,#9484));
#9481 = ORIENTED_EDGE('',*,*,#7965,.F.);
#9482 = ORIENTED_EDGE('',*,*,#9468,.T.);
#9483 = ORIENTED_EDGE('',*,*,#9084,.F.);
#9484 = ORIENTED_EDGE('',*,*,#9485,.F.);
#9485 = EDGE_CURVE('',#7958,#9077,#9486,.T.);
#9486 = LINE('',#9487,#9488);
#9487 = CARTESIAN_POINT('',(20.5,-8.3,6.1));
#9488 = VECTOR('',#9489,1.);
#9489 = DIRECTION('',(-1.359631073447E-32,-1.110223024625E-16,-1.));
#9490 = PLANE('',#9491);
#9491 = AXIS2_PLACEMENT_3D('',#9492,#9493,#9494);
#9492 = CARTESIAN_POINT('',(20.25,-8.05,6.1));
#9493 = DIRECTION('',(-0.707106781187,-0.707106781187,7.850462293414E-17
    ));
#9494 = DIRECTION('',(0.707106781187,-0.707106781187,7.850462293414E-17)
  );
#9495 = ADVANCED_FACE('',(#9496),#9507,.T.);
#9496 = FACE_BOUND('',#9497,.T.);
#9497 = EDGE_LOOP('',(#9498,#9499,#9500,#9501));
#9498 = ORIENTED_EDGE('',*,*,#7957,.F.);
#9499 = ORIENTED_EDGE('',*,*,#9485,.T.);
#9500 = ORIENTED_EDGE('',*,*,#9076,.F.);
#9501 = ORIENTED_EDGE('',*,*,#9502,.F.);
#9502 = EDGE_CURVE('',#7950,#9069,#9503,.T.);
#9503 = LINE('',#9504,#9505);
#9504 = CARTESIAN_POINT('',(20.5,-9.2,6.1));
#9505 = VECTOR('',#9506,1.);
#9506 = DIRECTION('',(-1.359631073447E-32,-1.110223024625E-16,-1.));
#9507 = PLANE('',#9508);
#9508 = AXIS2_PLACEMENT_3D('',#9509,#9510,#9511);
#9509 = CARTESIAN_POINT('',(20.5,-8.3,6.1));
#9510 = DIRECTION('',(-1.,1.224646799147E-16,0.));
#9511 = DIRECTION('',(-1.224646799147E-16,-1.,1.110223024625E-16));
#9512 = ADVANCED_FACE('',(#9513),#9519,.T.);
#9513 = FACE_BOUND('',#9514,.T.);
#9514 = EDGE_LOOP('',(#9515,#9516,#9517,#9518));
#9515 = ORIENTED_EDGE('',*,*,#9068,.F.);
#9516 = ORIENTED_EDGE('',*,*,#8784,.T.);
#9517 = ORIENTED_EDGE('',*,*,#7949,.T.);
#9518 = ORIENTED_EDGE('',*,*,#9502,.T.);
#9519 = PLANE('',#9520);
#9520 = AXIS2_PLACEMENT_3D('',#9521,#9522,#9523);
#9521 = CARTESIAN_POINT('',(10.,-9.2,3.225));
#9522 = DIRECTION('',(-1.224646799147E-16,-1.,1.110223024625E-16));
#9523 = DIRECTION('',(-1.,1.224646799147E-16,0.));
#9524 = ADVANCED_FACE('',(#9525),#9616,.T.);
#9525 = FACE_BOUND('',#9526,.T.);
#9526 = EDGE_LOOP('',(#9527,#9528,#9536,#9545,#9553,#9561,#9569,#9577,
    #9585,#9593,#9601,#9610));
#9527 = ORIENTED_EDGE('',*,*,#8198,.F.);
#9528 = ORIENTED_EDGE('',*,*,#9529,.T.);
#9529 = EDGE_CURVE('',#8199,#9530,#9532,.T.);
#9530 = VERTEX_POINT('',#9531);
#9531 = CARTESIAN_POINT('',(-0.32,-0.37,4.07));
#9532 = LINE('',#9533,#9534);
#9533 = CARTESIAN_POINT('',(-0.32,-8.7,4.07));
#9534 = VECTOR('',#9535,1.);
#9535 = DIRECTION('',(1.224646799147E-16,1.,0.));
#9536 = ORIENTED_EDGE('',*,*,#9537,.T.);
#9537 = EDGE_CURVE('',#9530,#9538,#9540,.T.);
#9538 = VERTEX_POINT('',#9539);
#9539 = CARTESIAN_POINT('',(-0.32,0.32,3.38));
#9540 = CIRCLE('',#9541,0.69);
#9541 = AXIS2_PLACEMENT_3D('',#9542,#9543,#9544);
#9542 = CARTESIAN_POINT('',(-0.32,-0.37,3.38));
#9543 = DIRECTION('',(-1.,1.224646799147E-16,0.));
#9544 = DIRECTION('',(0.,0.,1.));
#9545 = ORIENTED_EDGE('',*,*,#9546,.T.);
#9546 = EDGE_CURVE('',#9538,#9547,#9549,.T.);
#9547 = VERTEX_POINT('',#9548);
#9548 = CARTESIAN_POINT('',(-0.32,0.32,-0.9));
#9549 = LINE('',#9550,#9551);
#9550 = CARTESIAN_POINT('',(-0.32,0.32,4.07));
#9551 = VECTOR('',#9552,1.);
#9552 = DIRECTION('',(-0.,0.,-1.));
#9553 = ORIENTED_EDGE('',*,*,#9554,.T.);
#9554 = EDGE_CURVE('',#9547,#9555,#9557,.T.);
#9555 = VERTEX_POINT('',#9556);
#9556 = CARTESIAN_POINT('',(-0.32,2.E-02,-1.5));
#9557 = LINE('',#9558,#9559);
#9558 = CARTESIAN_POINT('',(-0.32,0.32,-0.9));
#9559 = VECTOR('',#9560,1.);
#9560 = DIRECTION('',(-5.476786982641E-17,-0.4472135955,-0.894427191));
#9561 = ORIENTED_EDGE('',*,*,#9562,.T.);
#9562 = EDGE_CURVE('',#9555,#9563,#9565,.T.);
#9563 = VERTEX_POINT('',#9564);
#9564 = CARTESIAN_POINT('',(-0.32,0.288421052632,-3.2));
#9565 = LINE('',#9566,#9567);
#9566 = CARTESIAN_POINT('',(-0.32,2.E-02,-1.5));
#9567 = VECTOR('',#9568,1.);
#9568 = DIRECTION('',(1.909990663905E-17,0.155962573473,-0.987762965329)
  );
#9569 = ORIENTED_EDGE('',*,*,#9570,.T.);
#9570 = EDGE_CURVE('',#9563,#9571,#9573,.T.);
#9571 = VERTEX_POINT('',#9572);
#9572 = CARTESIAN_POINT('',(-0.32,-0.351578947368,-3.2));
#9573 = LINE('',#9574,#9575);
#9574 = CARTESIAN_POINT('',(-0.32,0.32,-3.2));
#9575 = VECTOR('',#9576,1.);
#9576 = DIRECTION('',(-1.224646799147E-16,-1.,0.));
#9577 = ORIENTED_EDGE('',*,*,#9578,.T.);
#9578 = EDGE_CURVE('',#9571,#9579,#9581,.T.);
#9579 = VERTEX_POINT('',#9580);
#9580 = CARTESIAN_POINT('',(-0.32,-0.62,-1.5));
#9581 = LINE('',#9582,#9583);
#9582 = CARTESIAN_POINT('',(-0.32,-0.32,-3.4));
#9583 = VECTOR('',#9584,1.);
#9584 = DIRECTION('',(-1.909990663905E-17,-0.155962573473,0.987762965329
    ));
#9585 = ORIENTED_EDGE('',*,*,#9586,.T.);
#9586 = EDGE_CURVE('',#9579,#9587,#9589,.T.);
#9587 = VERTEX_POINT('',#9588);
#9588 = CARTESIAN_POINT('',(-0.32,-0.32,-0.9));
#9589 = LINE('',#9590,#9591);
#9590 = CARTESIAN_POINT('',(-0.32,-0.62,-1.5));
#9591 = VECTOR('',#9592,1.);
#9592 = DIRECTION('',(5.476786982641E-17,0.4472135955,0.894427191));
#9593 = ORIENTED_EDGE('',*,*,#9594,.T.);
#9594 = EDGE_CURVE('',#9587,#9595,#9597,.T.);
#9595 = VERTEX_POINT('',#9596);
#9596 = CARTESIAN_POINT('',(-0.32,-0.32,3.38));
#9597 = LINE('',#9598,#9599);
#9598 = CARTESIAN_POINT('',(-0.32,-0.32,-0.9));
#9599 = VECTOR('',#9600,1.);
#9600 = DIRECTION('',(0.,0.,1.));
#9601 = ORIENTED_EDGE('',*,*,#9602,.F.);
#9602 = EDGE_CURVE('',#9603,#9595,#9605,.T.);
#9603 = VERTEX_POINT('',#9604);
#9604 = CARTESIAN_POINT('',(-0.32,-0.37,3.43));
#9605 = CIRCLE('',#9606,5.E-02);
#9606 = AXIS2_PLACEMENT_3D('',#9607,#9608,#9609);
#9607 = CARTESIAN_POINT('',(-0.32,-0.37,3.38));
#9608 = DIRECTION('',(-1.,1.224646799147E-16,0.));
#9609 = DIRECTION('',(0.,0.,1.));
#9610 = ORIENTED_EDGE('',*,*,#9611,.T.);
#9611 = EDGE_CURVE('',#9603,#8201,#9612,.T.);
#9612 = LINE('',#9613,#9614);
#9613 = CARTESIAN_POINT('',(-0.32,-0.32,3.43));
#9614 = VECTOR('',#9615,1.);
#9615 = DIRECTION('',(-1.224646799147E-16,-1.,0.));
#9616 = PLANE('',#9617);
#9617 = AXIS2_PLACEMENT_3D('',#9618,#9619,#9620);
#9618 = CARTESIAN_POINT('',(-0.32,-2.46404183087,2.050076029119));
#9619 = DIRECTION('',(-1.,1.224646799147E-16,0.));
#9620 = DIRECTION('',(0.,0.,1.));
#9621 = ADVANCED_FACE('',(#9622),#9640,.F.);
#9622 = FACE_BOUND('',#9623,.F.);
#9623 = EDGE_LOOP('',(#9624,#9632,#9638,#9639));
#9624 = ORIENTED_EDGE('',*,*,#9625,.F.);
#9625 = EDGE_CURVE('',#9626,#8217,#9628,.T.);
#9626 = VERTEX_POINT('',#9627);
#9627 = CARTESIAN_POINT('',(0.32,-0.37,3.43));
#9628 = LINE('',#9629,#9630);
#9629 = CARTESIAN_POINT('',(0.32,-0.32,3.43));
#9630 = VECTOR('',#9631,1.);
#9631 = DIRECTION('',(-1.224646799147E-16,-1.,0.));
#9632 = ORIENTED_EDGE('',*,*,#9633,.T.);
#9633 = EDGE_CURVE('',#9626,#9603,#9634,.T.);
#9634 = LINE('',#9635,#9636);
#9635 = CARTESIAN_POINT('',(0.32,-0.37,3.43));
#9636 = VECTOR('',#9637,1.);
#9637 = DIRECTION('',(-1.,1.224646799147E-16,0.));
#9638 = ORIENTED_EDGE('',*,*,#9611,.T.);
#9639 = ORIENTED_EDGE('',*,*,#8224,.F.);
#9640 = PLANE('',#9641);
#9641 = AXIS2_PLACEMENT_3D('',#9642,#9643,#9644);
#9642 = CARTESIAN_POINT('',(0.32,-0.32,3.43));
#9643 = DIRECTION('',(0.,0.,1.));
#9644 = DIRECTION('',(-1.224646799147E-16,-1.,0.));
#9645 = ADVANCED_FACE('',(#9646),#9730,.F.);
#9646 = FACE_BOUND('',#9647,.F.);
#9647 = EDGE_LOOP('',(#9648,#9649,#9657,#9666,#9674,#9682,#9690,#9698,
    #9706,#9714,#9722,#9729));
#9648 = ORIENTED_EDGE('',*,*,#8216,.F.);
#9649 = ORIENTED_EDGE('',*,*,#9650,.T.);
#9650 = EDGE_CURVE('',#8209,#9651,#9653,.T.);
#9651 = VERTEX_POINT('',#9652);
#9652 = CARTESIAN_POINT('',(0.32,-0.37,4.07));
#9653 = LINE('',#9654,#9655);
#9654 = CARTESIAN_POINT('',(0.32,-8.7,4.07));
#9655 = VECTOR('',#9656,1.);
#9656 = DIRECTION('',(1.224646799147E-16,1.,0.));
#9657 = ORIENTED_EDGE('',*,*,#9658,.T.);
#9658 = EDGE_CURVE('',#9651,#9659,#9661,.T.);
#9659 = VERTEX_POINT('',#9660);
#9660 = CARTESIAN_POINT('',(0.32,0.32,3.38));
#9661 = CIRCLE('',#9662,0.69);
#9662 = AXIS2_PLACEMENT_3D('',#9663,#9664,#9665);
#9663 = CARTESIAN_POINT('',(0.32,-0.37,3.38));
#9664 = DIRECTION('',(-1.,1.224646799147E-16,0.));
#9665 = DIRECTION('',(0.,0.,1.));
#9666 = ORIENTED_EDGE('',*,*,#9667,.T.);
#9667 = EDGE_CURVE('',#9659,#9668,#9670,.T.);
#9668 = VERTEX_POINT('',#9669);
#9669 = CARTESIAN_POINT('',(0.32,0.32,-0.9));
#9670 = LINE('',#9671,#9672);
#9671 = CARTESIAN_POINT('',(0.32,0.32,4.07));
#9672 = VECTOR('',#9673,1.);
#9673 = DIRECTION('',(-0.,0.,-1.));
#9674 = ORIENTED_EDGE('',*,*,#9675,.T.);
#9675 = EDGE_CURVE('',#9668,#9676,#9678,.T.);
#9676 = VERTEX_POINT('',#9677);
#9677 = CARTESIAN_POINT('',(0.32,2.E-02,-1.5));
#9678 = LINE('',#9679,#9680);
#9679 = CARTESIAN_POINT('',(0.32,0.32,-0.9));
#9680 = VECTOR('',#9681,1.);
#9681 = DIRECTION('',(-5.476786982641E-17,-0.4472135955,-0.894427191));
#9682 = ORIENTED_EDGE('',*,*,#9683,.T.);
#9683 = EDGE_CURVE('',#9676,#9684,#9686,.T.);
#9684 = VERTEX_POINT('',#9685);
#9685 = CARTESIAN_POINT('',(0.32,0.288421052632,-3.2));
#9686 = LINE('',#9687,#9688);
#9687 = CARTESIAN_POINT('',(0.32,2.E-02,-1.5));
#9688 = VECTOR('',#9689,1.);
#9689 = DIRECTION('',(1.909990663905E-17,0.155962573473,-0.987762965329)
  );
#9690 = ORIENTED_EDGE('',*,*,#9691,.T.);
#9691 = EDGE_CURVE('',#9684,#9692,#9694,.T.);
#9692 = VERTEX_POINT('',#9693);
#9693 = CARTESIAN_POINT('',(0.32,-0.351578947368,-3.2));
#9694 = LINE('',#9695,#9696);
#9695 = CARTESIAN_POINT('',(0.32,0.32,-3.2));
#9696 = VECTOR('',#9697,1.);
#9697 = DIRECTION('',(-1.224646799147E-16,-1.,0.));
#9698 = ORIENTED_EDGE('',*,*,#9699,.T.);
#9699 = EDGE_CURVE('',#9692,#9700,#9702,.T.);
#9700 = VERTEX_POINT('',#9701);
#9701 = CARTESIAN_POINT('',(0.32,-0.62,-1.5));
#9702 = LINE('',#9703,#9704);
#9703 = CARTESIAN_POINT('',(0.32,-0.32,-3.4));
#9704 = VECTOR('',#9705,1.);
#9705 = DIRECTION('',(-1.909990663905E-17,-0.155962573473,0.987762965329
    ));
#9706 = ORIENTED_EDGE('',*,*,#9707,.T.);
#9707 = EDGE_CURVE('',#9700,#9708,#9710,.T.);
#9708 = VERTEX_POINT('',#9709);
#9709 = CARTESIAN_POINT('',(0.32,-0.32,-0.9));
#9710 = LINE('',#9711,#9712);
#9711 = CARTESIAN_POINT('',(0.32,-0.62,-1.5));
#9712 = VECTOR('',#9713,1.);
#9713 = DIRECTION('',(5.476786982641E-17,0.4472135955,0.894427191));
#9714 = ORIENTED_EDGE('',*,*,#9715,.T.);
#9715 = EDGE_CURVE('',#9708,#9716,#9718,.T.);
#9716 = VERTEX_POINT('',#9717);
#9717 = CARTESIAN_POINT('',(0.32,-0.32,3.38));
#9718 = LINE('',#9719,#9720);
#9719 = CARTESIAN_POINT('',(0.32,-0.32,-0.9));
#9720 = VECTOR('',#9721,1.);
#9721 = DIRECTION('',(0.,0.,1.));
#9722 = ORIENTED_EDGE('',*,*,#9723,.F.);
#9723 = EDGE_CURVE('',#9626,#9716,#9724,.T.);
#9724 = CIRCLE('',#9725,5.E-02);
#9725 = AXIS2_PLACEMENT_3D('',#9726,#9727,#9728);
#9726 = CARTESIAN_POINT('',(0.32,-0.37,3.38));
#9727 = DIRECTION('',(-1.,1.224646799147E-16,0.));
#9728 = DIRECTION('',(0.,0.,1.));
#9729 = ORIENTED_EDGE('',*,*,#9625,.T.);
#9730 = PLANE('',#9731);
#9731 = AXIS2_PLACEMENT_3D('',#9732,#9733,#9734);
#9732 = CARTESIAN_POINT('',(0.32,-2.46404183087,2.050076029119));
#9733 = DIRECTION('',(-1.,1.224646799147E-16,0.));
#9734 = DIRECTION('',(0.,0.,1.));
#9735 = ADVANCED_FACE('',(#9736),#9747,.F.);
#9736 = FACE_BOUND('',#9737,.F.);
#9737 = EDGE_LOOP('',(#9738,#9739,#9740,#9741));
#9738 = ORIENTED_EDGE('',*,*,#9650,.F.);
#9739 = ORIENTED_EDGE('',*,*,#8208,.F.);
#9740 = ORIENTED_EDGE('',*,*,#9529,.T.);
#9741 = ORIENTED_EDGE('',*,*,#9742,.F.);
#9742 = EDGE_CURVE('',#9651,#9530,#9743,.T.);
#9743 = LINE('',#9744,#9745);
#9744 = CARTESIAN_POINT('',(0.32,-0.37,4.07));
#9745 = VECTOR('',#9746,1.);
#9746 = DIRECTION('',(-1.,1.224646799147E-16,0.));
#9747 = PLANE('',#9748);
#9748 = AXIS2_PLACEMENT_3D('',#9749,#9750,#9751);
#9749 = CARTESIAN_POINT('',(0.32,-8.7,4.07));
#9750 = DIRECTION('',(-0.,0.,-1.));
#9751 = DIRECTION('',(1.224646799147E-16,1.,0.));
#9752 = ADVANCED_FACE('',(#9753),#9812,.T.);
#9753 = FACE_BOUND('',#9754,.T.);
#9754 = EDGE_LOOP('',(#9755,#9756,#9764,#9773,#9781,#9789,#9797,#9806));
#9755 = ORIENTED_EDGE('',*,*,#8261,.F.);
#9756 = ORIENTED_EDGE('',*,*,#9757,.T.);
#9757 = EDGE_CURVE('',#8262,#9758,#9760,.T.);
#9758 = VERTEX_POINT('',#9759);
#9759 = CARTESIAN_POINT('',(2.18,-0.37,4.07));
#9760 = LINE('',#9761,#9762);
#9761 = CARTESIAN_POINT('',(2.18,-8.7,4.07));
#9762 = VECTOR('',#9763,1.);
#9763 = DIRECTION('',(1.224646799147E-16,1.,0.));
#9764 = ORIENTED_EDGE('',*,*,#9765,.T.);
#9765 = EDGE_CURVE('',#9758,#9766,#9768,.T.);
#9766 = VERTEX_POINT('',#9767);
#9767 = CARTESIAN_POINT('',(2.18,0.32,3.38));
#9768 = CIRCLE('',#9769,0.69);
#9769 = AXIS2_PLACEMENT_3D('',#9770,#9771,#9772);
#9770 = CARTESIAN_POINT('',(2.18,-0.37,3.38));
#9771 = DIRECTION('',(-1.,1.224646799147E-16,0.));
#9772 = DIRECTION('',(0.,0.,1.));
#9773 = ORIENTED_EDGE('',*,*,#9774,.T.);
#9774 = EDGE_CURVE('',#9766,#9775,#9777,.T.);
#9775 = VERTEX_POINT('',#9776);
#9776 = CARTESIAN_POINT('',(2.18,0.32,-3.2));
#9777 = LINE('',#9778,#9779);
#9778 = CARTESIAN_POINT('',(2.18,0.32,4.07));
#9779 = VECTOR('',#9780,1.);
#9780 = DIRECTION('',(-4.550304797346E-33,-3.715605838772E-17,-1.));
#9781 = ORIENTED_EDGE('',*,*,#9782,.T.);
#9782 = EDGE_CURVE('',#9775,#9783,#9785,.T.);
#9783 = VERTEX_POINT('',#9784);
#9784 = CARTESIAN_POINT('',(2.18,-0.32,-3.2));
#9785 = LINE('',#9786,#9787);
#9786 = CARTESIAN_POINT('',(2.18,0.32,-3.2));
#9787 = VECTOR('',#9788,1.);
#9788 = DIRECTION('',(-1.224646799147E-16,-1.,0.));
#9789 = ORIENTED_EDGE('',*,*,#9790,.T.);
#9790 = EDGE_CURVE('',#9783,#9791,#9793,.T.);
#9791 = VERTEX_POINT('',#9792);
#9792 = CARTESIAN_POINT('',(2.18,-0.32,3.38));
#9793 = LINE('',#9794,#9795);
#9794 = CARTESIAN_POINT('',(2.18,-0.32,-3.4));
#9795 = VECTOR('',#9796,1.);
#9796 = DIRECTION('',(0.,0.,1.));
#9797 = ORIENTED_EDGE('',*,*,#9798,.F.);
#9798 = EDGE_CURVE('',#9799,#9791,#9801,.T.);
#9799 = VERTEX_POINT('',#9800);
#9800 = CARTESIAN_POINT('',(2.18,-0.37,3.43));
#9801 = CIRCLE('',#9802,5.E-02);
#9802 = AXIS2_PLACEMENT_3D('',#9803,#9804,#9805);
#9803 = CARTESIAN_POINT('',(2.18,-0.37,3.38));
#9804 = DIRECTION('',(-1.,1.224646799147E-16,0.));
#9805 = DIRECTION('',(0.,0.,1.));
#9806 = ORIENTED_EDGE('',*,*,#9807,.T.);
#9807 = EDGE_CURVE('',#9799,#8264,#9808,.T.);
#9808 = LINE('',#9809,#9810);
#9809 = CARTESIAN_POINT('',(2.18,-0.32,3.43));
#9810 = VECTOR('',#9811,1.);
#9811 = DIRECTION('',(-1.224646799147E-16,-1.,0.));
#9812 = PLANE('',#9813);
#9813 = AXIS2_PLACEMENT_3D('',#9814,#9815,#9816);
#9814 = CARTESIAN_POINT('',(2.18,-2.454542146756,2.070457853244));
#9815 = DIRECTION('',(-1.,1.224646799147E-16,0.));
#9816 = DIRECTION('',(0.,0.,1.));
#9817 = ADVANCED_FACE('',(#9818),#9836,.F.);
#9818 = FACE_BOUND('',#9819,.F.);
#9819 = EDGE_LOOP('',(#9820,#9828,#9834,#9835));
#9820 = ORIENTED_EDGE('',*,*,#9821,.F.);
#9821 = EDGE_CURVE('',#9822,#8280,#9824,.T.);
#9822 = VERTEX_POINT('',#9823);
#9823 = CARTESIAN_POINT('',(2.82,-0.37,3.43));
#9824 = LINE('',#9825,#9826);
#9825 = CARTESIAN_POINT('',(2.82,-0.32,3.43));
#9826 = VECTOR('',#9827,1.);
#9827 = DIRECTION('',(-1.224646799147E-16,-1.,0.));
#9828 = ORIENTED_EDGE('',*,*,#9829,.T.);
#9829 = EDGE_CURVE('',#9822,#9799,#9830,.T.);
#9830 = LINE('',#9831,#9832);
#9831 = CARTESIAN_POINT('',(2.82,-0.37,3.43));
#9832 = VECTOR('',#9833,1.);
#9833 = DIRECTION('',(-1.,1.224646799147E-16,0.));
#9834 = ORIENTED_EDGE('',*,*,#9807,.T.);
#9835 = ORIENTED_EDGE('',*,*,#8287,.F.);
#9836 = PLANE('',#9837);
#9837 = AXIS2_PLACEMENT_3D('',#9838,#9839,#9840);
#9838 = CARTESIAN_POINT('',(2.82,-0.32,3.43));
#9839 = DIRECTION('',(0.,0.,1.));
#9840 = DIRECTION('',(-1.224646799147E-16,-1.,0.));
#9841 = ADVANCED_FACE('',(#9842),#9894,.F.);
#9842 = FACE_BOUND('',#9843,.F.);
#9843 = EDGE_LOOP('',(#9844,#9845,#9853,#9862,#9870,#9878,#9886,#9893));
#9844 = ORIENTED_EDGE('',*,*,#8279,.F.);
#9845 = ORIENTED_EDGE('',*,*,#9846,.T.);
#9846 = EDGE_CURVE('',#8272,#9847,#9849,.T.);
#9847 = VERTEX_POINT('',#9848);
#9848 = CARTESIAN_POINT('',(2.82,-0.37,4.07));
#9849 = LINE('',#9850,#9851);
#9850 = CARTESIAN_POINT('',(2.82,-8.7,4.07));
#9851 = VECTOR('',#9852,1.);
#9852 = DIRECTION('',(1.224646799147E-16,1.,0.));
#9853 = ORIENTED_EDGE('',*,*,#9854,.T.);
#9854 = EDGE_CURVE('',#9847,#9855,#9857,.T.);
#9855 = VERTEX_POINT('',#9856);
#9856 = CARTESIAN_POINT('',(2.82,0.32,3.38));
#9857 = CIRCLE('',#9858,0.69);
#9858 = AXIS2_PLACEMENT_3D('',#9859,#9860,#9861);
#9859 = CARTESIAN_POINT('',(2.82,-0.37,3.38));
#9860 = DIRECTION('',(-1.,1.224646799147E-16,0.));
#9861 = DIRECTION('',(0.,0.,1.));
#9862 = ORIENTED_EDGE('',*,*,#9863,.T.);
#9863 = EDGE_CURVE('',#9855,#9864,#9866,.T.);
#9864 = VERTEX_POINT('',#9865);
#9865 = CARTESIAN_POINT('',(2.82,0.32,-3.2));
#9866 = LINE('',#9867,#9868);
#9867 = CARTESIAN_POINT('',(2.82,0.32,4.07));
#9868 = VECTOR('',#9869,1.);
#9869 = DIRECTION('',(-4.550304797346E-33,-3.715605838772E-17,-1.));
#9870 = ORIENTED_EDGE('',*,*,#9871,.T.);
#9871 = EDGE_CURVE('',#9864,#9872,#9874,.T.);
#9872 = VERTEX_POINT('',#9873);
#9873 = CARTESIAN_POINT('',(2.82,-0.32,-3.2));
#9874 = LINE('',#9875,#9876);
#9875 = CARTESIAN_POINT('',(2.82,0.32,-3.2));
#9876 = VECTOR('',#9877,1.);
#9877 = DIRECTION('',(-1.224646799147E-16,-1.,0.));
#9878 = ORIENTED_EDGE('',*,*,#9879,.T.);
#9879 = EDGE_CURVE('',#9872,#9880,#9882,.T.);
#9880 = VERTEX_POINT('',#9881);
#9881 = CARTESIAN_POINT('',(2.82,-0.32,3.38));
#9882 = LINE('',#9883,#9884);
#9883 = CARTESIAN_POINT('',(2.82,-0.32,-3.4));
#9884 = VECTOR('',#9885,1.);
#9885 = DIRECTION('',(0.,0.,1.));
#9886 = ORIENTED_EDGE('',*,*,#9887,.F.);
#9887 = EDGE_CURVE('',#9822,#9880,#9888,.T.);
#9888 = CIRCLE('',#9889,5.E-02);
#9889 = AXIS2_PLACEMENT_3D('',#9890,#9891,#9892);
#9890 = CARTESIAN_POINT('',(2.82,-0.37,3.38));
#9891 = DIRECTION('',(-1.,1.224646799147E-16,0.));
#9892 = DIRECTION('',(0.,0.,1.));
#9893 = ORIENTED_EDGE('',*,*,#9821,.T.);
#9894 = PLANE('',#9895);
#9895 = AXIS2_PLACEMENT_3D('',#9896,#9897,#9898);
#9896 = CARTESIAN_POINT('',(2.82,-2.454542146756,2.070457853244));
#9897 = DIRECTION('',(-1.,1.224646799147E-16,0.));
#9898 = DIRECTION('',(0.,0.,1.));
#9899 = ADVANCED_FACE('',(#9900),#9911,.F.);
#9900 = FACE_BOUND('',#9901,.F.);
#9901 = EDGE_LOOP('',(#9902,#9903,#9904,#9905));
#9902 = ORIENTED_EDGE('',*,*,#9846,.F.);
#9903 = ORIENTED_EDGE('',*,*,#8271,.F.);
#9904 = ORIENTED_EDGE('',*,*,#9757,.T.);
#9905 = ORIENTED_EDGE('',*,*,#9906,.F.);
#9906 = EDGE_CURVE('',#9847,#9758,#9907,.T.);
#9907 = LINE('',#9908,#9909);
#9908 = CARTESIAN_POINT('',(2.82,-0.37,4.07));
#9909 = VECTOR('',#9910,1.);
#9910 = DIRECTION('',(-1.,1.224646799147E-16,0.));
#9911 = PLANE('',#9912);
#9912 = AXIS2_PLACEMENT_3D('',#9913,#9914,#9915);
#9913 = CARTESIAN_POINT('',(2.82,-8.7,4.07));
#9914 = DIRECTION('',(-0.,0.,-1.));
#9915 = DIRECTION('',(1.224646799147E-16,1.,0.));
#9916 = ADVANCED_FACE('',(#9917),#9976,.T.);
#9917 = FACE_BOUND('',#9918,.T.);
#9918 = EDGE_LOOP('',(#9919,#9920,#9928,#9937,#9945,#9953,#9961,#9970));
#9919 = ORIENTED_EDGE('',*,*,#8324,.F.);
#9920 = ORIENTED_EDGE('',*,*,#9921,.T.);
#9921 = EDGE_CURVE('',#8325,#9922,#9924,.T.);
#9922 = VERTEX_POINT('',#9923);
#9923 = CARTESIAN_POINT('',(4.68,-0.37,4.07));
#9924 = LINE('',#9925,#9926);
#9925 = CARTESIAN_POINT('',(4.68,-8.7,4.07));
#9926 = VECTOR('',#9927,1.);
#9927 = DIRECTION('',(1.224646799147E-16,1.,0.));
#9928 = ORIENTED_EDGE('',*,*,#9929,.T.);
#9929 = EDGE_CURVE('',#9922,#9930,#9932,.T.);
#9930 = VERTEX_POINT('',#9931);
#9931 = CARTESIAN_POINT('',(4.68,0.32,3.38));
#9932 = CIRCLE('',#9933,0.69);
#9933 = AXIS2_PLACEMENT_3D('',#9934,#9935,#9936);
#9934 = CARTESIAN_POINT('',(4.68,-0.37,3.38));
#9935 = DIRECTION('',(-1.,1.224646799147E-16,0.));
#9936 = DIRECTION('',(0.,0.,1.));
#9937 = ORIENTED_EDGE('',*,*,#9938,.T.);
#9938 = EDGE_CURVE('',#9930,#9939,#9941,.T.);
#9939 = VERTEX_POINT('',#9940);
#9940 = CARTESIAN_POINT('',(4.68,0.32,-3.2));
#9941 = LINE('',#9942,#9943);
#9942 = CARTESIAN_POINT('',(4.68,0.32,4.07));
#9943 = VECTOR('',#9944,1.);
#9944 = DIRECTION('',(-4.550304797346E-33,-3.715605838772E-17,-1.));
#9945 = ORIENTED_EDGE('',*,*,#9946,.T.);
#9946 = EDGE_CURVE('',#9939,#9947,#9949,.T.);
#9947 = VERTEX_POINT('',#9948);
#9948 = CARTESIAN_POINT('',(4.68,-0.32,-3.2));
#9949 = LINE('',#9950,#9951);
#9950 = CARTESIAN_POINT('',(4.68,0.32,-3.2));
#9951 = VECTOR('',#9952,1.);
#9952 = DIRECTION('',(-1.224646799147E-16,-1.,0.));
#9953 = ORIENTED_EDGE('',*,*,#9954,.T.);
#9954 = EDGE_CURVE('',#9947,#9955,#9957,.T.);
#9955 = VERTEX_POINT('',#9956);
#9956 = CARTESIAN_POINT('',(4.68,-0.32,3.38));
#9957 = LINE('',#9958,#9959);
#9958 = CARTESIAN_POINT('',(4.68,-0.32,-3.4));
#9959 = VECTOR('',#9960,1.);
#9960 = DIRECTION('',(0.,0.,1.));
#9961 = ORIENTED_EDGE('',*,*,#9962,.F.);
#9962 = EDGE_CURVE('',#9963,#9955,#9965,.T.);
#9963 = VERTEX_POINT('',#9964);
#9964 = CARTESIAN_POINT('',(4.68,-0.37,3.43));
#9965 = CIRCLE('',#9966,5.E-02);
#9966 = AXIS2_PLACEMENT_3D('',#9967,#9968,#9969);
#9967 = CARTESIAN_POINT('',(4.68,-0.37,3.38));
#9968 = DIRECTION('',(-1.,1.224646799147E-16,0.));
#9969 = DIRECTION('',(0.,0.,1.));
#9970 = ORIENTED_EDGE('',*,*,#9971,.T.);
#9971 = EDGE_CURVE('',#9963,#8327,#9972,.T.);
#9972 = LINE('',#9973,#9974);
#9973 = CARTESIAN_POINT('',(4.68,-0.32,3.43));
#9974 = VECTOR('',#9975,1.);
#9975 = DIRECTION('',(-1.224646799147E-16,-1.,0.));
#9976 = PLANE('',#9977);
#9977 = AXIS2_PLACEMENT_3D('',#9978,#9979,#9980);
#9978 = CARTESIAN_POINT('',(4.68,-2.454542146756,2.070457853244));
#9979 = DIRECTION('',(-1.,1.224646799147E-16,0.));
#9980 = DIRECTION('',(0.,0.,1.));
#9981 = ADVANCED_FACE('',(#9982),#10000,.F.);
#9982 = FACE_BOUND('',#9983,.F.);
#9983 = EDGE_LOOP('',(#9984,#9992,#9998,#9999));
#9984 = ORIENTED_EDGE('',*,*,#9985,.F.);
#9985 = EDGE_CURVE('',#9986,#8343,#9988,.T.);
#9986 = VERTEX_POINT('',#9987);
#9987 = CARTESIAN_POINT('',(5.32,-0.37,3.43));
#9988 = LINE('',#9989,#9990);
#9989 = CARTESIAN_POINT('',(5.32,-0.32,3.43));
#9990 = VECTOR('',#9991,1.);
#9991 = DIRECTION('',(-1.224646799147E-16,-1.,0.));
#9992 = ORIENTED_EDGE('',*,*,#9993,.T.);
#9993 = EDGE_CURVE('',#9986,#9963,#9994,.T.);
#9994 = LINE('',#9995,#9996);
#9995 = CARTESIAN_POINT('',(5.32,-0.37,3.43));
#9996 = VECTOR('',#9997,1.);
#9997 = DIRECTION('',(-1.,1.224646799147E-16,0.));
#9998 = ORIENTED_EDGE('',*,*,#9971,.T.);
#9999 = ORIENTED_EDGE('',*,*,#8350,.F.);
#10000 = PLANE('',#10001);
#10001 = AXIS2_PLACEMENT_3D('',#10002,#10003,#10004);
#10002 = CARTESIAN_POINT('',(5.32,-0.32,3.43));
#10003 = DIRECTION('',(0.,0.,1.));
#10004 = DIRECTION('',(-1.224646799147E-16,-1.,0.));
#10005 = ADVANCED_FACE('',(#10006),#10058,.F.);
#10006 = FACE_BOUND('',#10007,.F.);
#10007 = EDGE_LOOP('',(#10008,#10009,#10017,#10026,#10034,#10042,#10050,
    #10057));
#10008 = ORIENTED_EDGE('',*,*,#8342,.F.);
#10009 = ORIENTED_EDGE('',*,*,#10010,.T.);
#10010 = EDGE_CURVE('',#8335,#10011,#10013,.T.);
#10011 = VERTEX_POINT('',#10012);
#10012 = CARTESIAN_POINT('',(5.32,-0.37,4.07));
#10013 = LINE('',#10014,#10015);
#10014 = CARTESIAN_POINT('',(5.32,-8.7,4.07));
#10015 = VECTOR('',#10016,1.);
#10016 = DIRECTION('',(1.224646799147E-16,1.,0.));
#10017 = ORIENTED_EDGE('',*,*,#10018,.T.);
#10018 = EDGE_CURVE('',#10011,#10019,#10021,.T.);
#10019 = VERTEX_POINT('',#10020);
#10020 = CARTESIAN_POINT('',(5.32,0.32,3.38));
#10021 = CIRCLE('',#10022,0.69);
#10022 = AXIS2_PLACEMENT_3D('',#10023,#10024,#10025);
#10023 = CARTESIAN_POINT('',(5.32,-0.37,3.38));
#10024 = DIRECTION('',(-1.,1.224646799147E-16,0.));
#10025 = DIRECTION('',(0.,0.,1.));
#10026 = ORIENTED_EDGE('',*,*,#10027,.T.);
#10027 = EDGE_CURVE('',#10019,#10028,#10030,.T.);
#10028 = VERTEX_POINT('',#10029);
#10029 = CARTESIAN_POINT('',(5.32,0.32,-3.2));
#10030 = LINE('',#10031,#10032);
#10031 = CARTESIAN_POINT('',(5.32,0.32,4.07));
#10032 = VECTOR('',#10033,1.);
#10033 = DIRECTION('',(-4.550304797346E-33,-3.715605838772E-17,-1.));
#10034 = ORIENTED_EDGE('',*,*,#10035,.T.);
#10035 = EDGE_CURVE('',#10028,#10036,#10038,.T.);
#10036 = VERTEX_POINT('',#10037);
#10037 = CARTESIAN_POINT('',(5.32,-0.32,-3.2));
#10038 = LINE('',#10039,#10040);
#10039 = CARTESIAN_POINT('',(5.32,0.32,-3.2));
#10040 = VECTOR('',#10041,1.);
#10041 = DIRECTION('',(-1.224646799147E-16,-1.,0.));
#10042 = ORIENTED_EDGE('',*,*,#10043,.T.);
#10043 = EDGE_CURVE('',#10036,#10044,#10046,.T.);
#10044 = VERTEX_POINT('',#10045);
#10045 = CARTESIAN_POINT('',(5.32,-0.32,3.38));
#10046 = LINE('',#10047,#10048);
#10047 = CARTESIAN_POINT('',(5.32,-0.32,-3.4));
#10048 = VECTOR('',#10049,1.);
#10049 = DIRECTION('',(0.,0.,1.));
#10050 = ORIENTED_EDGE('',*,*,#10051,.F.);
#10051 = EDGE_CURVE('',#9986,#10044,#10052,.T.);
#10052 = CIRCLE('',#10053,5.E-02);
#10053 = AXIS2_PLACEMENT_3D('',#10054,#10055,#10056);
#10054 = CARTESIAN_POINT('',(5.32,-0.37,3.38));
#10055 = DIRECTION('',(-1.,1.224646799147E-16,0.));
#10056 = DIRECTION('',(0.,0.,1.));
#10057 = ORIENTED_EDGE('',*,*,#9985,.T.);
#10058 = PLANE('',#10059);
#10059 = AXIS2_PLACEMENT_3D('',#10060,#10061,#10062);
#10060 = CARTESIAN_POINT('',(5.32,-2.454542146756,2.070457853244));
#10061 = DIRECTION('',(-1.,1.224646799147E-16,0.));
#10062 = DIRECTION('',(0.,0.,1.));
#10063 = ADVANCED_FACE('',(#10064),#10075,.F.);
#10064 = FACE_BOUND('',#10065,.F.);
#10065 = EDGE_LOOP('',(#10066,#10067,#10068,#10069));
#10066 = ORIENTED_EDGE('',*,*,#10010,.F.);
#10067 = ORIENTED_EDGE('',*,*,#8334,.F.);
#10068 = ORIENTED_EDGE('',*,*,#9921,.T.);
#10069 = ORIENTED_EDGE('',*,*,#10070,.F.);
#10070 = EDGE_CURVE('',#10011,#9922,#10071,.T.);
#10071 = LINE('',#10072,#10073);
#10072 = CARTESIAN_POINT('',(5.32,-0.37,4.07));
#10073 = VECTOR('',#10074,1.);
#10074 = DIRECTION('',(-1.,1.224646799147E-16,0.));
#10075 = PLANE('',#10076);
#10076 = AXIS2_PLACEMENT_3D('',#10077,#10078,#10079);
#10077 = CARTESIAN_POINT('',(5.32,-8.7,4.07));
#10078 = DIRECTION('',(-0.,0.,-1.));
#10079 = DIRECTION('',(1.224646799147E-16,1.,0.));
#10080 = ADVANCED_FACE('',(#10081),#10140,.T.);
#10081 = FACE_BOUND('',#10082,.T.);
#10082 = EDGE_LOOP('',(#10083,#10084,#10092,#10101,#10109,#10117,#10125,
    #10134));
#10083 = ORIENTED_EDGE('',*,*,#8387,.F.);
#10084 = ORIENTED_EDGE('',*,*,#10085,.T.);
#10085 = EDGE_CURVE('',#8388,#10086,#10088,.T.);
#10086 = VERTEX_POINT('',#10087);
#10087 = CARTESIAN_POINT('',(7.18,-0.37,4.07));
#10088 = LINE('',#10089,#10090);
#10089 = CARTESIAN_POINT('',(7.18,-8.7,4.07));
#10090 = VECTOR('',#10091,1.);
#10091 = DIRECTION('',(1.224646799147E-16,1.,0.));
#10092 = ORIENTED_EDGE('',*,*,#10093,.T.);
#10093 = EDGE_CURVE('',#10086,#10094,#10096,.T.);
#10094 = VERTEX_POINT('',#10095);
#10095 = CARTESIAN_POINT('',(7.18,0.32,3.38));
#10096 = CIRCLE('',#10097,0.69);
#10097 = AXIS2_PLACEMENT_3D('',#10098,#10099,#10100);
#10098 = CARTESIAN_POINT('',(7.18,-0.37,3.38));
#10099 = DIRECTION('',(-1.,1.224646799147E-16,0.));
#10100 = DIRECTION('',(0.,0.,1.));
#10101 = ORIENTED_EDGE('',*,*,#10102,.T.);
#10102 = EDGE_CURVE('',#10094,#10103,#10105,.T.);
#10103 = VERTEX_POINT('',#10104);
#10104 = CARTESIAN_POINT('',(7.18,0.32,-3.2));
#10105 = LINE('',#10106,#10107);
#10106 = CARTESIAN_POINT('',(7.18,0.32,4.07));
#10107 = VECTOR('',#10108,1.);
#10108 = DIRECTION('',(-4.550304797346E-33,-3.715605838772E-17,-1.));
#10109 = ORIENTED_EDGE('',*,*,#10110,.T.);
#10110 = EDGE_CURVE('',#10103,#10111,#10113,.T.);
#10111 = VERTEX_POINT('',#10112);
#10112 = CARTESIAN_POINT('',(7.18,-0.32,-3.2));
#10113 = LINE('',#10114,#10115);
#10114 = CARTESIAN_POINT('',(7.18,0.32,-3.2));
#10115 = VECTOR('',#10116,1.);
#10116 = DIRECTION('',(-1.224646799147E-16,-1.,0.));
#10117 = ORIENTED_EDGE('',*,*,#10118,.T.);
#10118 = EDGE_CURVE('',#10111,#10119,#10121,.T.);
#10119 = VERTEX_POINT('',#10120);
#10120 = CARTESIAN_POINT('',(7.18,-0.32,3.38));
#10121 = LINE('',#10122,#10123);
#10122 = CARTESIAN_POINT('',(7.18,-0.32,-3.4));
#10123 = VECTOR('',#10124,1.);
#10124 = DIRECTION('',(0.,0.,1.));
#10125 = ORIENTED_EDGE('',*,*,#10126,.F.);
#10126 = EDGE_CURVE('',#10127,#10119,#10129,.T.);
#10127 = VERTEX_POINT('',#10128);
#10128 = CARTESIAN_POINT('',(7.18,-0.37,3.43));
#10129 = CIRCLE('',#10130,5.E-02);
#10130 = AXIS2_PLACEMENT_3D('',#10131,#10132,#10133);
#10131 = CARTESIAN_POINT('',(7.18,-0.37,3.38));
#10132 = DIRECTION('',(-1.,1.224646799147E-16,0.));
#10133 = DIRECTION('',(0.,0.,1.));
#10134 = ORIENTED_EDGE('',*,*,#10135,.T.);
#10135 = EDGE_CURVE('',#10127,#8390,#10136,.T.);
#10136 = LINE('',#10137,#10138);
#10137 = CARTESIAN_POINT('',(7.18,-0.32,3.43));
#10138 = VECTOR('',#10139,1.);
#10139 = DIRECTION('',(-1.224646799147E-16,-1.,0.));
#10140 = PLANE('',#10141);
#10141 = AXIS2_PLACEMENT_3D('',#10142,#10143,#10144);
#10142 = CARTESIAN_POINT('',(7.18,-2.454542146756,2.070457853244));
#10143 = DIRECTION('',(-1.,1.224646799147E-16,0.));
#10144 = DIRECTION('',(0.,0.,1.));
#10145 = ADVANCED_FACE('',(#10146),#10164,.F.);
#10146 = FACE_BOUND('',#10147,.F.);
#10147 = EDGE_LOOP('',(#10148,#10156,#10162,#10163));
#10148 = ORIENTED_EDGE('',*,*,#10149,.F.);
#10149 = EDGE_CURVE('',#10150,#8406,#10152,.T.);
#10150 = VERTEX_POINT('',#10151);
#10151 = CARTESIAN_POINT('',(7.82,-0.37,3.43));
#10152 = LINE('',#10153,#10154);
#10153 = CARTESIAN_POINT('',(7.82,-0.32,3.43));
#10154 = VECTOR('',#10155,1.);
#10155 = DIRECTION('',(-1.224646799147E-16,-1.,0.));
#10156 = ORIENTED_EDGE('',*,*,#10157,.T.);
#10157 = EDGE_CURVE('',#10150,#10127,#10158,.T.);
#10158 = LINE('',#10159,#10160);
#10159 = CARTESIAN_POINT('',(7.82,-0.37,3.43));
#10160 = VECTOR('',#10161,1.);
#10161 = DIRECTION('',(-1.,1.224646799147E-16,0.));
#10162 = ORIENTED_EDGE('',*,*,#10135,.T.);
#10163 = ORIENTED_EDGE('',*,*,#8413,.F.);
#10164 = PLANE('',#10165);
#10165 = AXIS2_PLACEMENT_3D('',#10166,#10167,#10168);
#10166 = CARTESIAN_POINT('',(7.82,-0.32,3.43));
#10167 = DIRECTION('',(0.,0.,1.));
#10168 = DIRECTION('',(-1.224646799147E-16,-1.,0.));
#10169 = ADVANCED_FACE('',(#10170),#10222,.F.);
#10170 = FACE_BOUND('',#10171,.F.);
#10171 = EDGE_LOOP('',(#10172,#10173,#10181,#10190,#10198,#10206,#10214,
    #10221));
#10172 = ORIENTED_EDGE('',*,*,#8405,.F.);
#10173 = ORIENTED_EDGE('',*,*,#10174,.T.);
#10174 = EDGE_CURVE('',#8398,#10175,#10177,.T.);
#10175 = VERTEX_POINT('',#10176);
#10176 = CARTESIAN_POINT('',(7.82,-0.37,4.07));
#10177 = LINE('',#10178,#10179);
#10178 = CARTESIAN_POINT('',(7.82,-8.7,4.07));
#10179 = VECTOR('',#10180,1.);
#10180 = DIRECTION('',(1.224646799147E-16,1.,0.));
#10181 = ORIENTED_EDGE('',*,*,#10182,.T.);
#10182 = EDGE_CURVE('',#10175,#10183,#10185,.T.);
#10183 = VERTEX_POINT('',#10184);
#10184 = CARTESIAN_POINT('',(7.82,0.32,3.38));
#10185 = CIRCLE('',#10186,0.69);
#10186 = AXIS2_PLACEMENT_3D('',#10187,#10188,#10189);
#10187 = CARTESIAN_POINT('',(7.82,-0.37,3.38));
#10188 = DIRECTION('',(-1.,1.224646799147E-16,0.));
#10189 = DIRECTION('',(0.,0.,1.));
#10190 = ORIENTED_EDGE('',*,*,#10191,.T.);
#10191 = EDGE_CURVE('',#10183,#10192,#10194,.T.);
#10192 = VERTEX_POINT('',#10193);
#10193 = CARTESIAN_POINT('',(7.82,0.32,-3.2));
#10194 = LINE('',#10195,#10196);
#10195 = CARTESIAN_POINT('',(7.82,0.32,4.07));
#10196 = VECTOR('',#10197,1.);
#10197 = DIRECTION('',(-4.550304797346E-33,-3.715605838772E-17,-1.));
#10198 = ORIENTED_EDGE('',*,*,#10199,.T.);
#10199 = EDGE_CURVE('',#10192,#10200,#10202,.T.);
#10200 = VERTEX_POINT('',#10201);
#10201 = CARTESIAN_POINT('',(7.82,-0.32,-3.2));
#10202 = LINE('',#10203,#10204);
#10203 = CARTESIAN_POINT('',(7.82,0.32,-3.2));
#10204 = VECTOR('',#10205,1.);
#10205 = DIRECTION('',(-1.224646799147E-16,-1.,0.));
#10206 = ORIENTED_EDGE('',*,*,#10207,.T.);
#10207 = EDGE_CURVE('',#10200,#10208,#10210,.T.);
#10208 = VERTEX_POINT('',#10209);
#10209 = CARTESIAN_POINT('',(7.82,-0.32,3.38));
#10210 = LINE('',#10211,#10212);
#10211 = CARTESIAN_POINT('',(7.82,-0.32,-3.4));
#10212 = VECTOR('',#10213,1.);
#10213 = DIRECTION('',(0.,0.,1.));
#10214 = ORIENTED_EDGE('',*,*,#10215,.F.);
#10215 = EDGE_CURVE('',#10150,#10208,#10216,.T.);
#10216 = CIRCLE('',#10217,5.E-02);
#10217 = AXIS2_PLACEMENT_3D('',#10218,#10219,#10220);
#10218 = CARTESIAN_POINT('',(7.82,-0.37,3.38));
#10219 = DIRECTION('',(-1.,1.224646799147E-16,0.));
#10220 = DIRECTION('',(0.,0.,1.));
#10221 = ORIENTED_EDGE('',*,*,#10149,.T.);
#10222 = PLANE('',#10223);
#10223 = AXIS2_PLACEMENT_3D('',#10224,#10225,#10226);
#10224 = CARTESIAN_POINT('',(7.82,-2.454542146756,2.070457853244));
#10225 = DIRECTION('',(-1.,1.224646799147E-16,0.));
#10226 = DIRECTION('',(0.,0.,1.));
#10227 = ADVANCED_FACE('',(#10228),#10239,.F.);
#10228 = FACE_BOUND('',#10229,.F.);
#10229 = EDGE_LOOP('',(#10230,#10231,#10232,#10233));
#10230 = ORIENTED_EDGE('',*,*,#10174,.F.);
#10231 = ORIENTED_EDGE('',*,*,#8397,.F.);
#10232 = ORIENTED_EDGE('',*,*,#10085,.T.);
#10233 = ORIENTED_EDGE('',*,*,#10234,.F.);
#10234 = EDGE_CURVE('',#10175,#10086,#10235,.T.);
#10235 = LINE('',#10236,#10237);
#10236 = CARTESIAN_POINT('',(7.82,-0.37,4.07));
#10237 = VECTOR('',#10238,1.);
#10238 = DIRECTION('',(-1.,1.224646799147E-16,0.));
#10239 = PLANE('',#10240);
#10240 = AXIS2_PLACEMENT_3D('',#10241,#10242,#10243);
#10241 = CARTESIAN_POINT('',(7.82,-8.7,4.07));
#10242 = DIRECTION('',(-0.,0.,-1.));
#10243 = DIRECTION('',(1.224646799147E-16,1.,0.));
#10244 = ADVANCED_FACE('',(#10245),#10270,.F.);
#10245 = FACE_BOUND('',#10246,.F.);
#10246 = EDGE_LOOP('',(#10247,#10255,#10256,#10264));
#10247 = ORIENTED_EDGE('',*,*,#10248,.F.);
#10248 = EDGE_CURVE('',#8453,#10249,#10251,.T.);
#10249 = VERTEX_POINT('',#10250);
#10250 = CARTESIAN_POINT('',(10.32,-0.37,4.07));
#10251 = LINE('',#10252,#10253);
#10252 = CARTESIAN_POINT('',(10.32,-8.7,4.07));
#10253 = VECTOR('',#10254,1.);
#10254 = DIRECTION('',(1.224646799147E-16,1.,0.));
#10255 = ORIENTED_EDGE('',*,*,#8450,.F.);
#10256 = ORIENTED_EDGE('',*,*,#10257,.T.);
#10257 = EDGE_CURVE('',#8451,#10258,#10260,.T.);
#10258 = VERTEX_POINT('',#10259);
#10259 = CARTESIAN_POINT('',(9.68,-0.37,4.07));
#10260 = LINE('',#10261,#10262);
#10261 = CARTESIAN_POINT('',(9.68,-8.7,4.07));
#10262 = VECTOR('',#10263,1.);
#10263 = DIRECTION('',(1.224646799147E-16,1.,0.));
#10264 = ORIENTED_EDGE('',*,*,#10265,.F.);
#10265 = EDGE_CURVE('',#10249,#10258,#10266,.T.);
#10266 = LINE('',#10267,#10268);
#10267 = CARTESIAN_POINT('',(10.32,-0.37,4.07));
#10268 = VECTOR('',#10269,1.);
#10269 = DIRECTION('',(-1.,1.224646799147E-16,0.));
#10270 = PLANE('',#10271);
#10271 = AXIS2_PLACEMENT_3D('',#10272,#10273,#10274);
#10272 = CARTESIAN_POINT('',(10.32,-8.7,4.07));
#10273 = DIRECTION('',(-0.,0.,-1.));
#10274 = DIRECTION('',(1.224646799147E-16,1.,0.));
#10275 = ADVANCED_FACE('',(#10276),#10328,.T.);
#10276 = FACE_BOUND('',#10277,.T.);
#10277 = EDGE_LOOP('',(#10278,#10279,#10280,#10289,#10297,#10305,#10313,
    #10322));
#10278 = ORIENTED_EDGE('',*,*,#8476,.F.);
#10279 = ORIENTED_EDGE('',*,*,#10257,.T.);
#10280 = ORIENTED_EDGE('',*,*,#10281,.T.);
#10281 = EDGE_CURVE('',#10258,#10282,#10284,.T.);
#10282 = VERTEX_POINT('',#10283);
#10283 = CARTESIAN_POINT('',(9.68,0.32,3.38));
#10284 = CIRCLE('',#10285,0.69);
#10285 = AXIS2_PLACEMENT_3D('',#10286,#10287,#10288);
#10286 = CARTESIAN_POINT('',(9.68,-0.37,3.38));
#10287 = DIRECTION('',(-1.,1.224646799147E-16,0.));
#10288 = DIRECTION('',(0.,0.,1.));
#10289 = ORIENTED_EDGE('',*,*,#10290,.T.);
#10290 = EDGE_CURVE('',#10282,#10291,#10293,.T.);
#10291 = VERTEX_POINT('',#10292);
#10292 = CARTESIAN_POINT('',(9.68,0.32,-3.2));
#10293 = LINE('',#10294,#10295);
#10294 = CARTESIAN_POINT('',(9.68,0.32,4.07));
#10295 = VECTOR('',#10296,1.);
#10296 = DIRECTION('',(-4.550304797346E-33,-3.715605838772E-17,-1.));
#10297 = ORIENTED_EDGE('',*,*,#10298,.T.);
#10298 = EDGE_CURVE('',#10291,#10299,#10301,.T.);
#10299 = VERTEX_POINT('',#10300);
#10300 = CARTESIAN_POINT('',(9.68,-0.32,-3.2));
#10301 = LINE('',#10302,#10303);
#10302 = CARTESIAN_POINT('',(9.68,0.32,-3.2));
#10303 = VECTOR('',#10304,1.);
#10304 = DIRECTION('',(-1.224646799147E-16,-1.,0.));
#10305 = ORIENTED_EDGE('',*,*,#10306,.T.);
#10306 = EDGE_CURVE('',#10299,#10307,#10309,.T.);
#10307 = VERTEX_POINT('',#10308);
#10308 = CARTESIAN_POINT('',(9.68,-0.32,3.38));
#10309 = LINE('',#10310,#10311);
#10310 = CARTESIAN_POINT('',(9.68,-0.32,-3.4));
#10311 = VECTOR('',#10312,1.);
#10312 = DIRECTION('',(0.,0.,1.));
#10313 = ORIENTED_EDGE('',*,*,#10314,.F.);
#10314 = EDGE_CURVE('',#10315,#10307,#10317,.T.);
#10315 = VERTEX_POINT('',#10316);
#10316 = CARTESIAN_POINT('',(9.68,-0.37,3.43));
#10317 = CIRCLE('',#10318,5.E-02);
#10318 = AXIS2_PLACEMENT_3D('',#10319,#10320,#10321);
#10319 = CARTESIAN_POINT('',(9.68,-0.37,3.38));
#10320 = DIRECTION('',(-1.,1.224646799147E-16,0.));
#10321 = DIRECTION('',(0.,0.,1.));
#10322 = ORIENTED_EDGE('',*,*,#10323,.T.);
#10323 = EDGE_CURVE('',#10315,#8469,#10324,.T.);
#10324 = LINE('',#10325,#10326);
#10325 = CARTESIAN_POINT('',(9.68,-0.32,3.43));
#10326 = VECTOR('',#10327,1.);
#10327 = DIRECTION('',(-1.224646799147E-16,-1.,0.));
#10328 = PLANE('',#10329);
#10329 = AXIS2_PLACEMENT_3D('',#10330,#10331,#10332);
#10330 = CARTESIAN_POINT('',(9.68,-2.454542146756,2.070457853244));
#10331 = DIRECTION('',(-1.,1.224646799147E-16,0.));
#10332 = DIRECTION('',(0.,0.,1.));
#10333 = ADVANCED_FACE('',(#10334),#10352,.F.);
#10334 = FACE_BOUND('',#10335,.F.);
#10335 = EDGE_LOOP('',(#10336,#10344,#10350,#10351));
#10336 = ORIENTED_EDGE('',*,*,#10337,.F.);
#10337 = EDGE_CURVE('',#10338,#8461,#10340,.T.);
#10338 = VERTEX_POINT('',#10339);
#10339 = CARTESIAN_POINT('',(10.32,-0.37,3.43));
#10340 = LINE('',#10341,#10342);
#10341 = CARTESIAN_POINT('',(10.32,-0.32,3.43));
#10342 = VECTOR('',#10343,1.);
#10343 = DIRECTION('',(-1.224646799147E-16,-1.,0.));
#10344 = ORIENTED_EDGE('',*,*,#10345,.T.);
#10345 = EDGE_CURVE('',#10338,#10315,#10346,.T.);
#10346 = LINE('',#10347,#10348);
#10347 = CARTESIAN_POINT('',(10.32,-0.37,3.43));
#10348 = VECTOR('',#10349,1.);
#10349 = DIRECTION('',(-1.,1.224646799147E-16,0.));
#10350 = ORIENTED_EDGE('',*,*,#10323,.T.);
#10351 = ORIENTED_EDGE('',*,*,#8468,.F.);
#10352 = PLANE('',#10353);
#10353 = AXIS2_PLACEMENT_3D('',#10354,#10355,#10356);
#10354 = CARTESIAN_POINT('',(10.32,-0.32,3.43));
#10355 = DIRECTION('',(0.,0.,1.));
#10356 = DIRECTION('',(-1.224646799147E-16,-1.,0.));
#10357 = ADVANCED_FACE('',(#10358),#10403,.F.);
#10358 = FACE_BOUND('',#10359,.F.);
#10359 = EDGE_LOOP('',(#10360,#10361,#10362,#10371,#10379,#10387,#10395,
    #10402));
#10360 = ORIENTED_EDGE('',*,*,#8460,.F.);
#10361 = ORIENTED_EDGE('',*,*,#10248,.T.);
#10362 = ORIENTED_EDGE('',*,*,#10363,.T.);
#10363 = EDGE_CURVE('',#10249,#10364,#10366,.T.);
#10364 = VERTEX_POINT('',#10365);
#10365 = CARTESIAN_POINT('',(10.32,0.32,3.38));
#10366 = CIRCLE('',#10367,0.69);
#10367 = AXIS2_PLACEMENT_3D('',#10368,#10369,#10370);
#10368 = CARTESIAN_POINT('',(10.32,-0.37,3.38));
#10369 = DIRECTION('',(-1.,1.224646799147E-16,0.));
#10370 = DIRECTION('',(0.,0.,1.));
#10371 = ORIENTED_EDGE('',*,*,#10372,.T.);
#10372 = EDGE_CURVE('',#10364,#10373,#10375,.T.);
#10373 = VERTEX_POINT('',#10374);
#10374 = CARTESIAN_POINT('',(10.32,0.32,-3.2));
#10375 = LINE('',#10376,#10377);
#10376 = CARTESIAN_POINT('',(10.32,0.32,4.07));
#10377 = VECTOR('',#10378,1.);
#10378 = DIRECTION('',(-4.550304797346E-33,-3.715605838772E-17,-1.));
#10379 = ORIENTED_EDGE('',*,*,#10380,.T.);
#10380 = EDGE_CURVE('',#10373,#10381,#10383,.T.);
#10381 = VERTEX_POINT('',#10382);
#10382 = CARTESIAN_POINT('',(10.32,-0.32,-3.2));
#10383 = LINE('',#10384,#10385);
#10384 = CARTESIAN_POINT('',(10.32,0.32,-3.2));
#10385 = VECTOR('',#10386,1.);
#10386 = DIRECTION('',(-1.224646799147E-16,-1.,0.));
#10387 = ORIENTED_EDGE('',*,*,#10388,.T.);
#10388 = EDGE_CURVE('',#10381,#10389,#10391,.T.);
#10389 = VERTEX_POINT('',#10390);
#10390 = CARTESIAN_POINT('',(10.32,-0.32,3.38));
#10391 = LINE('',#10392,#10393);
#10392 = CARTESIAN_POINT('',(10.32,-0.32,-3.4));
#10393 = VECTOR('',#10394,1.);
#10394 = DIRECTION('',(0.,0.,1.));
#10395 = ORIENTED_EDGE('',*,*,#10396,.F.);
#10396 = EDGE_CURVE('',#10338,#10389,#10397,.T.);
#10397 = CIRCLE('',#10398,5.E-02);
#10398 = AXIS2_PLACEMENT_3D('',#10399,#10400,#10401);
#10399 = CARTESIAN_POINT('',(10.32,-0.37,3.38));
#10400 = DIRECTION('',(-1.,1.224646799147E-16,0.));
#10401 = DIRECTION('',(0.,0.,1.));
#10402 = ORIENTED_EDGE('',*,*,#10337,.T.);
#10403 = PLANE('',#10404);
#10404 = AXIS2_PLACEMENT_3D('',#10405,#10406,#10407);
#10405 = CARTESIAN_POINT('',(10.32,-2.454542146756,2.070457853244));
#10406 = DIRECTION('',(-1.,1.224646799147E-16,0.));
#10407 = DIRECTION('',(0.,0.,1.));
#10408 = ADVANCED_FACE('',(#10409),#10434,.F.);
#10409 = FACE_BOUND('',#10410,.F.);
#10410 = EDGE_LOOP('',(#10411,#10419,#10420,#10428));
#10411 = ORIENTED_EDGE('',*,*,#10412,.F.);
#10412 = EDGE_CURVE('',#8516,#10413,#10415,.T.);
#10413 = VERTEX_POINT('',#10414);
#10414 = CARTESIAN_POINT('',(12.82,-0.37,4.07));
#10415 = LINE('',#10416,#10417);
#10416 = CARTESIAN_POINT('',(12.82,-8.7,4.07));
#10417 = VECTOR('',#10418,1.);
#10418 = DIRECTION('',(1.224646799147E-16,1.,0.));
#10419 = ORIENTED_EDGE('',*,*,#8513,.F.);
#10420 = ORIENTED_EDGE('',*,*,#10421,.T.);
#10421 = EDGE_CURVE('',#8514,#10422,#10424,.T.);
#10422 = VERTEX_POINT('',#10423);
#10423 = CARTESIAN_POINT('',(12.18,-0.37,4.07));
#10424 = LINE('',#10425,#10426);
#10425 = CARTESIAN_POINT('',(12.18,-8.7,4.07));
#10426 = VECTOR('',#10427,1.);
#10427 = DIRECTION('',(1.224646799147E-16,1.,0.));
#10428 = ORIENTED_EDGE('',*,*,#10429,.F.);
#10429 = EDGE_CURVE('',#10413,#10422,#10430,.T.);
#10430 = LINE('',#10431,#10432);
#10431 = CARTESIAN_POINT('',(12.82,-0.37,4.07));
#10432 = VECTOR('',#10433,1.);
#10433 = DIRECTION('',(-1.,1.224646799147E-16,0.));
#10434 = PLANE('',#10435);
#10435 = AXIS2_PLACEMENT_3D('',#10436,#10437,#10438);
#10436 = CARTESIAN_POINT('',(12.82,-8.7,4.07));
#10437 = DIRECTION('',(-0.,0.,-1.));
#10438 = DIRECTION('',(1.224646799147E-16,1.,0.));
#10439 = ADVANCED_FACE('',(#10440),#10492,.T.);
#10440 = FACE_BOUND('',#10441,.T.);
#10441 = EDGE_LOOP('',(#10442,#10443,#10444,#10453,#10461,#10469,#10477,
    #10486));
#10442 = ORIENTED_EDGE('',*,*,#8539,.F.);
#10443 = ORIENTED_EDGE('',*,*,#10421,.T.);
#10444 = ORIENTED_EDGE('',*,*,#10445,.T.);
#10445 = EDGE_CURVE('',#10422,#10446,#10448,.T.);
#10446 = VERTEX_POINT('',#10447);
#10447 = CARTESIAN_POINT('',(12.18,0.32,3.38));
#10448 = CIRCLE('',#10449,0.69);
#10449 = AXIS2_PLACEMENT_3D('',#10450,#10451,#10452);
#10450 = CARTESIAN_POINT('',(12.18,-0.37,3.38));
#10451 = DIRECTION('',(-1.,1.224646799147E-16,0.));
#10452 = DIRECTION('',(0.,0.,1.));
#10453 = ORIENTED_EDGE('',*,*,#10454,.T.);
#10454 = EDGE_CURVE('',#10446,#10455,#10457,.T.);
#10455 = VERTEX_POINT('',#10456);
#10456 = CARTESIAN_POINT('',(12.18,0.32,-3.2));
#10457 = LINE('',#10458,#10459);
#10458 = CARTESIAN_POINT('',(12.18,0.32,4.07));
#10459 = VECTOR('',#10460,1.);
#10460 = DIRECTION('',(-4.550304797346E-33,-3.715605838772E-17,-1.));
#10461 = ORIENTED_EDGE('',*,*,#10462,.T.);
#10462 = EDGE_CURVE('',#10455,#10463,#10465,.T.);
#10463 = VERTEX_POINT('',#10464);
#10464 = CARTESIAN_POINT('',(12.18,-0.32,-3.2));
#10465 = LINE('',#10466,#10467);
#10466 = CARTESIAN_POINT('',(12.18,0.32,-3.2));
#10467 = VECTOR('',#10468,1.);
#10468 = DIRECTION('',(-1.224646799147E-16,-1.,0.));
#10469 = ORIENTED_EDGE('',*,*,#10470,.T.);
#10470 = EDGE_CURVE('',#10463,#10471,#10473,.T.);
#10471 = VERTEX_POINT('',#10472);
#10472 = CARTESIAN_POINT('',(12.18,-0.32,3.38));
#10473 = LINE('',#10474,#10475);
#10474 = CARTESIAN_POINT('',(12.18,-0.32,-3.4));
#10475 = VECTOR('',#10476,1.);
#10476 = DIRECTION('',(0.,0.,1.));
#10477 = ORIENTED_EDGE('',*,*,#10478,.F.);
#10478 = EDGE_CURVE('',#10479,#10471,#10481,.T.);
#10479 = VERTEX_POINT('',#10480);
#10480 = CARTESIAN_POINT('',(12.18,-0.37,3.43));
#10481 = CIRCLE('',#10482,5.E-02);
#10482 = AXIS2_PLACEMENT_3D('',#10483,#10484,#10485);
#10483 = CARTESIAN_POINT('',(12.18,-0.37,3.38));
#10484 = DIRECTION('',(-1.,1.224646799147E-16,0.));
#10485 = DIRECTION('',(0.,0.,1.));
#10486 = ORIENTED_EDGE('',*,*,#10487,.T.);
#10487 = EDGE_CURVE('',#10479,#8532,#10488,.T.);
#10488 = LINE('',#10489,#10490);
#10489 = CARTESIAN_POINT('',(12.18,-0.32,3.43));
#10490 = VECTOR('',#10491,1.);
#10491 = DIRECTION('',(-1.224646799147E-16,-1.,0.));
#10492 = PLANE('',#10493);
#10493 = AXIS2_PLACEMENT_3D('',#10494,#10495,#10496);
#10494 = CARTESIAN_POINT('',(12.18,-2.454542146756,2.070457853244));
#10495 = DIRECTION('',(-1.,1.224646799147E-16,0.));
#10496 = DIRECTION('',(0.,0.,1.));
#10497 = ADVANCED_FACE('',(#10498),#10516,.F.);
#10498 = FACE_BOUND('',#10499,.F.);
#10499 = EDGE_LOOP('',(#10500,#10508,#10514,#10515));
#10500 = ORIENTED_EDGE('',*,*,#10501,.F.);
#10501 = EDGE_CURVE('',#10502,#8524,#10504,.T.);
#10502 = VERTEX_POINT('',#10503);
#10503 = CARTESIAN_POINT('',(12.82,-0.37,3.43));
#10504 = LINE('',#10505,#10506);
#10505 = CARTESIAN_POINT('',(12.82,-0.32,3.43));
#10506 = VECTOR('',#10507,1.);
#10507 = DIRECTION('',(-1.224646799147E-16,-1.,0.));
#10508 = ORIENTED_EDGE('',*,*,#10509,.T.);
#10509 = EDGE_CURVE('',#10502,#10479,#10510,.T.);
#10510 = LINE('',#10511,#10512);
#10511 = CARTESIAN_POINT('',(12.82,-0.37,3.43));
#10512 = VECTOR('',#10513,1.);
#10513 = DIRECTION('',(-1.,1.224646799147E-16,0.));
#10514 = ORIENTED_EDGE('',*,*,#10487,.T.);
#10515 = ORIENTED_EDGE('',*,*,#8531,.F.);
#10516 = PLANE('',#10517);
#10517 = AXIS2_PLACEMENT_3D('',#10518,#10519,#10520);
#10518 = CARTESIAN_POINT('',(12.82,-0.32,3.43));
#10519 = DIRECTION('',(0.,0.,1.));
#10520 = DIRECTION('',(-1.224646799147E-16,-1.,0.));
#10521 = ADVANCED_FACE('',(#10522),#10567,.F.);
#10522 = FACE_BOUND('',#10523,.F.);
#10523 = EDGE_LOOP('',(#10524,#10525,#10526,#10535,#10543,#10551,#10559,
    #10566));
#10524 = ORIENTED_EDGE('',*,*,#8523,.F.);
#10525 = ORIENTED_EDGE('',*,*,#10412,.T.);
#10526 = ORIENTED_EDGE('',*,*,#10527,.T.);
#10527 = EDGE_CURVE('',#10413,#10528,#10530,.T.);
#10528 = VERTEX_POINT('',#10529);
#10529 = CARTESIAN_POINT('',(12.82,0.32,3.38));
#10530 = CIRCLE('',#10531,0.69);
#10531 = AXIS2_PLACEMENT_3D('',#10532,#10533,#10534);
#10532 = CARTESIAN_POINT('',(12.82,-0.37,3.38));
#10533 = DIRECTION('',(-1.,1.224646799147E-16,0.));
#10534 = DIRECTION('',(0.,0.,1.));
#10535 = ORIENTED_EDGE('',*,*,#10536,.T.);
#10536 = EDGE_CURVE('',#10528,#10537,#10539,.T.);
#10537 = VERTEX_POINT('',#10538);
#10538 = CARTESIAN_POINT('',(12.82,0.32,-3.2));
#10539 = LINE('',#10540,#10541);
#10540 = CARTESIAN_POINT('',(12.82,0.32,4.07));
#10541 = VECTOR('',#10542,1.);
#10542 = DIRECTION('',(-4.550304797346E-33,-3.715605838772E-17,-1.));
#10543 = ORIENTED_EDGE('',*,*,#10544,.T.);
#10544 = EDGE_CURVE('',#10537,#10545,#10547,.T.);
#10545 = VERTEX_POINT('',#10546);
#10546 = CARTESIAN_POINT('',(12.82,-0.32,-3.2));
#10547 = LINE('',#10548,#10549);
#10548 = CARTESIAN_POINT('',(12.82,0.32,-3.2));
#10549 = VECTOR('',#10550,1.);
#10550 = DIRECTION('',(-1.224646799147E-16,-1.,0.));
#10551 = ORIENTED_EDGE('',*,*,#10552,.T.);
#10552 = EDGE_CURVE('',#10545,#10553,#10555,.T.);
#10553 = VERTEX_POINT('',#10554);
#10554 = CARTESIAN_POINT('',(12.82,-0.32,3.38));
#10555 = LINE('',#10556,#10557);
#10556 = CARTESIAN_POINT('',(12.82,-0.32,-3.4));
#10557 = VECTOR('',#10558,1.);
#10558 = DIRECTION('',(0.,0.,1.));
#10559 = ORIENTED_EDGE('',*,*,#10560,.F.);
#10560 = EDGE_CURVE('',#10502,#10553,#10561,.T.);
#10561 = CIRCLE('',#10562,5.E-02);
#10562 = AXIS2_PLACEMENT_3D('',#10563,#10564,#10565);
#10563 = CARTESIAN_POINT('',(12.82,-0.37,3.38));
#10564 = DIRECTION('',(-1.,1.224646799147E-16,0.));
#10565 = DIRECTION('',(0.,0.,1.));
#10566 = ORIENTED_EDGE('',*,*,#10501,.T.);
#10567 = PLANE('',#10568);
#10568 = AXIS2_PLACEMENT_3D('',#10569,#10570,#10571);
#10569 = CARTESIAN_POINT('',(12.82,-2.454542146756,2.070457853244));
#10570 = DIRECTION('',(-1.,1.224646799147E-16,0.));
#10571 = DIRECTION('',(0.,0.,1.));
#10572 = ADVANCED_FACE('',(#10573),#10632,.T.);
#10573 = FACE_BOUND('',#10574,.T.);
#10574 = EDGE_LOOP('',(#10575,#10576,#10584,#10593,#10601,#10609,#10617,
    #10626));
#10575 = ORIENTED_EDGE('',*,*,#8576,.F.);
#10576 = ORIENTED_EDGE('',*,*,#10577,.T.);
#10577 = EDGE_CURVE('',#8577,#10578,#10580,.T.);
#10578 = VERTEX_POINT('',#10579);
#10579 = CARTESIAN_POINT('',(14.68,-0.37,4.07));
#10580 = LINE('',#10581,#10582);
#10581 = CARTESIAN_POINT('',(14.68,-8.7,4.07));
#10582 = VECTOR('',#10583,1.);
#10583 = DIRECTION('',(1.224646799147E-16,1.,0.));
#10584 = ORIENTED_EDGE('',*,*,#10585,.T.);
#10585 = EDGE_CURVE('',#10578,#10586,#10588,.T.);
#10586 = VERTEX_POINT('',#10587);
#10587 = CARTESIAN_POINT('',(14.68,0.32,3.38));
#10588 = CIRCLE('',#10589,0.69);
#10589 = AXIS2_PLACEMENT_3D('',#10590,#10591,#10592);
#10590 = CARTESIAN_POINT('',(14.68,-0.37,3.38));
#10591 = DIRECTION('',(-1.,1.224646799147E-16,0.));
#10592 = DIRECTION('',(0.,0.,1.));
#10593 = ORIENTED_EDGE('',*,*,#10594,.T.);
#10594 = EDGE_CURVE('',#10586,#10595,#10597,.T.);
#10595 = VERTEX_POINT('',#10596);
#10596 = CARTESIAN_POINT('',(14.68,0.32,-3.2));
#10597 = LINE('',#10598,#10599);
#10598 = CARTESIAN_POINT('',(14.68,0.32,4.07));
#10599 = VECTOR('',#10600,1.);
#10600 = DIRECTION('',(-4.550304797346E-33,-3.715605838772E-17,-1.));
#10601 = ORIENTED_EDGE('',*,*,#10602,.T.);
#10602 = EDGE_CURVE('',#10595,#10603,#10605,.T.);
#10603 = VERTEX_POINT('',#10604);
#10604 = CARTESIAN_POINT('',(14.68,-0.32,-3.2));
#10605 = LINE('',#10606,#10607);
#10606 = CARTESIAN_POINT('',(14.68,0.32,-3.2));
#10607 = VECTOR('',#10608,1.);
#10608 = DIRECTION('',(-1.224646799147E-16,-1.,0.));
#10609 = ORIENTED_EDGE('',*,*,#10610,.T.);
#10610 = EDGE_CURVE('',#10603,#10611,#10613,.T.);
#10611 = VERTEX_POINT('',#10612);
#10612 = CARTESIAN_POINT('',(14.68,-0.32,3.38));
#10613 = LINE('',#10614,#10615);
#10614 = CARTESIAN_POINT('',(14.68,-0.32,-3.4));
#10615 = VECTOR('',#10616,1.);
#10616 = DIRECTION('',(0.,0.,1.));
#10617 = ORIENTED_EDGE('',*,*,#10618,.F.);
#10618 = EDGE_CURVE('',#10619,#10611,#10621,.T.);
#10619 = VERTEX_POINT('',#10620);
#10620 = CARTESIAN_POINT('',(14.68,-0.37,3.43));
#10621 = CIRCLE('',#10622,5.E-02);
#10622 = AXIS2_PLACEMENT_3D('',#10623,#10624,#10625);
#10623 = CARTESIAN_POINT('',(14.68,-0.37,3.38));
#10624 = DIRECTION('',(-1.,1.224646799147E-16,0.));
#10625 = DIRECTION('',(0.,0.,1.));
#10626 = ORIENTED_EDGE('',*,*,#10627,.T.);
#10627 = EDGE_CURVE('',#10619,#8579,#10628,.T.);
#10628 = LINE('',#10629,#10630);
#10629 = CARTESIAN_POINT('',(14.68,-0.32,3.43));
#10630 = VECTOR('',#10631,1.);
#10631 = DIRECTION('',(-1.224646799147E-16,-1.,0.));
#10632 = PLANE('',#10633);
#10633 = AXIS2_PLACEMENT_3D('',#10634,#10635,#10636);
#10634 = CARTESIAN_POINT('',(14.68,-2.454542146756,2.070457853244));
#10635 = DIRECTION('',(-1.,1.224646799147E-16,0.));
#10636 = DIRECTION('',(0.,0.,1.));
#10637 = ADVANCED_FACE('',(#10638),#10656,.F.);
#10638 = FACE_BOUND('',#10639,.F.);
#10639 = EDGE_LOOP('',(#10640,#10648,#10654,#10655));
#10640 = ORIENTED_EDGE('',*,*,#10641,.F.);
#10641 = EDGE_CURVE('',#10642,#8595,#10644,.T.);
#10642 = VERTEX_POINT('',#10643);
#10643 = CARTESIAN_POINT('',(15.32,-0.37,3.43));
#10644 = LINE('',#10645,#10646);
#10645 = CARTESIAN_POINT('',(15.32,-0.32,3.43));
#10646 = VECTOR('',#10647,1.);
#10647 = DIRECTION('',(-1.224646799147E-16,-1.,0.));
#10648 = ORIENTED_EDGE('',*,*,#10649,.T.);
#10649 = EDGE_CURVE('',#10642,#10619,#10650,.T.);
#10650 = LINE('',#10651,#10652);
#10651 = CARTESIAN_POINT('',(15.32,-0.37,3.43));
#10652 = VECTOR('',#10653,1.);
#10653 = DIRECTION('',(-1.,1.224646799147E-16,0.));
#10654 = ORIENTED_EDGE('',*,*,#10627,.T.);
#10655 = ORIENTED_EDGE('',*,*,#8602,.F.);
#10656 = PLANE('',#10657);
#10657 = AXIS2_PLACEMENT_3D('',#10658,#10659,#10660);
#10658 = CARTESIAN_POINT('',(15.32,-0.32,3.43));
#10659 = DIRECTION('',(0.,0.,1.));
#10660 = DIRECTION('',(-1.224646799147E-16,-1.,0.));
#10661 = ADVANCED_FACE('',(#10662),#10714,.F.);
#10662 = FACE_BOUND('',#10663,.F.);
#10663 = EDGE_LOOP('',(#10664,#10665,#10673,#10682,#10690,#10698,#10706,
    #10713));
#10664 = ORIENTED_EDGE('',*,*,#8594,.F.);
#10665 = ORIENTED_EDGE('',*,*,#10666,.T.);
#10666 = EDGE_CURVE('',#8587,#10667,#10669,.T.);
#10667 = VERTEX_POINT('',#10668);
#10668 = CARTESIAN_POINT('',(15.32,-0.37,4.07));
#10669 = LINE('',#10670,#10671);
#10670 = CARTESIAN_POINT('',(15.32,-8.7,4.07));
#10671 = VECTOR('',#10672,1.);
#10672 = DIRECTION('',(1.224646799147E-16,1.,0.));
#10673 = ORIENTED_EDGE('',*,*,#10674,.T.);
#10674 = EDGE_CURVE('',#10667,#10675,#10677,.T.);
#10675 = VERTEX_POINT('',#10676);
#10676 = CARTESIAN_POINT('',(15.32,0.32,3.38));
#10677 = CIRCLE('',#10678,0.69);
#10678 = AXIS2_PLACEMENT_3D('',#10679,#10680,#10681);
#10679 = CARTESIAN_POINT('',(15.32,-0.37,3.38));
#10680 = DIRECTION('',(-1.,1.224646799147E-16,0.));
#10681 = DIRECTION('',(0.,0.,1.));
#10682 = ORIENTED_EDGE('',*,*,#10683,.T.);
#10683 = EDGE_CURVE('',#10675,#10684,#10686,.T.);
#10684 = VERTEX_POINT('',#10685);
#10685 = CARTESIAN_POINT('',(15.32,0.32,-3.2));
#10686 = LINE('',#10687,#10688);
#10687 = CARTESIAN_POINT('',(15.32,0.32,4.07));
#10688 = VECTOR('',#10689,1.);
#10689 = DIRECTION('',(-4.550304797346E-33,-3.715605838772E-17,-1.));
#10690 = ORIENTED_EDGE('',*,*,#10691,.T.);
#10691 = EDGE_CURVE('',#10684,#10692,#10694,.T.);
#10692 = VERTEX_POINT('',#10693);
#10693 = CARTESIAN_POINT('',(15.32,-0.32,-3.2));
#10694 = LINE('',#10695,#10696);
#10695 = CARTESIAN_POINT('',(15.32,0.32,-3.2));
#10696 = VECTOR('',#10697,1.);
#10697 = DIRECTION('',(-1.224646799147E-16,-1.,0.));
#10698 = ORIENTED_EDGE('',*,*,#10699,.T.);
#10699 = EDGE_CURVE('',#10692,#10700,#10702,.T.);
#10700 = VERTEX_POINT('',#10701);
#10701 = CARTESIAN_POINT('',(15.32,-0.32,3.38));
#10702 = LINE('',#10703,#10704);
#10703 = CARTESIAN_POINT('',(15.32,-0.32,-3.4));
#10704 = VECTOR('',#10705,1.);
#10705 = DIRECTION('',(0.,0.,1.));
#10706 = ORIENTED_EDGE('',*,*,#10707,.F.);
#10707 = EDGE_CURVE('',#10642,#10700,#10708,.T.);
#10708 = CIRCLE('',#10709,5.E-02);
#10709 = AXIS2_PLACEMENT_3D('',#10710,#10711,#10712);
#10710 = CARTESIAN_POINT('',(15.32,-0.37,3.38));
#10711 = DIRECTION('',(-1.,1.224646799147E-16,0.));
#10712 = DIRECTION('',(0.,0.,1.));
#10713 = ORIENTED_EDGE('',*,*,#10641,.T.);
#10714 = PLANE('',#10715);
#10715 = AXIS2_PLACEMENT_3D('',#10716,#10717,#10718);
#10716 = CARTESIAN_POINT('',(15.32,-2.454542146756,2.070457853244));
#10717 = DIRECTION('',(-1.,1.224646799147E-16,0.));
#10718 = DIRECTION('',(0.,0.,1.));
#10719 = ADVANCED_FACE('',(#10720),#10731,.F.);
#10720 = FACE_BOUND('',#10721,.F.);
#10721 = EDGE_LOOP('',(#10722,#10723,#10724,#10725));
#10722 = ORIENTED_EDGE('',*,*,#10666,.F.);
#10723 = ORIENTED_EDGE('',*,*,#8586,.F.);
#10724 = ORIENTED_EDGE('',*,*,#10577,.T.);
#10725 = ORIENTED_EDGE('',*,*,#10726,.F.);
#10726 = EDGE_CURVE('',#10667,#10578,#10727,.T.);
#10727 = LINE('',#10728,#10729);
#10728 = CARTESIAN_POINT('',(15.32,-0.37,4.07));
#10729 = VECTOR('',#10730,1.);
#10730 = DIRECTION('',(-1.,1.224646799147E-16,0.));
#10731 = PLANE('',#10732);
#10732 = AXIS2_PLACEMENT_3D('',#10733,#10734,#10735);
#10733 = CARTESIAN_POINT('',(15.32,-8.7,4.07));
#10734 = DIRECTION('',(-0.,0.,-1.));
#10735 = DIRECTION('',(1.224646799147E-16,1.,0.));
#10736 = ADVANCED_FACE('',(#10737),#10796,.T.);
#10737 = FACE_BOUND('',#10738,.T.);
#10738 = EDGE_LOOP('',(#10739,#10740,#10748,#10757,#10765,#10773,#10781,
    #10790));
#10739 = ORIENTED_EDGE('',*,*,#8639,.F.);
#10740 = ORIENTED_EDGE('',*,*,#10741,.T.);
#10741 = EDGE_CURVE('',#8640,#10742,#10744,.T.);
#10742 = VERTEX_POINT('',#10743);
#10743 = CARTESIAN_POINT('',(17.18,-0.37,4.07));
#10744 = LINE('',#10745,#10746);
#10745 = CARTESIAN_POINT('',(17.18,-8.7,4.07));
#10746 = VECTOR('',#10747,1.);
#10747 = DIRECTION('',(1.224646799147E-16,1.,0.));
#10748 = ORIENTED_EDGE('',*,*,#10749,.T.);
#10749 = EDGE_CURVE('',#10742,#10750,#10752,.T.);
#10750 = VERTEX_POINT('',#10751);
#10751 = CARTESIAN_POINT('',(17.18,0.32,3.38));
#10752 = CIRCLE('',#10753,0.69);
#10753 = AXIS2_PLACEMENT_3D('',#10754,#10755,#10756);
#10754 = CARTESIAN_POINT('',(17.18,-0.37,3.38));
#10755 = DIRECTION('',(-1.,1.224646799147E-16,0.));
#10756 = DIRECTION('',(0.,0.,1.));
#10757 = ORIENTED_EDGE('',*,*,#10758,.T.);
#10758 = EDGE_CURVE('',#10750,#10759,#10761,.T.);
#10759 = VERTEX_POINT('',#10760);
#10760 = CARTESIAN_POINT('',(17.18,0.32,-3.2));
#10761 = LINE('',#10762,#10763);
#10762 = CARTESIAN_POINT('',(17.18,0.32,4.07));
#10763 = VECTOR('',#10764,1.);
#10764 = DIRECTION('',(-4.550304797346E-33,-3.715605838772E-17,-1.));
#10765 = ORIENTED_EDGE('',*,*,#10766,.T.);
#10766 = EDGE_CURVE('',#10759,#10767,#10769,.T.);
#10767 = VERTEX_POINT('',#10768);
#10768 = CARTESIAN_POINT('',(17.18,-0.32,-3.2));
#10769 = LINE('',#10770,#10771);
#10770 = CARTESIAN_POINT('',(17.18,0.32,-3.2));
#10771 = VECTOR('',#10772,1.);
#10772 = DIRECTION('',(-1.224646799147E-16,-1.,0.));
#10773 = ORIENTED_EDGE('',*,*,#10774,.T.);
#10774 = EDGE_CURVE('',#10767,#10775,#10777,.T.);
#10775 = VERTEX_POINT('',#10776);
#10776 = CARTESIAN_POINT('',(17.18,-0.32,3.38));
#10777 = LINE('',#10778,#10779);
#10778 = CARTESIAN_POINT('',(17.18,-0.32,-3.4));
#10779 = VECTOR('',#10780,1.);
#10780 = DIRECTION('',(0.,0.,1.));
#10781 = ORIENTED_EDGE('',*,*,#10782,.F.);
#10782 = EDGE_CURVE('',#10783,#10775,#10785,.T.);
#10783 = VERTEX_POINT('',#10784);
#10784 = CARTESIAN_POINT('',(17.18,-0.37,3.43));
#10785 = CIRCLE('',#10786,5.E-02);
#10786 = AXIS2_PLACEMENT_3D('',#10787,#10788,#10789);
#10787 = CARTESIAN_POINT('',(17.18,-0.37,3.38));
#10788 = DIRECTION('',(-1.,1.224646799147E-16,0.));
#10789 = DIRECTION('',(0.,0.,1.));
#10790 = ORIENTED_EDGE('',*,*,#10791,.T.);
#10791 = EDGE_CURVE('',#10783,#8642,#10792,.T.);
#10792 = LINE('',#10793,#10794);
#10793 = CARTESIAN_POINT('',(17.18,-0.32,3.43));
#10794 = VECTOR('',#10795,1.);
#10795 = DIRECTION('',(-1.224646799147E-16,-1.,0.));
#10796 = PLANE('',#10797);
#10797 = AXIS2_PLACEMENT_3D('',#10798,#10799,#10800);
#10798 = CARTESIAN_POINT('',(17.18,-2.454542146756,2.070457853244));
#10799 = DIRECTION('',(-1.,1.224646799147E-16,0.));
#10800 = DIRECTION('',(0.,0.,1.));
#10801 = ADVANCED_FACE('',(#10802),#10820,.F.);
#10802 = FACE_BOUND('',#10803,.F.);
#10803 = EDGE_LOOP('',(#10804,#10812,#10818,#10819));
#10804 = ORIENTED_EDGE('',*,*,#10805,.F.);
#10805 = EDGE_CURVE('',#10806,#8658,#10808,.T.);
#10806 = VERTEX_POINT('',#10807);
#10807 = CARTESIAN_POINT('',(17.82,-0.37,3.43));
#10808 = LINE('',#10809,#10810);
#10809 = CARTESIAN_POINT('',(17.82,-0.32,3.43));
#10810 = VECTOR('',#10811,1.);
#10811 = DIRECTION('',(-1.224646799147E-16,-1.,0.));
#10812 = ORIENTED_EDGE('',*,*,#10813,.T.);
#10813 = EDGE_CURVE('',#10806,#10783,#10814,.T.);
#10814 = LINE('',#10815,#10816);
#10815 = CARTESIAN_POINT('',(17.82,-0.37,3.43));
#10816 = VECTOR('',#10817,1.);
#10817 = DIRECTION('',(-1.,1.224646799147E-16,0.));
#10818 = ORIENTED_EDGE('',*,*,#10791,.T.);
#10819 = ORIENTED_EDGE('',*,*,#8665,.F.);
#10820 = PLANE('',#10821);
#10821 = AXIS2_PLACEMENT_3D('',#10822,#10823,#10824);
#10822 = CARTESIAN_POINT('',(17.82,-0.32,3.43));
#10823 = DIRECTION('',(0.,0.,1.));
#10824 = DIRECTION('',(-1.224646799147E-16,-1.,0.));
#10825 = ADVANCED_FACE('',(#10826),#10878,.F.);
#10826 = FACE_BOUND('',#10827,.F.);
#10827 = EDGE_LOOP('',(#10828,#10829,#10837,#10846,#10854,#10862,#10870,
    #10877));
#10828 = ORIENTED_EDGE('',*,*,#8657,.F.);
#10829 = ORIENTED_EDGE('',*,*,#10830,.T.);
#10830 = EDGE_CURVE('',#8650,#10831,#10833,.T.);
#10831 = VERTEX_POINT('',#10832);
#10832 = CARTESIAN_POINT('',(17.82,-0.37,4.07));
#10833 = LINE('',#10834,#10835);
#10834 = CARTESIAN_POINT('',(17.82,-8.7,4.07));
#10835 = VECTOR('',#10836,1.);
#10836 = DIRECTION('',(1.224646799147E-16,1.,0.));
#10837 = ORIENTED_EDGE('',*,*,#10838,.T.);
#10838 = EDGE_CURVE('',#10831,#10839,#10841,.T.);
#10839 = VERTEX_POINT('',#10840);
#10840 = CARTESIAN_POINT('',(17.82,0.32,3.38));
#10841 = CIRCLE('',#10842,0.69);
#10842 = AXIS2_PLACEMENT_3D('',#10843,#10844,#10845);
#10843 = CARTESIAN_POINT('',(17.82,-0.37,3.38));
#10844 = DIRECTION('',(-1.,1.224646799147E-16,0.));
#10845 = DIRECTION('',(0.,0.,1.));
#10846 = ORIENTED_EDGE('',*,*,#10847,.T.);
#10847 = EDGE_CURVE('',#10839,#10848,#10850,.T.);
#10848 = VERTEX_POINT('',#10849);
#10849 = CARTESIAN_POINT('',(17.82,0.32,-3.2));
#10850 = LINE('',#10851,#10852);
#10851 = CARTESIAN_POINT('',(17.82,0.32,4.07));
#10852 = VECTOR('',#10853,1.);
#10853 = DIRECTION('',(-4.550304797346E-33,-3.715605838772E-17,-1.));
#10854 = ORIENTED_EDGE('',*,*,#10855,.T.);
#10855 = EDGE_CURVE('',#10848,#10856,#10858,.T.);
#10856 = VERTEX_POINT('',#10857);
#10857 = CARTESIAN_POINT('',(17.82,-0.32,-3.2));
#10858 = LINE('',#10859,#10860);
#10859 = CARTESIAN_POINT('',(17.82,0.32,-3.2));
#10860 = VECTOR('',#10861,1.);
#10861 = DIRECTION('',(-1.224646799147E-16,-1.,0.));
#10862 = ORIENTED_EDGE('',*,*,#10863,.T.);
#10863 = EDGE_CURVE('',#10856,#10864,#10866,.T.);
#10864 = VERTEX_POINT('',#10865);
#10865 = CARTESIAN_POINT('',(17.82,-0.32,3.38));
#10866 = LINE('',#10867,#10868);
#10867 = CARTESIAN_POINT('',(17.82,-0.32,-3.4));
#10868 = VECTOR('',#10869,1.);
#10869 = DIRECTION('',(0.,0.,1.));
#10870 = ORIENTED_EDGE('',*,*,#10871,.F.);
#10871 = EDGE_CURVE('',#10806,#10864,#10872,.T.);
#10872 = CIRCLE('',#10873,5.E-02);
#10873 = AXIS2_PLACEMENT_3D('',#10874,#10875,#10876);
#10874 = CARTESIAN_POINT('',(17.82,-0.37,3.38));
#10875 = DIRECTION('',(-1.,1.224646799147E-16,0.));
#10876 = DIRECTION('',(0.,0.,1.));
#10877 = ORIENTED_EDGE('',*,*,#10805,.T.);
#10878 = PLANE('',#10879);
#10879 = AXIS2_PLACEMENT_3D('',#10880,#10881,#10882);
#10880 = CARTESIAN_POINT('',(17.82,-2.454542146756,2.070457853244));
#10881 = DIRECTION('',(-1.,1.224646799147E-16,0.));
#10882 = DIRECTION('',(0.,0.,1.));
#10883 = ADVANCED_FACE('',(#10884),#10895,.F.);
#10884 = FACE_BOUND('',#10885,.F.);
#10885 = EDGE_LOOP('',(#10886,#10887,#10888,#10889));
#10886 = ORIENTED_EDGE('',*,*,#10830,.F.);
#10887 = ORIENTED_EDGE('',*,*,#8649,.F.);
#10888 = ORIENTED_EDGE('',*,*,#10741,.T.);
#10889 = ORIENTED_EDGE('',*,*,#10890,.F.);
#10890 = EDGE_CURVE('',#10831,#10742,#10891,.T.);
#10891 = LINE('',#10892,#10893);
#10892 = CARTESIAN_POINT('',(17.82,-0.37,4.07));
#10893 = VECTOR('',#10894,1.);
#10894 = DIRECTION('',(-1.,1.224646799147E-16,0.));
#10895 = PLANE('',#10896);
#10896 = AXIS2_PLACEMENT_3D('',#10897,#10898,#10899);
#10897 = CARTESIAN_POINT('',(17.82,-8.7,4.07));
#10898 = DIRECTION('',(-0.,0.,-1.));
#10899 = DIRECTION('',(1.224646799147E-16,1.,0.));
#10900 = ADVANCED_FACE('',(#10901),#10992,.T.);
#10901 = FACE_BOUND('',#10902,.T.);
#10902 = EDGE_LOOP('',(#10903,#10904,#10912,#10921,#10929,#10937,#10945,
    #10953,#10961,#10969,#10977,#10986));
#10903 = ORIENTED_EDGE('',*,*,#8702,.F.);
#10904 = ORIENTED_EDGE('',*,*,#10905,.T.);
#10905 = EDGE_CURVE('',#8703,#10906,#10908,.T.);
#10906 = VERTEX_POINT('',#10907);
#10907 = CARTESIAN_POINT('',(19.68,-0.37,4.07));
#10908 = LINE('',#10909,#10910);
#10909 = CARTESIAN_POINT('',(19.68,-8.7,4.07));
#10910 = VECTOR('',#10911,1.);
#10911 = DIRECTION('',(1.224646799147E-16,1.,0.));
#10912 = ORIENTED_EDGE('',*,*,#10913,.T.);
#10913 = EDGE_CURVE('',#10906,#10914,#10916,.T.);
#10914 = VERTEX_POINT('',#10915);
#10915 = CARTESIAN_POINT('',(19.68,0.32,3.38));
#10916 = CIRCLE('',#10917,0.69);
#10917 = AXIS2_PLACEMENT_3D('',#10918,#10919,#10920);
#10918 = CARTESIAN_POINT('',(19.68,-0.37,3.38));
#10919 = DIRECTION('',(-1.,1.224646799147E-16,0.));
#10920 = DIRECTION('',(0.,0.,1.));
#10921 = ORIENTED_EDGE('',*,*,#10922,.T.);
#10922 = EDGE_CURVE('',#10914,#10923,#10925,.T.);
#10923 = VERTEX_POINT('',#10924);
#10924 = CARTESIAN_POINT('',(19.68,0.32,-0.9));
#10925 = LINE('',#10926,#10927);
#10926 = CARTESIAN_POINT('',(19.68,0.32,4.07));
#10927 = VECTOR('',#10928,1.);
#10928 = DIRECTION('',(-0.,0.,-1.));
#10929 = ORIENTED_EDGE('',*,*,#10930,.T.);
#10930 = EDGE_CURVE('',#10923,#10931,#10933,.T.);
#10931 = VERTEX_POINT('',#10932);
#10932 = CARTESIAN_POINT('',(19.68,2.E-02,-1.5));
#10933 = LINE('',#10934,#10935);
#10934 = CARTESIAN_POINT('',(19.68,0.32,-0.9));
#10935 = VECTOR('',#10936,1.);
#10936 = DIRECTION('',(-5.476786982641E-17,-0.4472135955,-0.894427191));
#10937 = ORIENTED_EDGE('',*,*,#10938,.T.);
#10938 = EDGE_CURVE('',#10931,#10939,#10941,.T.);
#10939 = VERTEX_POINT('',#10940);
#10940 = CARTESIAN_POINT('',(19.68,0.288421052632,-3.2));
#10941 = LINE('',#10942,#10943);
#10942 = CARTESIAN_POINT('',(19.68,2.E-02,-1.5));
#10943 = VECTOR('',#10944,1.);
#10944 = DIRECTION('',(1.909990663905E-17,0.155962573473,-0.987762965329
    ));
#10945 = ORIENTED_EDGE('',*,*,#10946,.T.);
#10946 = EDGE_CURVE('',#10939,#10947,#10949,.T.);
#10947 = VERTEX_POINT('',#10948);
#10948 = CARTESIAN_POINT('',(19.68,-0.351578947368,-3.2));
#10949 = LINE('',#10950,#10951);
#10950 = CARTESIAN_POINT('',(19.68,0.32,-3.2));
#10951 = VECTOR('',#10952,1.);
#10952 = DIRECTION('',(-1.224646799147E-16,-1.,0.));
#10953 = ORIENTED_EDGE('',*,*,#10954,.T.);
#10954 = EDGE_CURVE('',#10947,#10955,#10957,.T.);
#10955 = VERTEX_POINT('',#10956);
#10956 = CARTESIAN_POINT('',(19.68,-0.62,-1.5));
#10957 = LINE('',#10958,#10959);
#10958 = CARTESIAN_POINT('',(19.68,-0.32,-3.4));
#10959 = VECTOR('',#10960,1.);
#10960 = DIRECTION('',(-1.909990663905E-17,-0.155962573473,
    0.987762965329));
#10961 = ORIENTED_EDGE('',*,*,#10962,.T.);
#10962 = EDGE_CURVE('',#10955,#10963,#10965,.T.);
#10963 = VERTEX_POINT('',#10964);
#10964 = CARTESIAN_POINT('',(19.68,-0.32,-0.9));
#10965 = LINE('',#10966,#10967);
#10966 = CARTESIAN_POINT('',(19.68,-0.62,-1.5));
#10967 = VECTOR('',#10968,1.);
#10968 = DIRECTION('',(5.476786982641E-17,0.4472135955,0.894427191));
#10969 = ORIENTED_EDGE('',*,*,#10970,.T.);
#10970 = EDGE_CURVE('',#10963,#10971,#10973,.T.);
#10971 = VERTEX_POINT('',#10972);
#10972 = CARTESIAN_POINT('',(19.68,-0.32,3.38));
#10973 = LINE('',#10974,#10975);
#10974 = CARTESIAN_POINT('',(19.68,-0.32,-0.9));
#10975 = VECTOR('',#10976,1.);
#10976 = DIRECTION('',(0.,0.,1.));
#10977 = ORIENTED_EDGE('',*,*,#10978,.F.);
#10978 = EDGE_CURVE('',#10979,#10971,#10981,.T.);
#10979 = VERTEX_POINT('',#10980);
#10980 = CARTESIAN_POINT('',(19.68,-0.37,3.43));
#10981 = CIRCLE('',#10982,5.E-02);
#10982 = AXIS2_PLACEMENT_3D('',#10983,#10984,#10985);
#10983 = CARTESIAN_POINT('',(19.68,-0.37,3.38));
#10984 = DIRECTION('',(-1.,1.224646799147E-16,0.));
#10985 = DIRECTION('',(0.,0.,1.));
#10986 = ORIENTED_EDGE('',*,*,#10987,.T.);
#10987 = EDGE_CURVE('',#10979,#8705,#10988,.T.);
#10988 = LINE('',#10989,#10990);
#10989 = CARTESIAN_POINT('',(19.68,-0.32,3.43));
#10990 = VECTOR('',#10991,1.);
#10991 = DIRECTION('',(-1.224646799147E-16,-1.,0.));
#10992 = PLANE('',#10993);
#10993 = AXIS2_PLACEMENT_3D('',#10994,#10995,#10996);
#10994 = CARTESIAN_POINT('',(19.68,-2.46404183087,2.050076029119));
#10995 = DIRECTION('',(-1.,1.224646799147E-16,0.));
#10996 = DIRECTION('',(0.,0.,1.));
#10997 = ADVANCED_FACE('',(#10998),#11016,.F.);
#10998 = FACE_BOUND('',#10999,.F.);
#10999 = EDGE_LOOP('',(#11000,#11008,#11014,#11015));
#11000 = ORIENTED_EDGE('',*,*,#11001,.F.);
#11001 = EDGE_CURVE('',#11002,#8721,#11004,.T.);
#11002 = VERTEX_POINT('',#11003);
#11003 = CARTESIAN_POINT('',(20.32,-0.37,3.43));
#11004 = LINE('',#11005,#11006);
#11005 = CARTESIAN_POINT('',(20.32,-0.32,3.43));
#11006 = VECTOR('',#11007,1.);
#11007 = DIRECTION('',(-1.224646799147E-16,-1.,0.));
#11008 = ORIENTED_EDGE('',*,*,#11009,.T.);
#11009 = EDGE_CURVE('',#11002,#10979,#11010,.T.);
#11010 = LINE('',#11011,#11012);
#11011 = CARTESIAN_POINT('',(20.32,-0.37,3.43));
#11012 = VECTOR('',#11013,1.);
#11013 = DIRECTION('',(-1.,1.224646799147E-16,0.));
#11014 = ORIENTED_EDGE('',*,*,#10987,.T.);
#11015 = ORIENTED_EDGE('',*,*,#8728,.F.);
#11016 = PLANE('',#11017);
#11017 = AXIS2_PLACEMENT_3D('',#11018,#11019,#11020);
#11018 = CARTESIAN_POINT('',(20.32,-0.32,3.43));
#11019 = DIRECTION('',(0.,0.,1.));
#11020 = DIRECTION('',(-1.224646799147E-16,-1.,0.));
#11021 = ADVANCED_FACE('',(#11022),#11106,.F.);
#11022 = FACE_BOUND('',#11023,.F.);
#11023 = EDGE_LOOP('',(#11024,#11025,#11033,#11042,#11050,#11058,#11066,
    #11074,#11082,#11090,#11098,#11105));
#11024 = ORIENTED_EDGE('',*,*,#8720,.F.);
#11025 = ORIENTED_EDGE('',*,*,#11026,.T.);
#11026 = EDGE_CURVE('',#8713,#11027,#11029,.T.);
#11027 = VERTEX_POINT('',#11028);
#11028 = CARTESIAN_POINT('',(20.32,-0.37,4.07));
#11029 = LINE('',#11030,#11031);
#11030 = CARTESIAN_POINT('',(20.32,-8.7,4.07));
#11031 = VECTOR('',#11032,1.);
#11032 = DIRECTION('',(1.224646799147E-16,1.,0.));
#11033 = ORIENTED_EDGE('',*,*,#11034,.T.);
#11034 = EDGE_CURVE('',#11027,#11035,#11037,.T.);
#11035 = VERTEX_POINT('',#11036);
#11036 = CARTESIAN_POINT('',(20.32,0.32,3.38));
#11037 = CIRCLE('',#11038,0.69);
#11038 = AXIS2_PLACEMENT_3D('',#11039,#11040,#11041);
#11039 = CARTESIAN_POINT('',(20.32,-0.37,3.38));
#11040 = DIRECTION('',(-1.,1.224646799147E-16,0.));
#11041 = DIRECTION('',(0.,0.,1.));
#11042 = ORIENTED_EDGE('',*,*,#11043,.T.);
#11043 = EDGE_CURVE('',#11035,#11044,#11046,.T.);
#11044 = VERTEX_POINT('',#11045);
#11045 = CARTESIAN_POINT('',(20.32,0.32,-0.9));
#11046 = LINE('',#11047,#11048);
#11047 = CARTESIAN_POINT('',(20.32,0.32,4.07));
#11048 = VECTOR('',#11049,1.);
#11049 = DIRECTION('',(-0.,0.,-1.));
#11050 = ORIENTED_EDGE('',*,*,#11051,.T.);
#11051 = EDGE_CURVE('',#11044,#11052,#11054,.T.);
#11052 = VERTEX_POINT('',#11053);
#11053 = CARTESIAN_POINT('',(20.32,2.E-02,-1.5));
#11054 = LINE('',#11055,#11056);
#11055 = CARTESIAN_POINT('',(20.32,0.32,-0.9));
#11056 = VECTOR('',#11057,1.);
#11057 = DIRECTION('',(-5.476786982641E-17,-0.4472135955,-0.894427191));
#11058 = ORIENTED_EDGE('',*,*,#11059,.T.);
#11059 = EDGE_CURVE('',#11052,#11060,#11062,.T.);
#11060 = VERTEX_POINT('',#11061);
#11061 = CARTESIAN_POINT('',(20.32,0.288421052632,-3.2));
#11062 = LINE('',#11063,#11064);
#11063 = CARTESIAN_POINT('',(20.32,2.E-02,-1.5));
#11064 = VECTOR('',#11065,1.);
#11065 = DIRECTION('',(1.909990663905E-17,0.155962573473,-0.987762965329
    ));
#11066 = ORIENTED_EDGE('',*,*,#11067,.T.);
#11067 = EDGE_CURVE('',#11060,#11068,#11070,.T.);
#11068 = VERTEX_POINT('',#11069);
#11069 = CARTESIAN_POINT('',(20.32,-0.351578947368,-3.2));
#11070 = LINE('',#11071,#11072);
#11071 = CARTESIAN_POINT('',(20.32,0.32,-3.2));
#11072 = VECTOR('',#11073,1.);
#11073 = DIRECTION('',(-1.224646799147E-16,-1.,0.));
#11074 = ORIENTED_EDGE('',*,*,#11075,.T.);
#11075 = EDGE_CURVE('',#11068,#11076,#11078,.T.);
#11076 = VERTEX_POINT('',#11077);
#11077 = CARTESIAN_POINT('',(20.32,-0.62,-1.5));
#11078 = LINE('',#11079,#11080);
#11079 = CARTESIAN_POINT('',(20.32,-0.32,-3.4));
#11080 = VECTOR('',#11081,1.);
#11081 = DIRECTION('',(-1.909990663905E-17,-0.155962573473,
    0.987762965329));
#11082 = ORIENTED_EDGE('',*,*,#11083,.T.);
#11083 = EDGE_CURVE('',#11076,#11084,#11086,.T.);
#11084 = VERTEX_POINT('',#11085);
#11085 = CARTESIAN_POINT('',(20.32,-0.32,-0.9));
#11086 = LINE('',#11087,#11088);
#11087 = CARTESIAN_POINT('',(20.32,-0.62,-1.5));
#11088 = VECTOR('',#11089,1.);
#11089 = DIRECTION('',(5.476786982641E-17,0.4472135955,0.894427191));
#11090 = ORIENTED_EDGE('',*,*,#11091,.T.);
#11091 = EDGE_CURVE('',#11084,#11092,#11094,.T.);
#11092 = VERTEX_POINT('',#11093);
#11093 = CARTESIAN_POINT('',(20.32,-0.32,3.38));
#11094 = LINE('',#11095,#11096);
#11095 = CARTESIAN_POINT('',(20.32,-0.32,-0.9));
#11096 = VECTOR('',#11097,1.);
#11097 = DIRECTION('',(0.,0.,1.));
#11098 = ORIENTED_EDGE('',*,*,#11099,.F.);
#11099 = EDGE_CURVE('',#11002,#11092,#11100,.T.);
#11100 = CIRCLE('',#11101,5.E-02);
#11101 = AXIS2_PLACEMENT_3D('',#11102,#11103,#11104);
#11102 = CARTESIAN_POINT('',(20.32,-0.37,3.38));
#11103 = DIRECTION('',(-1.,1.224646799147E-16,0.));
#11104 = DIRECTION('',(0.,0.,1.));
#11105 = ORIENTED_EDGE('',*,*,#11001,.T.);
#11106 = PLANE('',#11107);
#11107 = AXIS2_PLACEMENT_3D('',#11108,#11109,#11110);
#11108 = CARTESIAN_POINT('',(20.32,-2.46404183087,2.050076029119));
#11109 = DIRECTION('',(-1.,1.224646799147E-16,0.));
#11110 = DIRECTION('',(0.,0.,1.));
#11111 = ADVANCED_FACE('',(#11112),#11123,.F.);
#11112 = FACE_BOUND('',#11113,.F.);
#11113 = EDGE_LOOP('',(#11114,#11115,#11116,#11117));
#11114 = ORIENTED_EDGE('',*,*,#11026,.F.);
#11115 = ORIENTED_EDGE('',*,*,#8712,.F.);
#11116 = ORIENTED_EDGE('',*,*,#10905,.T.);
#11117 = ORIENTED_EDGE('',*,*,#11118,.F.);
#11118 = EDGE_CURVE('',#11027,#10906,#11119,.T.);
#11119 = LINE('',#11120,#11121);
#11120 = CARTESIAN_POINT('',(20.32,-0.37,4.07));
#11121 = VECTOR('',#11122,1.);
#11122 = DIRECTION('',(-1.,1.224646799147E-16,0.));
#11123 = PLANE('',#11124);
#11124 = AXIS2_PLACEMENT_3D('',#11125,#11126,#11127);
#11125 = CARTESIAN_POINT('',(20.32,-8.7,4.07));
#11126 = DIRECTION('',(-0.,0.,-1.));
#11127 = DIRECTION('',(1.224646799147E-16,1.,0.));
#11128 = ADVANCED_FACE('',(#11129),#11148,.F.);
#11129 = FACE_BOUND('',#11130,.F.);
#11130 = EDGE_LOOP('',(#11131,#11139,#11146,#11147));
#11131 = ORIENTED_EDGE('',*,*,#11132,.T.);
#11132 = EDGE_CURVE('',#8801,#11133,#11135,.T.);
#11133 = VERTEX_POINT('',#11134);
#11134 = CARTESIAN_POINT('',(21.6,-5.85,4.75));
#11135 = LINE('',#11136,#11137);
#11136 = CARTESIAN_POINT('',(22.45,-5.85,4.75));
#11137 = VECTOR('',#11138,1.);
#11138 = DIRECTION('',(-1.,1.224646799147E-16,0.));
#11139 = ORIENTED_EDGE('',*,*,#11140,.T.);
#11140 = EDGE_CURVE('',#11133,#9223,#11141,.T.);
#11141 = CIRCLE('',#11142,0.5);
#11142 = AXIS2_PLACEMENT_3D('',#11143,#11144,#11145);
#11143 = CARTESIAN_POINT('',(21.6,-6.35,4.75));
#11144 = DIRECTION('',(1.,-1.224646799147E-16,0.));
#11145 = DIRECTION('',(1.359631073446E-32,1.110223024625E-16,1.));
#11146 = ORIENTED_EDGE('',*,*,#9230,.F.);
#11147 = ORIENTED_EDGE('',*,*,#8800,.T.);
#11148 = CYLINDRICAL_SURFACE('',#11149,0.5);
#11149 = AXIS2_PLACEMENT_3D('',#11150,#11151,#11152);
#11150 = CARTESIAN_POINT('',(22.45,-6.35,4.75));
#11151 = DIRECTION('',(1.,-1.224646799147E-16,0.));
#11152 = DIRECTION('',(1.359631073446E-32,1.110223024625E-16,1.));
#11153 = ADVANCED_FACE('',(#11154),#11165,.T.);
#11154 = FACE_BOUND('',#11155,.T.);
#11155 = EDGE_LOOP('',(#11156,#11157,#11158,#11164));
#11156 = ORIENTED_EDGE('',*,*,#8809,.F.);
#11157 = ORIENTED_EDGE('',*,*,#11132,.T.);
#11158 = ORIENTED_EDGE('',*,*,#11159,.T.);
#11159 = EDGE_CURVE('',#11133,#8936,#11160,.T.);
#11160 = LINE('',#11161,#11162);
#11161 = CARTESIAN_POINT('',(21.6,-5.85,2.925));
#11162 = VECTOR('',#11163,1.);
#11163 = DIRECTION('',(-1.359631073447E-32,-1.110223024625E-16,-1.));
#11164 = ORIENTED_EDGE('',*,*,#8935,.F.);
#11165 = PLANE('',#11166);
#11166 = AXIS2_PLACEMENT_3D('',#11167,#11168,#11169);
#11167 = CARTESIAN_POINT('',(22.45,-5.85,4.75));
#11168 = DIRECTION('',(-1.224646799147E-16,-1.,1.110223024625E-16));
#11169 = DIRECTION('',(-1.359631073447E-32,-1.110223024625E-16,-1.));
#11170 = ADVANCED_FACE('',(#11171),#11192,.F.);
#11171 = FACE_BOUND('',#11172,.F.);
#11172 = EDGE_LOOP('',(#11173,#11174,#11175,#11176,#11177,#11185,#11191)
  );
#11173 = ORIENTED_EDGE('',*,*,#8891,.T.);
#11174 = ORIENTED_EDGE('',*,*,#9018,.T.);
#11175 = ORIENTED_EDGE('',*,*,#9052,.T.);
#11176 = ORIENTED_EDGE('',*,*,#9206,.T.);
#11177 = ORIENTED_EDGE('',*,*,#11178,.T.);
#11178 = EDGE_CURVE('',#9207,#11179,#11181,.T.);
#11179 = VERTEX_POINT('',#11180);
#11180 = CARTESIAN_POINT('',(-1.6,-4.05,1.1));
#11181 = LINE('',#11182,#11183);
#11182 = CARTESIAN_POINT('',(-1.6,-4.05,5.25));
#11183 = VECTOR('',#11184,1.);
#11184 = DIRECTION('',(-1.359631073447E-32,-1.110223024625E-16,-1.));
#11185 = ORIENTED_EDGE('',*,*,#11186,.F.);
#11186 = EDGE_CURVE('',#8870,#11179,#11187,.T.);
#11187 = LINE('',#11188,#11189);
#11188 = CARTESIAN_POINT('',(-1.6,-9.2,1.1));
#11189 = VECTOR('',#11190,1.);
#11190 = DIRECTION('',(1.224646799147E-16,1.,-1.110223024625E-16));
#11191 = ORIENTED_EDGE('',*,*,#8877,.F.);
#11192 = PLANE('',#11193);
#11193 = AXIS2_PLACEMENT_3D('',#11194,#11195,#11196);
#11194 = CARTESIAN_POINT('',(-1.6,-9.2,5.25));
#11195 = DIRECTION('',(-1.,1.224646799147E-16,0.));
#11196 = DIRECTION('',(-1.359631073446E-32,-1.110223024625E-16,-1.));
#11197 = ADVANCED_FACE('',(#11198),#11219,.F.);
#11198 = FACE_BOUND('',#11199,.F.);
#11199 = EDGE_LOOP('',(#11200,#11201,#11202,#11210,#11216,#11217,#11218)
  );
#11200 = ORIENTED_EDGE('',*,*,#8943,.T.);
#11201 = ORIENTED_EDGE('',*,*,#8975,.F.);
#11202 = ORIENTED_EDGE('',*,*,#11203,.T.);
#11203 = EDGE_CURVE('',#8966,#11204,#11206,.T.);
#11204 = VERTEX_POINT('',#11205);
#11205 = CARTESIAN_POINT('',(21.6,-4.05,1.1));
#11206 = LINE('',#11207,#11208);
#11207 = CARTESIAN_POINT('',(21.6,-9.2,1.1));
#11208 = VECTOR('',#11209,1.);
#11209 = DIRECTION('',(1.224646799147E-16,1.,-1.110223024625E-16));
#11210 = ORIENTED_EDGE('',*,*,#11211,.T.);
#11211 = EDGE_CURVE('',#11204,#9215,#11212,.T.);
#11212 = LINE('',#11213,#11214);
#11213 = CARTESIAN_POINT('',(21.6,-4.05,1.1));
#11214 = VECTOR('',#11215,1.);
#11215 = DIRECTION('',(1.359631073447E-32,1.110223024625E-16,1.));
#11216 = ORIENTED_EDGE('',*,*,#9222,.F.);
#11217 = ORIENTED_EDGE('',*,*,#11140,.F.);
#11218 = ORIENTED_EDGE('',*,*,#11159,.T.);
#11219 = PLANE('',#11220);
#11220 = AXIS2_PLACEMENT_3D('',#11221,#11222,#11223);
#11221 = CARTESIAN_POINT('',(21.6,-9.2,1.1));
#11222 = DIRECTION('',(1.,-1.224646799147E-16,0.));
#11223 = DIRECTION('',(1.359631073446E-32,1.110223024625E-16,1.));
#11224 = ADVANCED_FACE('',(#11225),#11236,.F.);
#11225 = FACE_BOUND('',#11226,.F.);
#11226 = EDGE_LOOP('',(#11227,#11228,#11234,#11235));
#11227 = ORIENTED_EDGE('',*,*,#11186,.T.);
#11228 = ORIENTED_EDGE('',*,*,#11229,.T.);
#11229 = EDGE_CURVE('',#11179,#11204,#11230,.T.);
#11230 = LINE('',#11231,#11232);
#11231 = CARTESIAN_POINT('',(-1.6,-4.05,1.1));
#11232 = VECTOR('',#11233,1.);
#11233 = DIRECTION('',(1.,-1.224646799147E-16,0.));
#11234 = ORIENTED_EDGE('',*,*,#11203,.F.);
#11235 = ORIENTED_EDGE('',*,*,#8992,.F.);
#11236 = PLANE('',#11237);
#11237 = AXIS2_PLACEMENT_3D('',#11238,#11239,#11240);
#11238 = CARTESIAN_POINT('',(-1.6,-9.2,1.1));
#11239 = DIRECTION('',(-1.359631073447E-32,-1.110223024625E-16,-1.));
#11240 = DIRECTION('',(1.,-1.224646799147E-16,-6.927121900793E-45));
#11241 = ADVANCED_FACE('',(#11242,#11248,#11282,#11316,#11350,#11384,
    #11418,#11452,#11486,#11520),#11554,.T.);
#11242 = FACE_BOUND('',#11243,.T.);
#11243 = EDGE_LOOP('',(#11244,#11245,#11246,#11247));
#11244 = ORIENTED_EDGE('',*,*,#9214,.T.);
#11245 = ORIENTED_EDGE('',*,*,#11178,.T.);
#11246 = ORIENTED_EDGE('',*,*,#11229,.T.);
#11247 = ORIENTED_EDGE('',*,*,#11211,.T.);
#11248 = FACE_BOUND('',#11249,.T.);
#11249 = EDGE_LOOP('',(#11250,#11260,#11268,#11276));
#11250 = ORIENTED_EDGE('',*,*,#11251,.F.);
#11251 = EDGE_CURVE('',#11252,#11254,#11256,.T.);
#11252 = VERTEX_POINT('',#11253);
#11253 = CARTESIAN_POINT('',(17.18,-4.05,4.07));
#11254 = VERTEX_POINT('',#11255);
#11255 = CARTESIAN_POINT('',(17.18,-4.05,3.43));
#11256 = LINE('',#11257,#11258);
#11257 = CARTESIAN_POINT('',(17.18,-4.05,2.622728926622));
#11258 = VECTOR('',#11259,1.);
#11259 = DIRECTION('',(-1.359631073447E-32,-1.110223024625E-16,-1.));
#11260 = ORIENTED_EDGE('',*,*,#11261,.T.);
#11261 = EDGE_CURVE('',#11252,#11262,#11264,.T.);
#11262 = VERTEX_POINT('',#11263);
#11263 = CARTESIAN_POINT('',(17.82,-4.05,4.07));
#11264 = LINE('',#11265,#11266);
#11265 = CARTESIAN_POINT('',(13.91,-4.05,4.07));
#11266 = VECTOR('',#11267,1.);
#11267 = DIRECTION('',(1.,-1.224646799147E-16,0.));
#11268 = ORIENTED_EDGE('',*,*,#11269,.T.);
#11269 = EDGE_CURVE('',#11262,#11270,#11272,.T.);
#11270 = VERTEX_POINT('',#11271);
#11271 = CARTESIAN_POINT('',(17.82,-4.05,3.43));
#11272 = LINE('',#11273,#11274);
#11273 = CARTESIAN_POINT('',(17.82,-4.05,2.622728926622));
#11274 = VECTOR('',#11275,1.);
#11275 = DIRECTION('',(-1.359631073447E-32,-1.110223024625E-16,-1.));
#11276 = ORIENTED_EDGE('',*,*,#11277,.T.);
#11277 = EDGE_CURVE('',#11270,#11254,#11278,.T.);
#11278 = LINE('',#11279,#11280);
#11279 = CARTESIAN_POINT('',(13.91,-4.05,3.43));
#11280 = VECTOR('',#11281,1.);
#11281 = DIRECTION('',(-1.,1.224646799147E-16,0.));
#11282 = FACE_BOUND('',#11283,.T.);
#11283 = EDGE_LOOP('',(#11284,#11294,#11302,#11310));
#11284 = ORIENTED_EDGE('',*,*,#11285,.F.);
#11285 = EDGE_CURVE('',#11286,#11288,#11290,.T.);
#11286 = VERTEX_POINT('',#11287);
#11287 = CARTESIAN_POINT('',(14.68,-4.05,4.07));
#11288 = VERTEX_POINT('',#11289);
#11289 = CARTESIAN_POINT('',(14.68,-4.05,3.43));
#11290 = LINE('',#11291,#11292);
#11291 = CARTESIAN_POINT('',(14.68,-4.05,2.622728926622));
#11292 = VECTOR('',#11293,1.);
#11293 = DIRECTION('',(-1.359631073447E-32,-1.110223024625E-16,-1.));
#11294 = ORIENTED_EDGE('',*,*,#11295,.T.);
#11295 = EDGE_CURVE('',#11286,#11296,#11298,.T.);
#11296 = VERTEX_POINT('',#11297);
#11297 = CARTESIAN_POINT('',(15.32,-4.05,4.07));
#11298 = LINE('',#11299,#11300);
#11299 = CARTESIAN_POINT('',(12.66,-4.05,4.07));
#11300 = VECTOR('',#11301,1.);
#11301 = DIRECTION('',(1.,-1.224646799147E-16,0.));
#11302 = ORIENTED_EDGE('',*,*,#11303,.T.);
#11303 = EDGE_CURVE('',#11296,#11304,#11306,.T.);
#11304 = VERTEX_POINT('',#11305);
#11305 = CARTESIAN_POINT('',(15.32,-4.05,3.43));
#11306 = LINE('',#11307,#11308);
#11307 = CARTESIAN_POINT('',(15.32,-4.05,2.622728926622));
#11308 = VECTOR('',#11309,1.);
#11309 = DIRECTION('',(-1.359631073447E-32,-1.110223024625E-16,-1.));
#11310 = ORIENTED_EDGE('',*,*,#11311,.T.);
#11311 = EDGE_CURVE('',#11304,#11288,#11312,.T.);
#11312 = LINE('',#11313,#11314);
#11313 = CARTESIAN_POINT('',(12.66,-4.05,3.43));
#11314 = VECTOR('',#11315,1.);
#11315 = DIRECTION('',(-1.,1.224646799147E-16,0.));
#11316 = FACE_BOUND('',#11317,.T.);
#11317 = EDGE_LOOP('',(#11318,#11328,#11336,#11344));
#11318 = ORIENTED_EDGE('',*,*,#11319,.T.);
#11319 = EDGE_CURVE('',#11320,#11322,#11324,.T.);
#11320 = VERTEX_POINT('',#11321);
#11321 = CARTESIAN_POINT('',(12.18,-4.05,4.07));
#11322 = VERTEX_POINT('',#11323);
#11323 = CARTESIAN_POINT('',(12.82,-4.05,4.07));
#11324 = LINE('',#11325,#11326);
#11325 = CARTESIAN_POINT('',(11.41,-4.05,4.07));
#11326 = VECTOR('',#11327,1.);
#11327 = DIRECTION('',(1.,-1.224646799147E-16,0.));
#11328 = ORIENTED_EDGE('',*,*,#11329,.T.);
#11329 = EDGE_CURVE('',#11322,#11330,#11332,.T.);
#11330 = VERTEX_POINT('',#11331);
#11331 = CARTESIAN_POINT('',(12.82,-4.05,3.43));
#11332 = LINE('',#11333,#11334);
#11333 = CARTESIAN_POINT('',(12.82,-4.05,2.622728926622));
#11334 = VECTOR('',#11335,1.);
#11335 = DIRECTION('',(-1.359631073447E-32,-1.110223024625E-16,-1.));
#11336 = ORIENTED_EDGE('',*,*,#11337,.T.);
#11337 = EDGE_CURVE('',#11330,#11338,#11340,.T.);
#11338 = VERTEX_POINT('',#11339);
#11339 = CARTESIAN_POINT('',(12.18,-4.05,3.43));
#11340 = LINE('',#11341,#11342);
#11341 = CARTESIAN_POINT('',(11.41,-4.05,3.43));
#11342 = VECTOR('',#11343,1.);
#11343 = DIRECTION('',(-1.,1.224646799147E-16,0.));
#11344 = ORIENTED_EDGE('',*,*,#11345,.F.);
#11345 = EDGE_CURVE('',#11320,#11338,#11346,.T.);
#11346 = LINE('',#11347,#11348);
#11347 = CARTESIAN_POINT('',(12.18,-4.05,2.622728926622));
#11348 = VECTOR('',#11349,1.);
#11349 = DIRECTION('',(-1.359631073447E-32,-1.110223024625E-16,-1.));
#11350 = FACE_BOUND('',#11351,.T.);
#11351 = EDGE_LOOP('',(#11352,#11362,#11370,#11378));
#11352 = ORIENTED_EDGE('',*,*,#11353,.F.);
#11353 = EDGE_CURVE('',#11354,#11356,#11358,.T.);
#11354 = VERTEX_POINT('',#11355);
#11355 = CARTESIAN_POINT('',(4.68,-4.05,4.07));
#11356 = VERTEX_POINT('',#11357);
#11357 = CARTESIAN_POINT('',(4.68,-4.05,3.43));
#11358 = LINE('',#11359,#11360);
#11359 = CARTESIAN_POINT('',(4.68,-4.05,2.622728926622));
#11360 = VECTOR('',#11361,1.);
#11361 = DIRECTION('',(-1.359631073447E-32,-1.110223024625E-16,-1.));
#11362 = ORIENTED_EDGE('',*,*,#11363,.T.);
#11363 = EDGE_CURVE('',#11354,#11364,#11366,.T.);
#11364 = VERTEX_POINT('',#11365);
#11365 = CARTESIAN_POINT('',(5.32,-4.05,4.07));
#11366 = LINE('',#11367,#11368);
#11367 = CARTESIAN_POINT('',(7.66,-4.05,4.07));
#11368 = VECTOR('',#11369,1.);
#11369 = DIRECTION('',(1.,-1.224646799147E-16,0.));
#11370 = ORIENTED_EDGE('',*,*,#11371,.T.);
#11371 = EDGE_CURVE('',#11364,#11372,#11374,.T.);
#11372 = VERTEX_POINT('',#11373);
#11373 = CARTESIAN_POINT('',(5.32,-4.05,3.43));
#11374 = LINE('',#11375,#11376);
#11375 = CARTESIAN_POINT('',(5.32,-4.05,2.622728926622));
#11376 = VECTOR('',#11377,1.);
#11377 = DIRECTION('',(-1.359631073447E-32,-1.110223024625E-16,-1.));
#11378 = ORIENTED_EDGE('',*,*,#11379,.T.);
#11379 = EDGE_CURVE('',#11372,#11356,#11380,.T.);
#11380 = LINE('',#11381,#11382);
#11381 = CARTESIAN_POINT('',(7.66,-4.05,3.43));
#11382 = VECTOR('',#11383,1.);
#11383 = DIRECTION('',(-1.,1.224646799147E-16,0.));
#11384 = FACE_BOUND('',#11385,.T.);
#11385 = EDGE_LOOP('',(#11386,#11396,#11404,#11412));
#11386 = ORIENTED_EDGE('',*,*,#11387,.F.);
#11387 = EDGE_CURVE('',#11388,#11390,#11392,.T.);
#11388 = VERTEX_POINT('',#11389);
#11389 = CARTESIAN_POINT('',(7.18,-4.05,4.07));
#11390 = VERTEX_POINT('',#11391);
#11391 = CARTESIAN_POINT('',(7.18,-4.05,3.43));
#11392 = LINE('',#11393,#11394);
#11393 = CARTESIAN_POINT('',(7.18,-4.05,2.622728926622));
#11394 = VECTOR('',#11395,1.);
#11395 = DIRECTION('',(-1.359631073447E-32,-1.110223024625E-16,-1.));
#11396 = ORIENTED_EDGE('',*,*,#11397,.T.);
#11397 = EDGE_CURVE('',#11388,#11398,#11400,.T.);
#11398 = VERTEX_POINT('',#11399);
#11399 = CARTESIAN_POINT('',(7.82,-4.05,4.07));
#11400 = LINE('',#11401,#11402);
#11401 = CARTESIAN_POINT('',(8.91,-4.05,4.07));
#11402 = VECTOR('',#11403,1.);
#11403 = DIRECTION('',(1.,-1.224646799147E-16,0.));
#11404 = ORIENTED_EDGE('',*,*,#11405,.T.);
#11405 = EDGE_CURVE('',#11398,#11406,#11408,.T.);
#11406 = VERTEX_POINT('',#11407);
#11407 = CARTESIAN_POINT('',(7.82,-4.05,3.43));
#11408 = LINE('',#11409,#11410);
#11409 = CARTESIAN_POINT('',(7.82,-4.05,2.622728926622));
#11410 = VECTOR('',#11411,1.);
#11411 = DIRECTION('',(-1.359631073447E-32,-1.110223024625E-16,-1.));
#11412 = ORIENTED_EDGE('',*,*,#11413,.T.);
#11413 = EDGE_CURVE('',#11406,#11390,#11414,.T.);
#11414 = LINE('',#11415,#11416);
#11415 = CARTESIAN_POINT('',(8.91,-4.05,3.43));
#11416 = VECTOR('',#11417,1.);
#11417 = DIRECTION('',(-1.,1.224646799147E-16,0.));
#11418 = FACE_BOUND('',#11419,.T.);
#11419 = EDGE_LOOP('',(#11420,#11430,#11438,#11446));
#11420 = ORIENTED_EDGE('',*,*,#11421,.T.);
#11421 = EDGE_CURVE('',#11422,#11424,#11426,.T.);
#11422 = VERTEX_POINT('',#11423);
#11423 = CARTESIAN_POINT('',(9.68,-4.05,4.07));
#11424 = VERTEX_POINT('',#11425);
#11425 = CARTESIAN_POINT('',(10.32,-4.05,4.07));
#11426 = LINE('',#11427,#11428);
#11427 = CARTESIAN_POINT('',(10.16,-4.05,4.07));
#11428 = VECTOR('',#11429,1.);
#11429 = DIRECTION('',(1.,-1.224646799147E-16,0.));
#11430 = ORIENTED_EDGE('',*,*,#11431,.T.);
#11431 = EDGE_CURVE('',#11424,#11432,#11434,.T.);
#11432 = VERTEX_POINT('',#11433);
#11433 = CARTESIAN_POINT('',(10.32,-4.05,3.43));
#11434 = LINE('',#11435,#11436);
#11435 = CARTESIAN_POINT('',(10.32,-4.05,2.622728926622));
#11436 = VECTOR('',#11437,1.);
#11437 = DIRECTION('',(-1.359631073447E-32,-1.110223024625E-16,-1.));
#11438 = ORIENTED_EDGE('',*,*,#11439,.T.);
#11439 = EDGE_CURVE('',#11432,#11440,#11442,.T.);
#11440 = VERTEX_POINT('',#11441);
#11441 = CARTESIAN_POINT('',(9.68,-4.05,3.43));
#11442 = LINE('',#11443,#11444);
#11443 = CARTESIAN_POINT('',(10.16,-4.05,3.43));
#11444 = VECTOR('',#11445,1.);
#11445 = DIRECTION('',(-1.,1.224646799147E-16,0.));
#11446 = ORIENTED_EDGE('',*,*,#11447,.F.);
#11447 = EDGE_CURVE('',#11422,#11440,#11448,.T.);
#11448 = LINE('',#11449,#11450);
#11449 = CARTESIAN_POINT('',(9.68,-4.05,2.622728926622));
#11450 = VECTOR('',#11451,1.);
#11451 = DIRECTION('',(-1.359631073447E-32,-1.110223024625E-16,-1.));
#11452 = FACE_BOUND('',#11453,.T.);
#11453 = EDGE_LOOP('',(#11454,#11464,#11472,#11480));
#11454 = ORIENTED_EDGE('',*,*,#11455,.F.);
#11455 = EDGE_CURVE('',#11456,#11458,#11460,.T.);
#11456 = VERTEX_POINT('',#11457);
#11457 = CARTESIAN_POINT('',(-0.32,-4.05,4.07));
#11458 = VERTEX_POINT('',#11459);
#11459 = CARTESIAN_POINT('',(-0.32,-4.05,3.43));
#11460 = LINE('',#11461,#11462);
#11461 = CARTESIAN_POINT('',(-0.32,-4.05,2.612538014559));
#11462 = VECTOR('',#11463,1.);
#11463 = DIRECTION('',(-1.359631073447E-32,-1.110223024625E-16,-1.));
#11464 = ORIENTED_EDGE('',*,*,#11465,.T.);
#11465 = EDGE_CURVE('',#11456,#11466,#11468,.T.);
#11466 = VERTEX_POINT('',#11467);
#11467 = CARTESIAN_POINT('',(0.32,-4.05,4.07));
#11468 = LINE('',#11469,#11470);
#11469 = CARTESIAN_POINT('',(5.16,-4.05,4.07));
#11470 = VECTOR('',#11471,1.);
#11471 = DIRECTION('',(1.,-1.224646799147E-16,0.));
#11472 = ORIENTED_EDGE('',*,*,#11473,.T.);
#11473 = EDGE_CURVE('',#11466,#11474,#11476,.T.);
#11474 = VERTEX_POINT('',#11475);
#11475 = CARTESIAN_POINT('',(0.32,-4.05,3.43));
#11476 = LINE('',#11477,#11478);
#11477 = CARTESIAN_POINT('',(0.32,-4.05,2.612538014559));
#11478 = VECTOR('',#11479,1.);
#11479 = DIRECTION('',(-1.359631073447E-32,-1.110223024625E-16,-1.));
#11480 = ORIENTED_EDGE('',*,*,#11481,.T.);
#11481 = EDGE_CURVE('',#11474,#11458,#11482,.T.);
#11482 = LINE('',#11483,#11484);
#11483 = CARTESIAN_POINT('',(5.16,-4.05,3.43));
#11484 = VECTOR('',#11485,1.);
#11485 = DIRECTION('',(-1.,1.224646799147E-16,0.));
#11486 = FACE_BOUND('',#11487,.T.);
#11487 = EDGE_LOOP('',(#11488,#11498,#11506,#11514));
#11488 = ORIENTED_EDGE('',*,*,#11489,.F.);
#11489 = EDGE_CURVE('',#11490,#11492,#11494,.T.);
#11490 = VERTEX_POINT('',#11491);
#11491 = CARTESIAN_POINT('',(2.18,-4.05,4.07));
#11492 = VERTEX_POINT('',#11493);
#11493 = CARTESIAN_POINT('',(2.18,-4.05,3.43));
#11494 = LINE('',#11495,#11496);
#11495 = CARTESIAN_POINT('',(2.18,-4.05,2.622728926622));
#11496 = VECTOR('',#11497,1.);
#11497 = DIRECTION('',(-1.359631073447E-32,-1.110223024625E-16,-1.));
#11498 = ORIENTED_EDGE('',*,*,#11499,.T.);
#11499 = EDGE_CURVE('',#11490,#11500,#11502,.T.);
#11500 = VERTEX_POINT('',#11501);
#11501 = CARTESIAN_POINT('',(2.82,-4.05,4.07));
#11502 = LINE('',#11503,#11504);
#11503 = CARTESIAN_POINT('',(6.41,-4.05,4.07));
#11504 = VECTOR('',#11505,1.);
#11505 = DIRECTION('',(1.,-1.224646799147E-16,0.));
#11506 = ORIENTED_EDGE('',*,*,#11507,.T.);
#11507 = EDGE_CURVE('',#11500,#11508,#11510,.T.);
#11508 = VERTEX_POINT('',#11509);
#11509 = CARTESIAN_POINT('',(2.82,-4.05,3.43));
#11510 = LINE('',#11511,#11512);
#11511 = CARTESIAN_POINT('',(2.82,-4.05,2.622728926622));
#11512 = VECTOR('',#11513,1.);
#11513 = DIRECTION('',(-1.359631073447E-32,-1.110223024625E-16,-1.));
#11514 = ORIENTED_EDGE('',*,*,#11515,.T.);
#11515 = EDGE_CURVE('',#11508,#11492,#11516,.T.);
#11516 = LINE('',#11517,#11518);
#11517 = CARTESIAN_POINT('',(6.41,-4.05,3.43));
#11518 = VECTOR('',#11519,1.);
#11519 = DIRECTION('',(-1.,1.224646799147E-16,0.));
#11520 = FACE_BOUND('',#11521,.T.);
#11521 = EDGE_LOOP('',(#11522,#11532,#11540,#11548));
#11522 = ORIENTED_EDGE('',*,*,#11523,.F.);
#11523 = EDGE_CURVE('',#11524,#11526,#11528,.T.);
#11524 = VERTEX_POINT('',#11525);
#11525 = CARTESIAN_POINT('',(19.68,-4.05,4.07));
#11526 = VERTEX_POINT('',#11527);
#11527 = CARTESIAN_POINT('',(19.68,-4.05,3.43));
#11528 = LINE('',#11529,#11530);
#11529 = CARTESIAN_POINT('',(19.68,-4.05,2.612538014559));
#11530 = VECTOR('',#11531,1.);
#11531 = DIRECTION('',(-1.359631073447E-32,-1.110223024625E-16,-1.));
#11532 = ORIENTED_EDGE('',*,*,#11533,.T.);
#11533 = EDGE_CURVE('',#11524,#11534,#11536,.T.);
#11534 = VERTEX_POINT('',#11535);
#11535 = CARTESIAN_POINT('',(20.32,-4.05,4.07));
#11536 = LINE('',#11537,#11538);
#11537 = CARTESIAN_POINT('',(15.16,-4.05,4.07));
#11538 = VECTOR('',#11539,1.);
#11539 = DIRECTION('',(1.,-1.224646799147E-16,0.));
#11540 = ORIENTED_EDGE('',*,*,#11541,.T.);
#11541 = EDGE_CURVE('',#11534,#11542,#11544,.T.);
#11542 = VERTEX_POINT('',#11543);
#11543 = CARTESIAN_POINT('',(20.32,-4.05,3.43));
#11544 = LINE('',#11545,#11546);
#11545 = CARTESIAN_POINT('',(20.32,-4.05,2.612538014559));
#11546 = VECTOR('',#11547,1.);
#11547 = DIRECTION('',(-1.359631073447E-32,-1.110223024625E-16,-1.));
#11548 = ORIENTED_EDGE('',*,*,#11549,.T.);
#11549 = EDGE_CURVE('',#11542,#11526,#11550,.T.);
#11550 = LINE('',#11551,#11552);
#11551 = CARTESIAN_POINT('',(15.16,-4.05,3.43));
#11552 = VECTOR('',#11553,1.);
#11553 = DIRECTION('',(-1.,1.224646799147E-16,0.));
#11554 = PLANE('',#11555);
#11555 = AXIS2_PLACEMENT_3D('',#11556,#11557,#11558);
#11556 = CARTESIAN_POINT('',(10.,-4.05,3.175));
#11557 = DIRECTION('',(-1.224646799147E-16,-1.,1.110223024625E-16));
#11558 = DIRECTION('',(-1.,1.224646799147E-16,0.));
#11559 = ADVANCED_FACE('',(#11560),#11571,.F.);
#11560 = FACE_BOUND('',#11561,.F.);
#11561 = EDGE_LOOP('',(#11562,#11563,#11569,#11570));
#11562 = ORIENTED_EDGE('',*,*,#9723,.T.);
#11563 = ORIENTED_EDGE('',*,*,#11564,.T.);
#11564 = EDGE_CURVE('',#9716,#9595,#11565,.T.);
#11565 = LINE('',#11566,#11567);
#11566 = CARTESIAN_POINT('',(0.32,-0.32,3.38));
#11567 = VECTOR('',#11568,1.);
#11568 = DIRECTION('',(-1.,1.224646799147E-16,0.));
#11569 = ORIENTED_EDGE('',*,*,#9602,.F.);
#11570 = ORIENTED_EDGE('',*,*,#9633,.F.);
#11571 = CYLINDRICAL_SURFACE('',#11572,5.E-02);
#11572 = AXIS2_PLACEMENT_3D('',#11573,#11574,#11575);
#11573 = CARTESIAN_POINT('',(0.32,-0.37,3.38));
#11574 = DIRECTION('',(-1.,1.224646799147E-16,0.));
#11575 = DIRECTION('',(0.,0.,1.));
#11576 = ADVANCED_FACE('',(#11577),#11588,.F.);
#11577 = FACE_BOUND('',#11578,.F.);
#11578 = EDGE_LOOP('',(#11579,#11580,#11586,#11587));
#11579 = ORIENTED_EDGE('',*,*,#9715,.F.);
#11580 = ORIENTED_EDGE('',*,*,#11581,.T.);
#11581 = EDGE_CURVE('',#9708,#9587,#11582,.T.);
#11582 = LINE('',#11583,#11584);
#11583 = CARTESIAN_POINT('',(0.32,-0.32,-0.9));
#11584 = VECTOR('',#11585,1.);
#11585 = DIRECTION('',(-1.,1.224646799147E-16,0.));
#11586 = ORIENTED_EDGE('',*,*,#9594,.T.);
#11587 = ORIENTED_EDGE('',*,*,#11564,.F.);
#11588 = PLANE('',#11589);
#11589 = AXIS2_PLACEMENT_3D('',#11590,#11591,#11592);
#11590 = CARTESIAN_POINT('',(0.32,-0.32,-0.9));
#11591 = DIRECTION('',(1.224646799147E-16,1.,0.));
#11592 = DIRECTION('',(0.,-0.,1.));
#11593 = ADVANCED_FACE('',(#11594),#11605,.F.);
#11594 = FACE_BOUND('',#11595,.F.);
#11595 = EDGE_LOOP('',(#11596,#11602,#11603,#11604));
#11596 = ORIENTED_EDGE('',*,*,#11597,.T.);
#11597 = EDGE_CURVE('',#9700,#9579,#11598,.T.);
#11598 = LINE('',#11599,#11600);
#11599 = CARTESIAN_POINT('',(0.32,-0.62,-1.5));
#11600 = VECTOR('',#11601,1.);
#11601 = DIRECTION('',(-1.,1.224646799147E-16,0.));
#11602 = ORIENTED_EDGE('',*,*,#9586,.T.);
#11603 = ORIENTED_EDGE('',*,*,#11581,.F.);
#11604 = ORIENTED_EDGE('',*,*,#9707,.F.);
#11605 = PLANE('',#11606);
#11606 = AXIS2_PLACEMENT_3D('',#11607,#11608,#11609);
#11607 = CARTESIAN_POINT('',(0.32,-0.62,-1.5));
#11608 = DIRECTION('',(1.095357396528E-16,0.894427191,-0.4472135955));
#11609 = DIRECTION('',(5.476786982641E-17,0.4472135955,0.894427191));
#11610 = ADVANCED_FACE('',(#11611),#11638,.F.);
#11611 = FACE_BOUND('',#11612,.F.);
#11612 = EDGE_LOOP('',(#11613,#11614,#11622,#11630,#11636,#11637));
#11613 = ORIENTED_EDGE('',*,*,#9699,.F.);
#11614 = ORIENTED_EDGE('',*,*,#11615,.F.);
#11615 = EDGE_CURVE('',#11616,#9692,#11618,.T.);
#11616 = VERTEX_POINT('',#11617);
#11617 = CARTESIAN_POINT('',(0.317552593066,-0.351192514695,
    -3.202447406934));
#11618 = LINE('',#11619,#11620);
#11619 = CARTESIAN_POINT('',(0.193816689466,-0.331655266758,
    -3.326183310534));
#11620 = VECTOR('',#11621,1.);
#11621 = DIRECTION('',(0.702740385383,-0.110959008218,0.702740385383));
#11622 = ORIENTED_EDGE('',*,*,#11623,.T.);
#11623 = EDGE_CURVE('',#11616,#11624,#11626,.T.);
#11624 = VERTEX_POINT('',#11625);
#11625 = CARTESIAN_POINT('',(-0.317552593066,-0.351192514695,
    -3.202447406934));
#11626 = LINE('',#11627,#11628);
#11627 = CARTESIAN_POINT('',(0.32,-0.351192514695,-3.202447406934));
#11628 = VECTOR('',#11629,1.);
#11629 = DIRECTION('',(-1.,1.224646799147E-16,0.));
#11630 = ORIENTED_EDGE('',*,*,#11631,.T.);
#11631 = EDGE_CURVE('',#11624,#9571,#11632,.T.);
#11632 = LINE('',#11633,#11634);
#11633 = CARTESIAN_POINT('',(-3.578659370725E-02,-0.306703146375,
    -3.484213406293));
#11634 = VECTOR('',#11635,1.);
#11635 = DIRECTION('',(-0.702740385383,-0.110959008218,0.702740385383));
#11636 = ORIENTED_EDGE('',*,*,#9578,.T.);
#11637 = ORIENTED_EDGE('',*,*,#11597,.F.);
#11638 = PLANE('',#11639);
#11639 = AXIS2_PLACEMENT_3D('',#11640,#11641,#11642);
#11640 = CARTESIAN_POINT('',(0.32,-0.32,-3.4));
#11641 = DIRECTION('',(1.209660753807E-16,0.987762965329,0.155962573473)
  );
#11642 = DIRECTION('',(-1.909990663905E-17,-0.155962573473,
    0.987762965329));
#11643 = ADVANCED_FACE('',(#11644),#11678,.F.);
#11644 = FACE_BOUND('',#11645,.T.);
#11645 = EDGE_LOOP('',(#11646,#11654,#11655,#11656,#11664,#11672));
#11646 = ORIENTED_EDGE('',*,*,#11647,.T.);
#11647 = EDGE_CURVE('',#11648,#11624,#11650,.T.);
#11648 = VERTEX_POINT('',#11649);
#11649 = CARTESIAN_POINT('',(-0.12,-0.12,-3.4));
#11650 = LINE('',#11651,#11652);
#11651 = CARTESIAN_POINT('',(-4.270986134977E-02,-2.95486359438E-02,
    -3.47729013865));
#11652 = VECTOR('',#11653,1.);
#11653 = DIRECTION('',(-0.544770019249,-0.63753529491,0.544770019249));
#11654 = ORIENTED_EDGE('',*,*,#11631,.T.);
#11655 = ORIENTED_EDGE('',*,*,#9570,.F.);
#11656 = ORIENTED_EDGE('',*,*,#11657,.F.);
#11657 = EDGE_CURVE('',#11658,#9563,#11660,.T.);
#11658 = VERTEX_POINT('',#11659);
#11659 = CARTESIAN_POINT('',(-0.317552593066,0.288807485305,
    -3.202447406934));
#11660 = LINE('',#11661,#11662);
#11661 = CARTESIAN_POINT('',(-0.541586867305,0.253433652531,
    -2.978413132695));
#11662 = VECTOR('',#11663,1.);
#11663 = DIRECTION('',(-0.702740385383,-0.110959008218,0.702740385383));
#11664 = ORIENTED_EDGE('',*,*,#11665,.F.);
#11665 = EDGE_CURVE('',#11666,#11658,#11668,.T.);
#11666 = VERTEX_POINT('',#11667);
#11667 = CARTESIAN_POINT('',(-0.12,0.12,-3.4));
#11668 = LINE('',#11669,#11670);
#11669 = CARTESIAN_POINT('',(-0.138643150189,0.135930458076,
    -3.381356849811));
#11670 = VECTOR('',#11671,1.);
#11671 = DIRECTION('',(-0.605209817607,0.517148096144,0.605209817607));
#11672 = ORIENTED_EDGE('',*,*,#11673,.T.);
#11673 = EDGE_CURVE('',#11666,#11648,#11674,.T.);
#11674 = LINE('',#11675,#11676);
#11675 = CARTESIAN_POINT('',(-0.12,0.32,-3.4));
#11676 = VECTOR('',#11677,1.);
#11677 = DIRECTION('',(-1.224646799147E-16,-1.,0.));
#11678 = PLANE('',#11679);
#11679 = AXIS2_PLACEMENT_3D('',#11680,#11681,#11682);
#11680 = CARTESIAN_POINT('',(-0.22,0.32,-3.3));
#11681 = DIRECTION('',(0.707106781187,-8.833102285013E-17,0.707106781187
    ));
#11682 = DIRECTION('',(1.236918052038E-16,1.,1.227125289097E-18));
#11683 = ADVANCED_FACE('',(#11684),#11709,.F.);
#11684 = FACE_BOUND('',#11685,.F.);
#11685 = EDGE_LOOP('',(#11686,#11687,#11693,#11694,#11695,#11703));
#11686 = ORIENTED_EDGE('',*,*,#9683,.F.);
#11687 = ORIENTED_EDGE('',*,*,#11688,.T.);
#11688 = EDGE_CURVE('',#9676,#9555,#11689,.T.);
#11689 = LINE('',#11690,#11691);
#11690 = CARTESIAN_POINT('',(0.32,2.E-02,-1.5));
#11691 = VECTOR('',#11692,1.);
#11692 = DIRECTION('',(-1.,1.224646799147E-16,0.));
#11693 = ORIENTED_EDGE('',*,*,#9562,.T.);
#11694 = ORIENTED_EDGE('',*,*,#11657,.F.);
#11695 = ORIENTED_EDGE('',*,*,#11696,.F.);
#11696 = EDGE_CURVE('',#11697,#11658,#11699,.T.);
#11697 = VERTEX_POINT('',#11698);
#11698 = CARTESIAN_POINT('',(0.317552593066,0.288807485305,
    -3.202447406934));
#11699 = LINE('',#11700,#11701);
#11700 = CARTESIAN_POINT('',(0.32,0.288807485305,-3.202447406934));
#11701 = VECTOR('',#11702,1.);
#11702 = DIRECTION('',(-1.,1.224646799147E-16,0.));
#11703 = ORIENTED_EDGE('',*,*,#11704,.T.);
#11704 = EDGE_CURVE('',#11697,#9684,#11705,.T.);
#11705 = LINE('',#11706,#11707);
#11706 = CARTESIAN_POINT('',(0.699616963064,0.228481532148,
    -2.820383036936));
#11707 = VECTOR('',#11708,1.);
#11708 = DIRECTION('',(0.702740385383,-0.110959008218,0.702740385383));
#11709 = PLANE('',#11710);
#11710 = AXIS2_PLACEMENT_3D('',#11711,#11712,#11713);
#11711 = CARTESIAN_POINT('',(0.32,2.E-02,-1.5));
#11712 = DIRECTION('',(-1.209660753807E-16,-0.987762965329,
    -0.155962573473));
#11713 = DIRECTION('',(1.909990663905E-17,0.155962573473,-0.987762965329
    ));
#11714 = ADVANCED_FACE('',(#11715),#11726,.F.);
#11715 = FACE_BOUND('',#11716,.F.);
#11716 = EDGE_LOOP('',(#11717,#11723,#11724,#11725));
#11717 = ORIENTED_EDGE('',*,*,#11718,.T.);
#11718 = EDGE_CURVE('',#9668,#9547,#11719,.T.);
#11719 = LINE('',#11720,#11721);
#11720 = CARTESIAN_POINT('',(0.32,0.32,-0.9));
#11721 = VECTOR('',#11722,1.);
#11722 = DIRECTION('',(-1.,1.224646799147E-16,0.));
#11723 = ORIENTED_EDGE('',*,*,#9554,.T.);
#11724 = ORIENTED_EDGE('',*,*,#11688,.F.);
#11725 = ORIENTED_EDGE('',*,*,#9675,.F.);
#11726 = PLANE('',#11727);
#11727 = AXIS2_PLACEMENT_3D('',#11728,#11729,#11730);
#11728 = CARTESIAN_POINT('',(0.32,0.32,-0.9));
#11729 = DIRECTION('',(-1.095357396528E-16,-0.894427191,0.4472135955));
#11730 = DIRECTION('',(-5.476786982641E-17,-0.4472135955,-0.894427191));
#11731 = ADVANCED_FACE('',(#11732),#11743,.F.);
#11732 = FACE_BOUND('',#11733,.F.);
#11733 = EDGE_LOOP('',(#11734,#11735,#11741,#11742));
#11734 = ORIENTED_EDGE('',*,*,#9667,.F.);
#11735 = ORIENTED_EDGE('',*,*,#11736,.T.);
#11736 = EDGE_CURVE('',#9659,#9538,#11737,.T.);
#11737 = LINE('',#11738,#11739);
#11738 = CARTESIAN_POINT('',(0.32,0.32,3.38));
#11739 = VECTOR('',#11740,1.);
#11740 = DIRECTION('',(-1.,1.224646799147E-16,0.));
#11741 = ORIENTED_EDGE('',*,*,#9546,.T.);
#11742 = ORIENTED_EDGE('',*,*,#11718,.F.);
#11743 = PLANE('',#11744);
#11744 = AXIS2_PLACEMENT_3D('',#11745,#11746,#11747);
#11745 = CARTESIAN_POINT('',(0.32,0.32,4.07));
#11746 = DIRECTION('',(-1.224646799147E-16,-1.,0.));
#11747 = DIRECTION('',(-0.,0.,-1.));
#11748 = ADVANCED_FACE('',(#11749),#11755,.T.);
#11749 = FACE_BOUND('',#11750,.T.);
#11750 = EDGE_LOOP('',(#11751,#11752,#11753,#11754));
#11751 = ORIENTED_EDGE('',*,*,#9658,.T.);
#11752 = ORIENTED_EDGE('',*,*,#11736,.T.);
#11753 = ORIENTED_EDGE('',*,*,#9537,.F.);
#11754 = ORIENTED_EDGE('',*,*,#9742,.F.);
#11755 = CYLINDRICAL_SURFACE('',#11756,0.69);
#11756 = AXIS2_PLACEMENT_3D('',#11757,#11758,#11759);
#11757 = CARTESIAN_POINT('',(0.32,-0.37,3.38));
#11758 = DIRECTION('',(-1.,1.224646799147E-16,0.));
#11759 = DIRECTION('',(0.,0.,1.));
#11760 = ADVANCED_FACE('',(#11761),#11788,.T.);
#11761 = FACE_BOUND('',#11762,.F.);
#11762 = EDGE_LOOP('',(#11763,#11771,#11772,#11773,#11774,#11782));
#11763 = ORIENTED_EDGE('',*,*,#11764,.T.);
#11764 = EDGE_CURVE('',#11765,#11616,#11767,.T.);
#11765 = VERTEX_POINT('',#11766);
#11766 = CARTESIAN_POINT('',(0.12,-0.12,-3.4));
#11767 = LINE('',#11768,#11769);
#11768 = CARTESIAN_POINT('',(0.137677660989,-0.140687872705,
    -3.382322339011));
#11769 = VECTOR('',#11770,1.);
#11770 = DIRECTION('',(0.544770019249,-0.63753529491,0.544770019249));
#11771 = ORIENTED_EDGE('',*,*,#11615,.T.);
#11772 = ORIENTED_EDGE('',*,*,#9691,.F.);
#11773 = ORIENTED_EDGE('',*,*,#11704,.F.);
#11774 = ORIENTED_EDGE('',*,*,#11775,.F.);
#11775 = EDGE_CURVE('',#11776,#11697,#11778,.T.);
#11776 = VERTEX_POINT('',#11777);
#11777 = CARTESIAN_POINT('',(0.12,0.12,-3.4));
#11778 = LINE('',#11779,#11780);
#11779 = CARTESIAN_POINT('',(0.255852405654,0.236085051658,
    -3.264147594346));
#11780 = VECTOR('',#11781,1.);
#11781 = DIRECTION('',(0.605209817607,0.517148096144,0.605209817607));
#11782 = ORIENTED_EDGE('',*,*,#11783,.T.);
#11783 = EDGE_CURVE('',#11776,#11765,#11784,.T.);
#11784 = LINE('',#11785,#11786);
#11785 = CARTESIAN_POINT('',(0.12,0.32,-3.4));
#11786 = VECTOR('',#11787,1.);
#11787 = DIRECTION('',(-1.224646799147E-16,-1.,0.));
#11788 = PLANE('',#11789);
#11789 = AXIS2_PLACEMENT_3D('',#11790,#11791,#11792);
#11790 = CARTESIAN_POINT('',(0.22,0.32,-3.3));
#11791 = DIRECTION('',(0.707106781187,-8.486018839685E-17,
    -0.707106781187));
#11792 = DIRECTION('',(1.212375546256E-16,1.,1.227125289196E-18));
#11793 = ADVANCED_FACE('',(#11794),#11805,.F.);
#11794 = FACE_BOUND('',#11795,.F.);
#11795 = EDGE_LOOP('',(#11796,#11797,#11803,#11804));
#11796 = ORIENTED_EDGE('',*,*,#9887,.T.);
#11797 = ORIENTED_EDGE('',*,*,#11798,.T.);
#11798 = EDGE_CURVE('',#9880,#9791,#11799,.T.);
#11799 = LINE('',#11800,#11801);
#11800 = CARTESIAN_POINT('',(2.82,-0.32,3.38));
#11801 = VECTOR('',#11802,1.);
#11802 = DIRECTION('',(-1.,1.224646799147E-16,0.));
#11803 = ORIENTED_EDGE('',*,*,#9798,.F.);
#11804 = ORIENTED_EDGE('',*,*,#9829,.F.);
#11805 = CYLINDRICAL_SURFACE('',#11806,5.E-02);
#11806 = AXIS2_PLACEMENT_3D('',#11807,#11808,#11809);
#11807 = CARTESIAN_POINT('',(2.82,-0.37,3.38));
#11808 = DIRECTION('',(-1.,1.224646799147E-16,0.));
#11809 = DIRECTION('',(0.,0.,1.));
#11810 = ADVANCED_FACE('',(#11811),#11822,.F.);
#11811 = FACE_BOUND('',#11812,.F.);
#11812 = EDGE_LOOP('',(#11813,#11814,#11820,#11821));
#11813 = ORIENTED_EDGE('',*,*,#9879,.F.);
#11814 = ORIENTED_EDGE('',*,*,#11815,.T.);
#11815 = EDGE_CURVE('',#9872,#9783,#11816,.T.);
#11816 = LINE('',#11817,#11818);
#11817 = CARTESIAN_POINT('',(2.82,-0.32,-3.2));
#11818 = VECTOR('',#11819,1.);
#11819 = DIRECTION('',(-1.,1.224646799147E-16,0.));
#11820 = ORIENTED_EDGE('',*,*,#9790,.T.);
#11821 = ORIENTED_EDGE('',*,*,#11798,.F.);
#11822 = PLANE('',#11823);
#11823 = AXIS2_PLACEMENT_3D('',#11824,#11825,#11826);
#11824 = CARTESIAN_POINT('',(2.82,-0.32,-3.4));
#11825 = DIRECTION('',(1.224646799147E-16,1.,0.));
#11826 = DIRECTION('',(0.,-0.,1.));
#11827 = ADVANCED_FACE('',(#11828),#11853,.F.);
#11828 = FACE_BOUND('',#11829,.T.);
#11829 = EDGE_LOOP('',(#11830,#11838,#11846,#11852));
#11830 = ORIENTED_EDGE('',*,*,#11831,.F.);
#11831 = EDGE_CURVE('',#11832,#9775,#11834,.T.);
#11832 = VERTEX_POINT('',#11833);
#11833 = CARTESIAN_POINT('',(2.38,0.12,-3.4));
#11834 = LINE('',#11835,#11836);
#11835 = CARTESIAN_POINT('',(2.353333333333,0.146666666667,
    -3.373333333333));
#11836 = VECTOR('',#11837,1.);
#11837 = DIRECTION('',(-0.57735026919,0.57735026919,0.57735026919));
#11838 = ORIENTED_EDGE('',*,*,#11839,.T.);
#11839 = EDGE_CURVE('',#11832,#11840,#11842,.T.);
#11840 = VERTEX_POINT('',#11841);
#11841 = CARTESIAN_POINT('',(2.38,-0.12,-3.4));
#11842 = LINE('',#11843,#11844);
#11843 = CARTESIAN_POINT('',(2.38,0.32,-3.4));
#11844 = VECTOR('',#11845,1.);
#11845 = DIRECTION('',(-1.224646799147E-16,-1.,0.));
#11846 = ORIENTED_EDGE('',*,*,#11847,.T.);
#11847 = EDGE_CURVE('',#11840,#9783,#11848,.T.);
#11848 = LINE('',#11849,#11850);
#11849 = CARTESIAN_POINT('',(2.46,-4.E-02,-3.48));
#11850 = VECTOR('',#11851,1.);
#11851 = DIRECTION('',(-0.57735026919,-0.57735026919,0.57735026919));
#11852 = ORIENTED_EDGE('',*,*,#9782,.F.);
#11853 = PLANE('',#11854);
#11854 = AXIS2_PLACEMENT_3D('',#11855,#11856,#11857);
#11855 = CARTESIAN_POINT('',(2.28,0.32,-3.3));
#11856 = DIRECTION('',(0.707106781187,-8.833102285013E-17,0.707106781187
    ));
#11857 = DIRECTION('',(1.236918052038E-16,1.,1.227125289097E-18));
#11858 = ADVANCED_FACE('',(#11859),#11875,.F.);
#11859 = FACE_BOUND('',#11860,.F.);
#11860 = EDGE_LOOP('',(#11861,#11862,#11868,#11869));
#11861 = ORIENTED_EDGE('',*,*,#9863,.F.);
#11862 = ORIENTED_EDGE('',*,*,#11863,.T.);
#11863 = EDGE_CURVE('',#9855,#9766,#11864,.T.);
#11864 = LINE('',#11865,#11866);
#11865 = CARTESIAN_POINT('',(2.82,0.32,3.38));
#11866 = VECTOR('',#11867,1.);
#11867 = DIRECTION('',(-1.,1.224646799147E-16,0.));
#11868 = ORIENTED_EDGE('',*,*,#9774,.T.);
#11869 = ORIENTED_EDGE('',*,*,#11870,.F.);
#11870 = EDGE_CURVE('',#9864,#9775,#11871,.T.);
#11871 = LINE('',#11872,#11873);
#11872 = CARTESIAN_POINT('',(2.82,0.32,-3.2));
#11873 = VECTOR('',#11874,1.);
#11874 = DIRECTION('',(-1.,1.224646799147E-16,0.));
#11875 = PLANE('',#11876);
#11876 = AXIS2_PLACEMENT_3D('',#11877,#11878,#11879);
#11877 = CARTESIAN_POINT('',(2.82,0.32,4.07));
#11878 = DIRECTION('',(-1.224646799147E-16,-1.,3.715605838772E-17));
#11879 = DIRECTION('',(-4.550304797346E-33,-3.715605838772E-17,-1.));
#11880 = ADVANCED_FACE('',(#11881),#11887,.T.);
#11881 = FACE_BOUND('',#11882,.T.);
#11882 = EDGE_LOOP('',(#11883,#11884,#11885,#11886));
#11883 = ORIENTED_EDGE('',*,*,#9854,.T.);
#11884 = ORIENTED_EDGE('',*,*,#11863,.T.);
#11885 = ORIENTED_EDGE('',*,*,#9765,.F.);
#11886 = ORIENTED_EDGE('',*,*,#9906,.F.);
#11887 = CYLINDRICAL_SURFACE('',#11888,0.69);
#11888 = AXIS2_PLACEMENT_3D('',#11889,#11890,#11891);
#11889 = CARTESIAN_POINT('',(2.82,-0.37,3.38));
#11890 = DIRECTION('',(-1.,1.224646799147E-16,0.));
#11891 = DIRECTION('',(0.,0.,1.));
#11892 = ADVANCED_FACE('',(#11893),#11918,.T.);
#11893 = FACE_BOUND('',#11894,.F.);
#11894 = EDGE_LOOP('',(#11895,#11903,#11911,#11917));
#11895 = ORIENTED_EDGE('',*,*,#11896,.F.);
#11896 = EDGE_CURVE('',#11897,#9864,#11899,.T.);
#11897 = VERTEX_POINT('',#11898);
#11898 = CARTESIAN_POINT('',(2.62,0.12,-3.4));
#11899 = LINE('',#11900,#11901);
#11900 = CARTESIAN_POINT('',(2.753333333333,0.253333333333,
    -3.266666666667));
#11901 = VECTOR('',#11902,1.);
#11902 = DIRECTION('',(0.57735026919,0.57735026919,0.57735026919));
#11903 = ORIENTED_EDGE('',*,*,#11904,.T.);
#11904 = EDGE_CURVE('',#11897,#11905,#11907,.T.);
#11905 = VERTEX_POINT('',#11906);
#11906 = CARTESIAN_POINT('',(2.62,-0.12,-3.4));
#11907 = LINE('',#11908,#11909);
#11908 = CARTESIAN_POINT('',(2.62,0.32,-3.4));
#11909 = VECTOR('',#11910,1.);
#11910 = DIRECTION('',(-1.224646799147E-16,-1.,0.));
#11911 = ORIENTED_EDGE('',*,*,#11912,.T.);
#11912 = EDGE_CURVE('',#11905,#9872,#11913,.T.);
#11913 = LINE('',#11914,#11915);
#11914 = CARTESIAN_POINT('',(2.646666666667,-0.146666666667,
    -3.373333333333));
#11915 = VECTOR('',#11916,1.);
#11916 = DIRECTION('',(0.57735026919,-0.57735026919,0.57735026919));
#11917 = ORIENTED_EDGE('',*,*,#9871,.F.);
#11918 = PLANE('',#11919);
#11919 = AXIS2_PLACEMENT_3D('',#11920,#11921,#11922);
#11920 = CARTESIAN_POINT('',(2.72,0.32,-3.3));
#11921 = DIRECTION('',(0.707106781187,-8.486018839685E-17,
    -0.707106781187));
#11922 = DIRECTION('',(1.212375546256E-16,1.,1.227125289196E-18));
#11923 = ADVANCED_FACE('',(#11924),#11935,.F.);
#11924 = FACE_BOUND('',#11925,.F.);
#11925 = EDGE_LOOP('',(#11926,#11927,#11933,#11934));
#11926 = ORIENTED_EDGE('',*,*,#10051,.T.);
#11927 = ORIENTED_EDGE('',*,*,#11928,.T.);
#11928 = EDGE_CURVE('',#10044,#9955,#11929,.T.);
#11929 = LINE('',#11930,#11931);
#11930 = CARTESIAN_POINT('',(5.32,-0.32,3.38));
#11931 = VECTOR('',#11932,1.);
#11932 = DIRECTION('',(-1.,1.224646799147E-16,0.));
#11933 = ORIENTED_EDGE('',*,*,#9962,.F.);
#11934 = ORIENTED_EDGE('',*,*,#9993,.F.);
#11935 = CYLINDRICAL_SURFACE('',#11936,5.E-02);
#11936 = AXIS2_PLACEMENT_3D('',#11937,#11938,#11939);
#11937 = CARTESIAN_POINT('',(5.32,-0.37,3.38));
#11938 = DIRECTION('',(-1.,1.224646799147E-16,0.));
#11939 = DIRECTION('',(0.,0.,1.));
#11940 = ADVANCED_FACE('',(#11941),#11952,.F.);
#11941 = FACE_BOUND('',#11942,.F.);
#11942 = EDGE_LOOP('',(#11943,#11944,#11950,#11951));
#11943 = ORIENTED_EDGE('',*,*,#10043,.F.);
#11944 = ORIENTED_EDGE('',*,*,#11945,.T.);
#11945 = EDGE_CURVE('',#10036,#9947,#11946,.T.);
#11946 = LINE('',#11947,#11948);
#11947 = CARTESIAN_POINT('',(5.32,-0.32,-3.2));
#11948 = VECTOR('',#11949,1.);
#11949 = DIRECTION('',(-1.,1.224646799147E-16,0.));
#11950 = ORIENTED_EDGE('',*,*,#9954,.T.);
#11951 = ORIENTED_EDGE('',*,*,#11928,.F.);
#11952 = PLANE('',#11953);
#11953 = AXIS2_PLACEMENT_3D('',#11954,#11955,#11956);
#11954 = CARTESIAN_POINT('',(5.32,-0.32,-3.4));
#11955 = DIRECTION('',(1.224646799147E-16,1.,0.));
#11956 = DIRECTION('',(0.,-0.,1.));
#11957 = ADVANCED_FACE('',(#11958),#11983,.F.);
#11958 = FACE_BOUND('',#11959,.T.);
#11959 = EDGE_LOOP('',(#11960,#11968,#11976,#11982));
#11960 = ORIENTED_EDGE('',*,*,#11961,.F.);
#11961 = EDGE_CURVE('',#11962,#9939,#11964,.T.);
#11962 = VERTEX_POINT('',#11963);
#11963 = CARTESIAN_POINT('',(4.88,0.12,-3.4));
#11964 = LINE('',#11965,#11966);
#11965 = CARTESIAN_POINT('',(4.853333333333,0.146666666667,
    -3.373333333333));
#11966 = VECTOR('',#11967,1.);
#11967 = DIRECTION('',(-0.57735026919,0.57735026919,0.57735026919));
#11968 = ORIENTED_EDGE('',*,*,#11969,.T.);
#11969 = EDGE_CURVE('',#11962,#11970,#11972,.T.);
#11970 = VERTEX_POINT('',#11971);
#11971 = CARTESIAN_POINT('',(4.88,-0.12,-3.4));
#11972 = LINE('',#11973,#11974);
#11973 = CARTESIAN_POINT('',(4.88,0.32,-3.4));
#11974 = VECTOR('',#11975,1.);
#11975 = DIRECTION('',(-1.224646799147E-16,-1.,0.));
#11976 = ORIENTED_EDGE('',*,*,#11977,.T.);
#11977 = EDGE_CURVE('',#11970,#9947,#11978,.T.);
#11978 = LINE('',#11979,#11980);
#11979 = CARTESIAN_POINT('',(4.96,-4.E-02,-3.48));
#11980 = VECTOR('',#11981,1.);
#11981 = DIRECTION('',(-0.57735026919,-0.57735026919,0.57735026919));
#11982 = ORIENTED_EDGE('',*,*,#9946,.F.);
#11983 = PLANE('',#11984);
#11984 = AXIS2_PLACEMENT_3D('',#11985,#11986,#11987);
#11985 = CARTESIAN_POINT('',(4.78,0.32,-3.3));
#11986 = DIRECTION('',(0.707106781187,-8.833102285013E-17,0.707106781187
    ));
#11987 = DIRECTION('',(1.236918052038E-16,1.,1.227125289097E-18));
#11988 = ADVANCED_FACE('',(#11989),#12005,.F.);
#11989 = FACE_BOUND('',#11990,.F.);
#11990 = EDGE_LOOP('',(#11991,#11992,#11998,#11999));
#11991 = ORIENTED_EDGE('',*,*,#10027,.F.);
#11992 = ORIENTED_EDGE('',*,*,#11993,.T.);
#11993 = EDGE_CURVE('',#10019,#9930,#11994,.T.);
#11994 = LINE('',#11995,#11996);
#11995 = CARTESIAN_POINT('',(5.32,0.32,3.38));
#11996 = VECTOR('',#11997,1.);
#11997 = DIRECTION('',(-1.,1.224646799147E-16,0.));
#11998 = ORIENTED_EDGE('',*,*,#9938,.T.);
#11999 = ORIENTED_EDGE('',*,*,#12000,.F.);
#12000 = EDGE_CURVE('',#10028,#9939,#12001,.T.);
#12001 = LINE('',#12002,#12003);
#12002 = CARTESIAN_POINT('',(5.32,0.32,-3.2));
#12003 = VECTOR('',#12004,1.);
#12004 = DIRECTION('',(-1.,1.224646799147E-16,0.));
#12005 = PLANE('',#12006);
#12006 = AXIS2_PLACEMENT_3D('',#12007,#12008,#12009);
#12007 = CARTESIAN_POINT('',(5.32,0.32,4.07));
#12008 = DIRECTION('',(-1.224646799147E-16,-1.,3.715605838772E-17));
#12009 = DIRECTION('',(-4.550304797346E-33,-3.715605838772E-17,-1.));
#12010 = ADVANCED_FACE('',(#12011),#12017,.T.);
#12011 = FACE_BOUND('',#12012,.T.);
#12012 = EDGE_LOOP('',(#12013,#12014,#12015,#12016));
#12013 = ORIENTED_EDGE('',*,*,#10018,.T.);
#12014 = ORIENTED_EDGE('',*,*,#11993,.T.);
#12015 = ORIENTED_EDGE('',*,*,#9929,.F.);
#12016 = ORIENTED_EDGE('',*,*,#10070,.F.);
#12017 = CYLINDRICAL_SURFACE('',#12018,0.69);
#12018 = AXIS2_PLACEMENT_3D('',#12019,#12020,#12021);
#12019 = CARTESIAN_POINT('',(5.32,-0.37,3.38));
#12020 = DIRECTION('',(-1.,1.224646799147E-16,0.));
#12021 = DIRECTION('',(0.,0.,1.));
#12022 = ADVANCED_FACE('',(#12023),#12048,.T.);
#12023 = FACE_BOUND('',#12024,.F.);
#12024 = EDGE_LOOP('',(#12025,#12033,#12041,#12047));
#12025 = ORIENTED_EDGE('',*,*,#12026,.F.);
#12026 = EDGE_CURVE('',#12027,#10028,#12029,.T.);
#12027 = VERTEX_POINT('',#12028);
#12028 = CARTESIAN_POINT('',(5.12,0.12,-3.4));
#12029 = LINE('',#12030,#12031);
#12030 = CARTESIAN_POINT('',(5.253333333333,0.253333333333,
    -3.266666666667));
#12031 = VECTOR('',#12032,1.);
#12032 = DIRECTION('',(0.57735026919,0.57735026919,0.57735026919));
#12033 = ORIENTED_EDGE('',*,*,#12034,.T.);
#12034 = EDGE_CURVE('',#12027,#12035,#12037,.T.);
#12035 = VERTEX_POINT('',#12036);
#12036 = CARTESIAN_POINT('',(5.12,-0.12,-3.4));
#12037 = LINE('',#12038,#12039);
#12038 = CARTESIAN_POINT('',(5.12,0.32,-3.4));
#12039 = VECTOR('',#12040,1.);
#12040 = DIRECTION('',(-1.224646799147E-16,-1.,0.));
#12041 = ORIENTED_EDGE('',*,*,#12042,.T.);
#12042 = EDGE_CURVE('',#12035,#10036,#12043,.T.);
#12043 = LINE('',#12044,#12045);
#12044 = CARTESIAN_POINT('',(5.146666666667,-0.146666666667,
    -3.373333333333));
#12045 = VECTOR('',#12046,1.);
#12046 = DIRECTION('',(0.57735026919,-0.57735026919,0.57735026919));
#12047 = ORIENTED_EDGE('',*,*,#10035,.F.);
#12048 = PLANE('',#12049);
#12049 = AXIS2_PLACEMENT_3D('',#12050,#12051,#12052);
#12050 = CARTESIAN_POINT('',(5.22,0.32,-3.3));
#12051 = DIRECTION('',(0.707106781187,-8.486018839685E-17,
    -0.707106781187));
#12052 = DIRECTION('',(1.212375546256E-16,1.,1.227125289196E-18));
#12053 = ADVANCED_FACE('',(#12054),#12065,.F.);
#12054 = FACE_BOUND('',#12055,.F.);
#12055 = EDGE_LOOP('',(#12056,#12057,#12063,#12064));
#12056 = ORIENTED_EDGE('',*,*,#10215,.T.);
#12057 = ORIENTED_EDGE('',*,*,#12058,.T.);
#12058 = EDGE_CURVE('',#10208,#10119,#12059,.T.);
#12059 = LINE('',#12060,#12061);
#12060 = CARTESIAN_POINT('',(7.82,-0.32,3.38));
#12061 = VECTOR('',#12062,1.);
#12062 = DIRECTION('',(-1.,1.224646799147E-16,0.));
#12063 = ORIENTED_EDGE('',*,*,#10126,.F.);
#12064 = ORIENTED_EDGE('',*,*,#10157,.F.);
#12065 = CYLINDRICAL_SURFACE('',#12066,5.E-02);
#12066 = AXIS2_PLACEMENT_3D('',#12067,#12068,#12069);
#12067 = CARTESIAN_POINT('',(7.82,-0.37,3.38));
#12068 = DIRECTION('',(-1.,1.224646799147E-16,0.));
#12069 = DIRECTION('',(0.,0.,1.));
#12070 = ADVANCED_FACE('',(#12071),#12082,.F.);
#12071 = FACE_BOUND('',#12072,.F.);
#12072 = EDGE_LOOP('',(#12073,#12074,#12080,#12081));
#12073 = ORIENTED_EDGE('',*,*,#10207,.F.);
#12074 = ORIENTED_EDGE('',*,*,#12075,.T.);
#12075 = EDGE_CURVE('',#10200,#10111,#12076,.T.);
#12076 = LINE('',#12077,#12078);
#12077 = CARTESIAN_POINT('',(7.82,-0.32,-3.2));
#12078 = VECTOR('',#12079,1.);
#12079 = DIRECTION('',(-1.,1.224646799147E-16,0.));
#12080 = ORIENTED_EDGE('',*,*,#10118,.T.);
#12081 = ORIENTED_EDGE('',*,*,#12058,.F.);
#12082 = PLANE('',#12083);
#12083 = AXIS2_PLACEMENT_3D('',#12084,#12085,#12086);
#12084 = CARTESIAN_POINT('',(7.82,-0.32,-3.4));
#12085 = DIRECTION('',(1.224646799147E-16,1.,0.));
#12086 = DIRECTION('',(0.,-0.,1.));
#12087 = ADVANCED_FACE('',(#12088),#12113,.F.);
#12088 = FACE_BOUND('',#12089,.T.);
#12089 = EDGE_LOOP('',(#12090,#12098,#12106,#12112));
#12090 = ORIENTED_EDGE('',*,*,#12091,.F.);
#12091 = EDGE_CURVE('',#12092,#10103,#12094,.T.);
#12092 = VERTEX_POINT('',#12093);
#12093 = CARTESIAN_POINT('',(7.38,0.12,-3.4));
#12094 = LINE('',#12095,#12096);
#12095 = CARTESIAN_POINT('',(7.353333333333,0.146666666667,
    -3.373333333333));
#12096 = VECTOR('',#12097,1.);
#12097 = DIRECTION('',(-0.57735026919,0.57735026919,0.57735026919));
#12098 = ORIENTED_EDGE('',*,*,#12099,.T.);
#12099 = EDGE_CURVE('',#12092,#12100,#12102,.T.);
#12100 = VERTEX_POINT('',#12101);
#12101 = CARTESIAN_POINT('',(7.38,-0.12,-3.4));
#12102 = LINE('',#12103,#12104);
#12103 = CARTESIAN_POINT('',(7.38,0.32,-3.4));
#12104 = VECTOR('',#12105,1.);
#12105 = DIRECTION('',(-1.224646799147E-16,-1.,0.));
#12106 = ORIENTED_EDGE('',*,*,#12107,.T.);
#12107 = EDGE_CURVE('',#12100,#10111,#12108,.T.);
#12108 = LINE('',#12109,#12110);
#12109 = CARTESIAN_POINT('',(7.46,-4.E-02,-3.48));
#12110 = VECTOR('',#12111,1.);
#12111 = DIRECTION('',(-0.57735026919,-0.57735026919,0.57735026919));
#12112 = ORIENTED_EDGE('',*,*,#10110,.F.);
#12113 = PLANE('',#12114);
#12114 = AXIS2_PLACEMENT_3D('',#12115,#12116,#12117);
#12115 = CARTESIAN_POINT('',(7.28,0.32,-3.3));
#12116 = DIRECTION('',(0.707106781187,-8.833102285013E-17,0.707106781187
    ));
#12117 = DIRECTION('',(1.236918052038E-16,1.,1.227125289097E-18));
#12118 = ADVANCED_FACE('',(#12119),#12135,.F.);
#12119 = FACE_BOUND('',#12120,.F.);
#12120 = EDGE_LOOP('',(#12121,#12122,#12128,#12129));
#12121 = ORIENTED_EDGE('',*,*,#10191,.F.);
#12122 = ORIENTED_EDGE('',*,*,#12123,.T.);
#12123 = EDGE_CURVE('',#10183,#10094,#12124,.T.);
#12124 = LINE('',#12125,#12126);
#12125 = CARTESIAN_POINT('',(7.82,0.32,3.38));
#12126 = VECTOR('',#12127,1.);
#12127 = DIRECTION('',(-1.,1.224646799147E-16,0.));
#12128 = ORIENTED_EDGE('',*,*,#10102,.T.);
#12129 = ORIENTED_EDGE('',*,*,#12130,.F.);
#12130 = EDGE_CURVE('',#10192,#10103,#12131,.T.);
#12131 = LINE('',#12132,#12133);
#12132 = CARTESIAN_POINT('',(7.82,0.32,-3.2));
#12133 = VECTOR('',#12134,1.);
#12134 = DIRECTION('',(-1.,1.224646799147E-16,0.));
#12135 = PLANE('',#12136);
#12136 = AXIS2_PLACEMENT_3D('',#12137,#12138,#12139);
#12137 = CARTESIAN_POINT('',(7.82,0.32,4.07));
#12138 = DIRECTION('',(-1.224646799147E-16,-1.,3.715605838772E-17));
#12139 = DIRECTION('',(-4.550304797346E-33,-3.715605838772E-17,-1.));
#12140 = ADVANCED_FACE('',(#12141),#12147,.T.);
#12141 = FACE_BOUND('',#12142,.T.);
#12142 = EDGE_LOOP('',(#12143,#12144,#12145,#12146));
#12143 = ORIENTED_EDGE('',*,*,#10182,.T.);
#12144 = ORIENTED_EDGE('',*,*,#12123,.T.);
#12145 = ORIENTED_EDGE('',*,*,#10093,.F.);
#12146 = ORIENTED_EDGE('',*,*,#10234,.F.);
#12147 = CYLINDRICAL_SURFACE('',#12148,0.69);
#12148 = AXIS2_PLACEMENT_3D('',#12149,#12150,#12151);
#12149 = CARTESIAN_POINT('',(7.82,-0.37,3.38));
#12150 = DIRECTION('',(-1.,1.224646799147E-16,0.));
#12151 = DIRECTION('',(0.,0.,1.));
#12152 = ADVANCED_FACE('',(#12153),#12178,.T.);
#12153 = FACE_BOUND('',#12154,.F.);
#12154 = EDGE_LOOP('',(#12155,#12163,#12171,#12177));
#12155 = ORIENTED_EDGE('',*,*,#12156,.F.);
#12156 = EDGE_CURVE('',#12157,#10192,#12159,.T.);
#12157 = VERTEX_POINT('',#12158);
#12158 = CARTESIAN_POINT('',(7.62,0.12,-3.4));
#12159 = LINE('',#12160,#12161);
#12160 = CARTESIAN_POINT('',(7.753333333333,0.253333333333,
    -3.266666666667));
#12161 = VECTOR('',#12162,1.);
#12162 = DIRECTION('',(0.57735026919,0.57735026919,0.57735026919));
#12163 = ORIENTED_EDGE('',*,*,#12164,.T.);
#12164 = EDGE_CURVE('',#12157,#12165,#12167,.T.);
#12165 = VERTEX_POINT('',#12166);
#12166 = CARTESIAN_POINT('',(7.62,-0.12,-3.4));
#12167 = LINE('',#12168,#12169);
#12168 = CARTESIAN_POINT('',(7.62,0.32,-3.4));
#12169 = VECTOR('',#12170,1.);
#12170 = DIRECTION('',(-1.224646799147E-16,-1.,0.));
#12171 = ORIENTED_EDGE('',*,*,#12172,.T.);
#12172 = EDGE_CURVE('',#12165,#10200,#12173,.T.);
#12173 = LINE('',#12174,#12175);
#12174 = CARTESIAN_POINT('',(7.646666666667,-0.146666666667,
    -3.373333333333));
#12175 = VECTOR('',#12176,1.);
#12176 = DIRECTION('',(0.57735026919,-0.57735026919,0.57735026919));
#12177 = ORIENTED_EDGE('',*,*,#10199,.F.);
#12178 = PLANE('',#12179);
#12179 = AXIS2_PLACEMENT_3D('',#12180,#12181,#12182);
#12180 = CARTESIAN_POINT('',(7.72,0.32,-3.3));
#12181 = DIRECTION('',(0.707106781187,-8.486018839685E-17,
    -0.707106781187));
#12182 = DIRECTION('',(1.212375546256E-16,1.,1.227125289196E-18));
#12183 = ADVANCED_FACE('',(#12184),#12195,.T.);
#12184 = FACE_BOUND('',#12185,.T.);
#12185 = EDGE_LOOP('',(#12186,#12187,#12193,#12194));
#12186 = ORIENTED_EDGE('',*,*,#10363,.T.);
#12187 = ORIENTED_EDGE('',*,*,#12188,.T.);
#12188 = EDGE_CURVE('',#10364,#10282,#12189,.T.);
#12189 = LINE('',#12190,#12191);
#12190 = CARTESIAN_POINT('',(10.32,0.32,3.38));
#12191 = VECTOR('',#12192,1.);
#12192 = DIRECTION('',(-1.,1.224646799147E-16,0.));
#12193 = ORIENTED_EDGE('',*,*,#10281,.F.);
#12194 = ORIENTED_EDGE('',*,*,#10265,.F.);
#12195 = CYLINDRICAL_SURFACE('',#12196,0.69);
#12196 = AXIS2_PLACEMENT_3D('',#12197,#12198,#12199);
#12197 = CARTESIAN_POINT('',(10.32,-0.37,3.38));
#12198 = DIRECTION('',(-1.,1.224646799147E-16,0.));
#12199 = DIRECTION('',(0.,0.,1.));
#12200 = ADVANCED_FACE('',(#12201),#12212,.F.);
#12201 = FACE_BOUND('',#12202,.F.);
#12202 = EDGE_LOOP('',(#12203,#12204,#12210,#12211));
#12203 = ORIENTED_EDGE('',*,*,#10396,.T.);
#12204 = ORIENTED_EDGE('',*,*,#12205,.T.);
#12205 = EDGE_CURVE('',#10389,#10307,#12206,.T.);
#12206 = LINE('',#12207,#12208);
#12207 = CARTESIAN_POINT('',(10.32,-0.32,3.38));
#12208 = VECTOR('',#12209,1.);
#12209 = DIRECTION('',(-1.,1.224646799147E-16,0.));
#12210 = ORIENTED_EDGE('',*,*,#10314,.F.);
#12211 = ORIENTED_EDGE('',*,*,#10345,.F.);
#12212 = CYLINDRICAL_SURFACE('',#12213,5.E-02);
#12213 = AXIS2_PLACEMENT_3D('',#12214,#12215,#12216);
#12214 = CARTESIAN_POINT('',(10.32,-0.37,3.38));
#12215 = DIRECTION('',(-1.,1.224646799147E-16,0.));
#12216 = DIRECTION('',(0.,0.,1.));
#12217 = ADVANCED_FACE('',(#12218),#12229,.F.);
#12218 = FACE_BOUND('',#12219,.F.);
#12219 = EDGE_LOOP('',(#12220,#12221,#12227,#12228));
#12220 = ORIENTED_EDGE('',*,*,#10388,.F.);
#12221 = ORIENTED_EDGE('',*,*,#12222,.T.);
#12222 = EDGE_CURVE('',#10381,#10299,#12223,.T.);
#12223 = LINE('',#12224,#12225);
#12224 = CARTESIAN_POINT('',(10.32,-0.32,-3.2));
#12225 = VECTOR('',#12226,1.);
#12226 = DIRECTION('',(-1.,1.224646799147E-16,0.));
#12227 = ORIENTED_EDGE('',*,*,#10306,.T.);
#12228 = ORIENTED_EDGE('',*,*,#12205,.F.);
#12229 = PLANE('',#12230);
#12230 = AXIS2_PLACEMENT_3D('',#12231,#12232,#12233);
#12231 = CARTESIAN_POINT('',(10.32,-0.32,-3.4));
#12232 = DIRECTION('',(1.224646799147E-16,1.,0.));
#12233 = DIRECTION('',(0.,-0.,1.));
#12234 = ADVANCED_FACE('',(#12235),#12260,.F.);
#12235 = FACE_BOUND('',#12236,.T.);
#12236 = EDGE_LOOP('',(#12237,#12245,#12253,#12259));
#12237 = ORIENTED_EDGE('',*,*,#12238,.F.);
#12238 = EDGE_CURVE('',#12239,#10291,#12241,.T.);
#12239 = VERTEX_POINT('',#12240);
#12240 = CARTESIAN_POINT('',(9.88,0.12,-3.4));
#12241 = LINE('',#12242,#12243);
#12242 = CARTESIAN_POINT('',(9.853333333333,0.146666666667,
    -3.373333333333));
#12243 = VECTOR('',#12244,1.);
#12244 = DIRECTION('',(-0.57735026919,0.57735026919,0.57735026919));
#12245 = ORIENTED_EDGE('',*,*,#12246,.T.);
#12246 = EDGE_CURVE('',#12239,#12247,#12249,.T.);
#12247 = VERTEX_POINT('',#12248);
#12248 = CARTESIAN_POINT('',(9.88,-0.12,-3.4));
#12249 = LINE('',#12250,#12251);
#12250 = CARTESIAN_POINT('',(9.88,0.32,-3.4));
#12251 = VECTOR('',#12252,1.);
#12252 = DIRECTION('',(-1.224646799147E-16,-1.,0.));
#12253 = ORIENTED_EDGE('',*,*,#12254,.T.);
#12254 = EDGE_CURVE('',#12247,#10299,#12255,.T.);
#12255 = LINE('',#12256,#12257);
#12256 = CARTESIAN_POINT('',(9.96,-4.E-02,-3.48));
#12257 = VECTOR('',#12258,1.);
#12258 = DIRECTION('',(-0.57735026919,-0.57735026919,0.57735026919));
#12259 = ORIENTED_EDGE('',*,*,#10298,.F.);
#12260 = PLANE('',#12261);
#12261 = AXIS2_PLACEMENT_3D('',#12262,#12263,#12264);
#12262 = CARTESIAN_POINT('',(9.78,0.32,-3.3));
#12263 = DIRECTION('',(0.707106781187,-8.833102285013E-17,0.707106781187
    ));
#12264 = DIRECTION('',(1.236918052038E-16,1.,1.227125289097E-18));
#12265 = ADVANCED_FACE('',(#12266),#12277,.F.);
#12266 = FACE_BOUND('',#12267,.F.);
#12267 = EDGE_LOOP('',(#12268,#12269,#12270,#12271));
#12268 = ORIENTED_EDGE('',*,*,#10372,.F.);
#12269 = ORIENTED_EDGE('',*,*,#12188,.T.);
#12270 = ORIENTED_EDGE('',*,*,#10290,.T.);
#12271 = ORIENTED_EDGE('',*,*,#12272,.F.);
#12272 = EDGE_CURVE('',#10373,#10291,#12273,.T.);
#12273 = LINE('',#12274,#12275);
#12274 = CARTESIAN_POINT('',(10.32,0.32,-3.2));
#12275 = VECTOR('',#12276,1.);
#12276 = DIRECTION('',(-1.,1.224646799147E-16,0.));
#12277 = PLANE('',#12278);
#12278 = AXIS2_PLACEMENT_3D('',#12279,#12280,#12281);
#12279 = CARTESIAN_POINT('',(10.32,0.32,4.07));
#12280 = DIRECTION('',(-1.224646799147E-16,-1.,3.715605838772E-17));
#12281 = DIRECTION('',(-4.550304797346E-33,-3.715605838772E-17,-1.));
#12282 = ADVANCED_FACE('',(#12283),#12308,.T.);
#12283 = FACE_BOUND('',#12284,.F.);
#12284 = EDGE_LOOP('',(#12285,#12293,#12301,#12307));
#12285 = ORIENTED_EDGE('',*,*,#12286,.F.);
#12286 = EDGE_CURVE('',#12287,#10373,#12289,.T.);
#12287 = VERTEX_POINT('',#12288);
#12288 = CARTESIAN_POINT('',(10.12,0.12,-3.4));
#12289 = LINE('',#12290,#12291);
#12290 = CARTESIAN_POINT('',(10.253333333333,0.253333333333,
    -3.266666666667));
#12291 = VECTOR('',#12292,1.);
#12292 = DIRECTION('',(0.57735026919,0.57735026919,0.57735026919));
#12293 = ORIENTED_EDGE('',*,*,#12294,.T.);
#12294 = EDGE_CURVE('',#12287,#12295,#12297,.T.);
#12295 = VERTEX_POINT('',#12296);
#12296 = CARTESIAN_POINT('',(10.12,-0.12,-3.4));
#12297 = LINE('',#12298,#12299);
#12298 = CARTESIAN_POINT('',(10.12,0.32,-3.4));
#12299 = VECTOR('',#12300,1.);
#12300 = DIRECTION('',(-1.224646799147E-16,-1.,0.));
#12301 = ORIENTED_EDGE('',*,*,#12302,.T.);
#12302 = EDGE_CURVE('',#12295,#10381,#12303,.T.);
#12303 = LINE('',#12304,#12305);
#12304 = CARTESIAN_POINT('',(10.146666666667,-0.146666666667,
    -3.373333333333));
#12305 = VECTOR('',#12306,1.);
#12306 = DIRECTION('',(0.57735026919,-0.57735026919,0.57735026919));
#12307 = ORIENTED_EDGE('',*,*,#10380,.F.);
#12308 = PLANE('',#12309);
#12309 = AXIS2_PLACEMENT_3D('',#12310,#12311,#12312);
#12310 = CARTESIAN_POINT('',(10.22,0.32,-3.3));
#12311 = DIRECTION('',(0.707106781187,-8.486018839685E-17,
    -0.707106781187));
#12312 = DIRECTION('',(1.212375546256E-16,1.,1.227125289196E-18));
#12313 = ADVANCED_FACE('',(#12314),#12325,.T.);
#12314 = FACE_BOUND('',#12315,.T.);
#12315 = EDGE_LOOP('',(#12316,#12317,#12323,#12324));
#12316 = ORIENTED_EDGE('',*,*,#10527,.T.);
#12317 = ORIENTED_EDGE('',*,*,#12318,.T.);
#12318 = EDGE_CURVE('',#10528,#10446,#12319,.T.);
#12319 = LINE('',#12320,#12321);
#12320 = CARTESIAN_POINT('',(12.82,0.32,3.38));
#12321 = VECTOR('',#12322,1.);
#12322 = DIRECTION('',(-1.,1.224646799147E-16,0.));
#12323 = ORIENTED_EDGE('',*,*,#10445,.F.);
#12324 = ORIENTED_EDGE('',*,*,#10429,.F.);
#12325 = CYLINDRICAL_SURFACE('',#12326,0.69);
#12326 = AXIS2_PLACEMENT_3D('',#12327,#12328,#12329);
#12327 = CARTESIAN_POINT('',(12.82,-0.37,3.38));
#12328 = DIRECTION('',(-1.,1.224646799147E-16,0.));
#12329 = DIRECTION('',(0.,0.,1.));
#12330 = ADVANCED_FACE('',(#12331),#12342,.F.);
#12331 = FACE_BOUND('',#12332,.F.);
#12332 = EDGE_LOOP('',(#12333,#12334,#12340,#12341));
#12333 = ORIENTED_EDGE('',*,*,#10560,.T.);
#12334 = ORIENTED_EDGE('',*,*,#12335,.T.);
#12335 = EDGE_CURVE('',#10553,#10471,#12336,.T.);
#12336 = LINE('',#12337,#12338);
#12337 = CARTESIAN_POINT('',(12.82,-0.32,3.38));
#12338 = VECTOR('',#12339,1.);
#12339 = DIRECTION('',(-1.,1.224646799147E-16,0.));
#12340 = ORIENTED_EDGE('',*,*,#10478,.F.);
#12341 = ORIENTED_EDGE('',*,*,#10509,.F.);
#12342 = CYLINDRICAL_SURFACE('',#12343,5.E-02);
#12343 = AXIS2_PLACEMENT_3D('',#12344,#12345,#12346);
#12344 = CARTESIAN_POINT('',(12.82,-0.37,3.38));
#12345 = DIRECTION('',(-1.,1.224646799147E-16,0.));
#12346 = DIRECTION('',(0.,0.,1.));
#12347 = ADVANCED_FACE('',(#12348),#12359,.F.);
#12348 = FACE_BOUND('',#12349,.F.);
#12349 = EDGE_LOOP('',(#12350,#12351,#12357,#12358));
#12350 = ORIENTED_EDGE('',*,*,#10552,.F.);
#12351 = ORIENTED_EDGE('',*,*,#12352,.T.);
#12352 = EDGE_CURVE('',#10545,#10463,#12353,.T.);
#12353 = LINE('',#12354,#12355);
#12354 = CARTESIAN_POINT('',(12.82,-0.32,-3.2));
#12355 = VECTOR('',#12356,1.);
#12356 = DIRECTION('',(-1.,1.224646799147E-16,0.));
#12357 = ORIENTED_EDGE('',*,*,#10470,.T.);
#12358 = ORIENTED_EDGE('',*,*,#12335,.F.);
#12359 = PLANE('',#12360);
#12360 = AXIS2_PLACEMENT_3D('',#12361,#12362,#12363);
#12361 = CARTESIAN_POINT('',(12.82,-0.32,-3.4));
#12362 = DIRECTION('',(1.224646799147E-16,1.,0.));
#12363 = DIRECTION('',(0.,-0.,1.));
#12364 = ADVANCED_FACE('',(#12365),#12390,.F.);
#12365 = FACE_BOUND('',#12366,.T.);
#12366 = EDGE_LOOP('',(#12367,#12375,#12383,#12389));
#12367 = ORIENTED_EDGE('',*,*,#12368,.F.);
#12368 = EDGE_CURVE('',#12369,#10455,#12371,.T.);
#12369 = VERTEX_POINT('',#12370);
#12370 = CARTESIAN_POINT('',(12.38,0.12,-3.4));
#12371 = LINE('',#12372,#12373);
#12372 = CARTESIAN_POINT('',(12.353333333333,0.146666666667,
    -3.373333333333));
#12373 = VECTOR('',#12374,1.);
#12374 = DIRECTION('',(-0.57735026919,0.57735026919,0.57735026919));
#12375 = ORIENTED_EDGE('',*,*,#12376,.T.);
#12376 = EDGE_CURVE('',#12369,#12377,#12379,.T.);
#12377 = VERTEX_POINT('',#12378);
#12378 = CARTESIAN_POINT('',(12.38,-0.12,-3.4));
#12379 = LINE('',#12380,#12381);
#12380 = CARTESIAN_POINT('',(12.38,0.32,-3.4));
#12381 = VECTOR('',#12382,1.);
#12382 = DIRECTION('',(-1.224646799147E-16,-1.,0.));
#12383 = ORIENTED_EDGE('',*,*,#12384,.T.);
#12384 = EDGE_CURVE('',#12377,#10463,#12385,.T.);
#12385 = LINE('',#12386,#12387);
#12386 = CARTESIAN_POINT('',(12.46,-4.E-02,-3.48));
#12387 = VECTOR('',#12388,1.);
#12388 = DIRECTION('',(-0.57735026919,-0.57735026919,0.57735026919));
#12389 = ORIENTED_EDGE('',*,*,#10462,.F.);
#12390 = PLANE('',#12391);
#12391 = AXIS2_PLACEMENT_3D('',#12392,#12393,#12394);
#12392 = CARTESIAN_POINT('',(12.28,0.32,-3.3));
#12393 = DIRECTION('',(0.707106781187,-8.833102285013E-17,0.707106781187
    ));
#12394 = DIRECTION('',(1.236918052038E-16,1.,1.227125289097E-18));
#12395 = ADVANCED_FACE('',(#12396),#12407,.F.);
#12396 = FACE_BOUND('',#12397,.F.);
#12397 = EDGE_LOOP('',(#12398,#12399,#12400,#12401));
#12398 = ORIENTED_EDGE('',*,*,#10536,.F.);
#12399 = ORIENTED_EDGE('',*,*,#12318,.T.);
#12400 = ORIENTED_EDGE('',*,*,#10454,.T.);
#12401 = ORIENTED_EDGE('',*,*,#12402,.F.);
#12402 = EDGE_CURVE('',#10537,#10455,#12403,.T.);
#12403 = LINE('',#12404,#12405);
#12404 = CARTESIAN_POINT('',(12.82,0.32,-3.2));
#12405 = VECTOR('',#12406,1.);
#12406 = DIRECTION('',(-1.,1.224646799147E-16,0.));
#12407 = PLANE('',#12408);
#12408 = AXIS2_PLACEMENT_3D('',#12409,#12410,#12411);
#12409 = CARTESIAN_POINT('',(12.82,0.32,4.07));
#12410 = DIRECTION('',(-1.224646799147E-16,-1.,3.715605838772E-17));
#12411 = DIRECTION('',(-4.550304797346E-33,-3.715605838772E-17,-1.));
#12412 = ADVANCED_FACE('',(#12413),#12438,.T.);
#12413 = FACE_BOUND('',#12414,.F.);
#12414 = EDGE_LOOP('',(#12415,#12423,#12431,#12437));
#12415 = ORIENTED_EDGE('',*,*,#12416,.F.);
#12416 = EDGE_CURVE('',#12417,#10537,#12419,.T.);
#12417 = VERTEX_POINT('',#12418);
#12418 = CARTESIAN_POINT('',(12.62,0.12,-3.4));
#12419 = LINE('',#12420,#12421);
#12420 = CARTESIAN_POINT('',(12.753333333333,0.253333333333,
    -3.266666666667));
#12421 = VECTOR('',#12422,1.);
#12422 = DIRECTION('',(0.57735026919,0.57735026919,0.57735026919));
#12423 = ORIENTED_EDGE('',*,*,#12424,.T.);
#12424 = EDGE_CURVE('',#12417,#12425,#12427,.T.);
#12425 = VERTEX_POINT('',#12426);
#12426 = CARTESIAN_POINT('',(12.62,-0.12,-3.4));
#12427 = LINE('',#12428,#12429);
#12428 = CARTESIAN_POINT('',(12.62,0.32,-3.4));
#12429 = VECTOR('',#12430,1.);
#12430 = DIRECTION('',(-1.224646799147E-16,-1.,0.));
#12431 = ORIENTED_EDGE('',*,*,#12432,.T.);
#12432 = EDGE_CURVE('',#12425,#10545,#12433,.T.);
#12433 = LINE('',#12434,#12435);
#12434 = CARTESIAN_POINT('',(12.646666666667,-0.146666666667,
    -3.373333333333));
#12435 = VECTOR('',#12436,1.);
#12436 = DIRECTION('',(0.57735026919,-0.57735026919,0.57735026919));
#12437 = ORIENTED_EDGE('',*,*,#10544,.F.);
#12438 = PLANE('',#12439);
#12439 = AXIS2_PLACEMENT_3D('',#12440,#12441,#12442);
#12440 = CARTESIAN_POINT('',(12.72,0.32,-3.3));
#12441 = DIRECTION('',(0.707106781187,-8.486018839685E-17,
    -0.707106781187));
#12442 = DIRECTION('',(1.212375546256E-16,1.,1.227125289196E-18));
#12443 = ADVANCED_FACE('',(#12444),#12455,.F.);
#12444 = FACE_BOUND('',#12445,.F.);
#12445 = EDGE_LOOP('',(#12446,#12447,#12453,#12454));
#12446 = ORIENTED_EDGE('',*,*,#10707,.T.);
#12447 = ORIENTED_EDGE('',*,*,#12448,.T.);
#12448 = EDGE_CURVE('',#10700,#10611,#12449,.T.);
#12449 = LINE('',#12450,#12451);
#12450 = CARTESIAN_POINT('',(15.32,-0.32,3.38));
#12451 = VECTOR('',#12452,1.);
#12452 = DIRECTION('',(-1.,1.224646799147E-16,0.));
#12453 = ORIENTED_EDGE('',*,*,#10618,.F.);
#12454 = ORIENTED_EDGE('',*,*,#10649,.F.);
#12455 = CYLINDRICAL_SURFACE('',#12456,5.E-02);
#12456 = AXIS2_PLACEMENT_3D('',#12457,#12458,#12459);
#12457 = CARTESIAN_POINT('',(15.32,-0.37,3.38));
#12458 = DIRECTION('',(-1.,1.224646799147E-16,0.));
#12459 = DIRECTION('',(0.,0.,1.));
#12460 = ADVANCED_FACE('',(#12461),#12472,.F.);
#12461 = FACE_BOUND('',#12462,.F.);
#12462 = EDGE_LOOP('',(#12463,#12464,#12470,#12471));
#12463 = ORIENTED_EDGE('',*,*,#10699,.F.);
#12464 = ORIENTED_EDGE('',*,*,#12465,.T.);
#12465 = EDGE_CURVE('',#10692,#10603,#12466,.T.);
#12466 = LINE('',#12467,#12468);
#12467 = CARTESIAN_POINT('',(15.32,-0.32,-3.2));
#12468 = VECTOR('',#12469,1.);
#12469 = DIRECTION('',(-1.,1.224646799147E-16,0.));
#12470 = ORIENTED_EDGE('',*,*,#10610,.T.);
#12471 = ORIENTED_EDGE('',*,*,#12448,.F.);
#12472 = PLANE('',#12473);
#12473 = AXIS2_PLACEMENT_3D('',#12474,#12475,#12476);
#12474 = CARTESIAN_POINT('',(15.32,-0.32,-3.4));
#12475 = DIRECTION('',(1.224646799147E-16,1.,0.));
#12476 = DIRECTION('',(0.,-0.,1.));
#12477 = ADVANCED_FACE('',(#12478),#12503,.F.);
#12478 = FACE_BOUND('',#12479,.T.);
#12479 = EDGE_LOOP('',(#12480,#12488,#12496,#12502));
#12480 = ORIENTED_EDGE('',*,*,#12481,.F.);
#12481 = EDGE_CURVE('',#12482,#10595,#12484,.T.);
#12482 = VERTEX_POINT('',#12483);
#12483 = CARTESIAN_POINT('',(14.88,0.12,-3.4));
#12484 = LINE('',#12485,#12486);
#12485 = CARTESIAN_POINT('',(14.853333333333,0.146666666667,
    -3.373333333333));
#12486 = VECTOR('',#12487,1.);
#12487 = DIRECTION('',(-0.57735026919,0.57735026919,0.57735026919));
#12488 = ORIENTED_EDGE('',*,*,#12489,.T.);
#12489 = EDGE_CURVE('',#12482,#12490,#12492,.T.);
#12490 = VERTEX_POINT('',#12491);
#12491 = CARTESIAN_POINT('',(14.88,-0.12,-3.4));
#12492 = LINE('',#12493,#12494);
#12493 = CARTESIAN_POINT('',(14.88,0.32,-3.4));
#12494 = VECTOR('',#12495,1.);
#12495 = DIRECTION('',(-1.224646799147E-16,-1.,0.));
#12496 = ORIENTED_EDGE('',*,*,#12497,.T.);
#12497 = EDGE_CURVE('',#12490,#10603,#12498,.T.);
#12498 = LINE('',#12499,#12500);
#12499 = CARTESIAN_POINT('',(14.96,-4.E-02,-3.48));
#12500 = VECTOR('',#12501,1.);
#12501 = DIRECTION('',(-0.57735026919,-0.57735026919,0.57735026919));
#12502 = ORIENTED_EDGE('',*,*,#10602,.F.);
#12503 = PLANE('',#12504);
#12504 = AXIS2_PLACEMENT_3D('',#12505,#12506,#12507);
#12505 = CARTESIAN_POINT('',(14.78,0.32,-3.3));
#12506 = DIRECTION('',(0.707106781187,-8.833102285013E-17,0.707106781187
    ));
#12507 = DIRECTION('',(1.236918052038E-16,1.,1.227125289097E-18));
#12508 = ADVANCED_FACE('',(#12509),#12525,.F.);
#12509 = FACE_BOUND('',#12510,.F.);
#12510 = EDGE_LOOP('',(#12511,#12512,#12518,#12519));
#12511 = ORIENTED_EDGE('',*,*,#10683,.F.);
#12512 = ORIENTED_EDGE('',*,*,#12513,.T.);
#12513 = EDGE_CURVE('',#10675,#10586,#12514,.T.);
#12514 = LINE('',#12515,#12516);
#12515 = CARTESIAN_POINT('',(15.32,0.32,3.38));
#12516 = VECTOR('',#12517,1.);
#12517 = DIRECTION('',(-1.,1.224646799147E-16,0.));
#12518 = ORIENTED_EDGE('',*,*,#10594,.T.);
#12519 = ORIENTED_EDGE('',*,*,#12520,.F.);
#12520 = EDGE_CURVE('',#10684,#10595,#12521,.T.);
#12521 = LINE('',#12522,#12523);
#12522 = CARTESIAN_POINT('',(15.32,0.32,-3.2));
#12523 = VECTOR('',#12524,1.);
#12524 = DIRECTION('',(-1.,1.224646799147E-16,0.));
#12525 = PLANE('',#12526);
#12526 = AXIS2_PLACEMENT_3D('',#12527,#12528,#12529);
#12527 = CARTESIAN_POINT('',(15.32,0.32,4.07));
#12528 = DIRECTION('',(-1.224646799147E-16,-1.,3.715605838772E-17));
#12529 = DIRECTION('',(-4.550304797346E-33,-3.715605838772E-17,-1.));
#12530 = ADVANCED_FACE('',(#12531),#12537,.T.);
#12531 = FACE_BOUND('',#12532,.T.);
#12532 = EDGE_LOOP('',(#12533,#12534,#12535,#12536));
#12533 = ORIENTED_EDGE('',*,*,#10674,.T.);
#12534 = ORIENTED_EDGE('',*,*,#12513,.T.);
#12535 = ORIENTED_EDGE('',*,*,#10585,.F.);
#12536 = ORIENTED_EDGE('',*,*,#10726,.F.);
#12537 = CYLINDRICAL_SURFACE('',#12538,0.69);
#12538 = AXIS2_PLACEMENT_3D('',#12539,#12540,#12541);
#12539 = CARTESIAN_POINT('',(15.32,-0.37,3.38));
#12540 = DIRECTION('',(-1.,1.224646799147E-16,0.));
#12541 = DIRECTION('',(0.,0.,1.));
#12542 = ADVANCED_FACE('',(#12543),#12568,.T.);
#12543 = FACE_BOUND('',#12544,.F.);
#12544 = EDGE_LOOP('',(#12545,#12553,#12561,#12567));
#12545 = ORIENTED_EDGE('',*,*,#12546,.F.);
#12546 = EDGE_CURVE('',#12547,#10684,#12549,.T.);
#12547 = VERTEX_POINT('',#12548);
#12548 = CARTESIAN_POINT('',(15.12,0.12,-3.4));
#12549 = LINE('',#12550,#12551);
#12550 = CARTESIAN_POINT('',(15.253333333333,0.253333333333,
    -3.266666666667));
#12551 = VECTOR('',#12552,1.);
#12552 = DIRECTION('',(0.57735026919,0.57735026919,0.57735026919));
#12553 = ORIENTED_EDGE('',*,*,#12554,.T.);
#12554 = EDGE_CURVE('',#12547,#12555,#12557,.T.);
#12555 = VERTEX_POINT('',#12556);
#12556 = CARTESIAN_POINT('',(15.12,-0.12,-3.4));
#12557 = LINE('',#12558,#12559);
#12558 = CARTESIAN_POINT('',(15.12,0.32,-3.4));
#12559 = VECTOR('',#12560,1.);
#12560 = DIRECTION('',(-1.224646799147E-16,-1.,0.));
#12561 = ORIENTED_EDGE('',*,*,#12562,.T.);
#12562 = EDGE_CURVE('',#12555,#10692,#12563,.T.);
#12563 = LINE('',#12564,#12565);
#12564 = CARTESIAN_POINT('',(15.146666666667,-0.146666666667,
    -3.373333333333));
#12565 = VECTOR('',#12566,1.);
#12566 = DIRECTION('',(0.57735026919,-0.57735026919,0.57735026919));
#12567 = ORIENTED_EDGE('',*,*,#10691,.F.);
#12568 = PLANE('',#12569);
#12569 = AXIS2_PLACEMENT_3D('',#12570,#12571,#12572);
#12570 = CARTESIAN_POINT('',(15.22,0.32,-3.3));
#12571 = DIRECTION('',(0.707106781187,-8.486018839685E-17,
    -0.707106781187));
#12572 = DIRECTION('',(1.212375546256E-16,1.,1.227125289196E-18));
#12573 = ADVANCED_FACE('',(#12574),#12585,.F.);
#12574 = FACE_BOUND('',#12575,.F.);
#12575 = EDGE_LOOP('',(#12576,#12577,#12583,#12584));
#12576 = ORIENTED_EDGE('',*,*,#10871,.T.);
#12577 = ORIENTED_EDGE('',*,*,#12578,.T.);
#12578 = EDGE_CURVE('',#10864,#10775,#12579,.T.);
#12579 = LINE('',#12580,#12581);
#12580 = CARTESIAN_POINT('',(17.82,-0.32,3.38));
#12581 = VECTOR('',#12582,1.);
#12582 = DIRECTION('',(-1.,1.224646799147E-16,0.));
#12583 = ORIENTED_EDGE('',*,*,#10782,.F.);
#12584 = ORIENTED_EDGE('',*,*,#10813,.F.);
#12585 = CYLINDRICAL_SURFACE('',#12586,5.E-02);
#12586 = AXIS2_PLACEMENT_3D('',#12587,#12588,#12589);
#12587 = CARTESIAN_POINT('',(17.82,-0.37,3.38));
#12588 = DIRECTION('',(-1.,1.224646799147E-16,0.));
#12589 = DIRECTION('',(0.,0.,1.));
#12590 = ADVANCED_FACE('',(#12591),#12602,.F.);
#12591 = FACE_BOUND('',#12592,.F.);
#12592 = EDGE_LOOP('',(#12593,#12594,#12600,#12601));
#12593 = ORIENTED_EDGE('',*,*,#10863,.F.);
#12594 = ORIENTED_EDGE('',*,*,#12595,.T.);
#12595 = EDGE_CURVE('',#10856,#10767,#12596,.T.);
#12596 = LINE('',#12597,#12598);
#12597 = CARTESIAN_POINT('',(17.82,-0.32,-3.2));
#12598 = VECTOR('',#12599,1.);
#12599 = DIRECTION('',(-1.,1.224646799147E-16,0.));
#12600 = ORIENTED_EDGE('',*,*,#10774,.T.);
#12601 = ORIENTED_EDGE('',*,*,#12578,.F.);
#12602 = PLANE('',#12603);
#12603 = AXIS2_PLACEMENT_3D('',#12604,#12605,#12606);
#12604 = CARTESIAN_POINT('',(17.82,-0.32,-3.4));
#12605 = DIRECTION('',(1.224646799147E-16,1.,0.));
#12606 = DIRECTION('',(0.,-0.,1.));
#12607 = ADVANCED_FACE('',(#12608),#12633,.F.);
#12608 = FACE_BOUND('',#12609,.T.);
#12609 = EDGE_LOOP('',(#12610,#12618,#12626,#12632));
#12610 = ORIENTED_EDGE('',*,*,#12611,.F.);
#12611 = EDGE_CURVE('',#12612,#10759,#12614,.T.);
#12612 = VERTEX_POINT('',#12613);
#12613 = CARTESIAN_POINT('',(17.38,0.12,-3.4));
#12614 = LINE('',#12615,#12616);
#12615 = CARTESIAN_POINT('',(17.353333333333,0.146666666667,
    -3.373333333333));
#12616 = VECTOR('',#12617,1.);
#12617 = DIRECTION('',(-0.57735026919,0.57735026919,0.57735026919));
#12618 = ORIENTED_EDGE('',*,*,#12619,.T.);
#12619 = EDGE_CURVE('',#12612,#12620,#12622,.T.);
#12620 = VERTEX_POINT('',#12621);
#12621 = CARTESIAN_POINT('',(17.38,-0.12,-3.4));
#12622 = LINE('',#12623,#12624);
#12623 = CARTESIAN_POINT('',(17.38,0.32,-3.4));
#12624 = VECTOR('',#12625,1.);
#12625 = DIRECTION('',(-1.224646799147E-16,-1.,0.));
#12626 = ORIENTED_EDGE('',*,*,#12627,.T.);
#12627 = EDGE_CURVE('',#12620,#10767,#12628,.T.);
#12628 = LINE('',#12629,#12630);
#12629 = CARTESIAN_POINT('',(17.46,-4.E-02,-3.48));
#12630 = VECTOR('',#12631,1.);
#12631 = DIRECTION('',(-0.57735026919,-0.57735026919,0.57735026919));
#12632 = ORIENTED_EDGE('',*,*,#10766,.F.);
#12633 = PLANE('',#12634);
#12634 = AXIS2_PLACEMENT_3D('',#12635,#12636,#12637);
#12635 = CARTESIAN_POINT('',(17.28,0.32,-3.3));
#12636 = DIRECTION('',(0.707106781187,-8.833102285013E-17,0.707106781187
    ));
#12637 = DIRECTION('',(1.236918052038E-16,1.,1.227125289097E-18));
#12638 = ADVANCED_FACE('',(#12639),#12655,.F.);
#12639 = FACE_BOUND('',#12640,.F.);
#12640 = EDGE_LOOP('',(#12641,#12642,#12648,#12649));
#12641 = ORIENTED_EDGE('',*,*,#10847,.F.);
#12642 = ORIENTED_EDGE('',*,*,#12643,.T.);
#12643 = EDGE_CURVE('',#10839,#10750,#12644,.T.);
#12644 = LINE('',#12645,#12646);
#12645 = CARTESIAN_POINT('',(17.82,0.32,3.38));
#12646 = VECTOR('',#12647,1.);
#12647 = DIRECTION('',(-1.,1.224646799147E-16,0.));
#12648 = ORIENTED_EDGE('',*,*,#10758,.T.);
#12649 = ORIENTED_EDGE('',*,*,#12650,.F.);
#12650 = EDGE_CURVE('',#10848,#10759,#12651,.T.);
#12651 = LINE('',#12652,#12653);
#12652 = CARTESIAN_POINT('',(17.82,0.32,-3.2));
#12653 = VECTOR('',#12654,1.);
#12654 = DIRECTION('',(-1.,1.224646799147E-16,0.));
#12655 = PLANE('',#12656);
#12656 = AXIS2_PLACEMENT_3D('',#12657,#12658,#12659);
#12657 = CARTESIAN_POINT('',(17.82,0.32,4.07));
#12658 = DIRECTION('',(-1.224646799147E-16,-1.,3.715605838772E-17));
#12659 = DIRECTION('',(-4.550304797346E-33,-3.715605838772E-17,-1.));
#12660 = ADVANCED_FACE('',(#12661),#12667,.T.);
#12661 = FACE_BOUND('',#12662,.T.);
#12662 = EDGE_LOOP('',(#12663,#12664,#12665,#12666));
#12663 = ORIENTED_EDGE('',*,*,#10838,.T.);
#12664 = ORIENTED_EDGE('',*,*,#12643,.T.);
#12665 = ORIENTED_EDGE('',*,*,#10749,.F.);
#12666 = ORIENTED_EDGE('',*,*,#10890,.F.);
#12667 = CYLINDRICAL_SURFACE('',#12668,0.69);
#12668 = AXIS2_PLACEMENT_3D('',#12669,#12670,#12671);
#12669 = CARTESIAN_POINT('',(17.82,-0.37,3.38));
#12670 = DIRECTION('',(-1.,1.224646799147E-16,0.));
#12671 = DIRECTION('',(0.,0.,1.));
#12672 = ADVANCED_FACE('',(#12673),#12698,.T.);
#12673 = FACE_BOUND('',#12674,.F.);
#12674 = EDGE_LOOP('',(#12675,#12683,#12691,#12697));
#12675 = ORIENTED_EDGE('',*,*,#12676,.F.);
#12676 = EDGE_CURVE('',#12677,#10848,#12679,.T.);
#12677 = VERTEX_POINT('',#12678);
#12678 = CARTESIAN_POINT('',(17.62,0.12,-3.4));
#12679 = LINE('',#12680,#12681);
#12680 = CARTESIAN_POINT('',(17.753333333333,0.253333333333,
    -3.266666666667));
#12681 = VECTOR('',#12682,1.);
#12682 = DIRECTION('',(0.57735026919,0.57735026919,0.57735026919));
#12683 = ORIENTED_EDGE('',*,*,#12684,.T.);
#12684 = EDGE_CURVE('',#12677,#12685,#12687,.T.);
#12685 = VERTEX_POINT('',#12686);
#12686 = CARTESIAN_POINT('',(17.62,-0.12,-3.4));
#12687 = LINE('',#12688,#12689);
#12688 = CARTESIAN_POINT('',(17.62,0.32,-3.4));
#12689 = VECTOR('',#12690,1.);
#12690 = DIRECTION('',(-1.224646799147E-16,-1.,0.));
#12691 = ORIENTED_EDGE('',*,*,#12692,.T.);
#12692 = EDGE_CURVE('',#12685,#10856,#12693,.T.);
#12693 = LINE('',#12694,#12695);
#12694 = CARTESIAN_POINT('',(17.646666666667,-0.146666666667,
    -3.373333333333));
#12695 = VECTOR('',#12696,1.);
#12696 = DIRECTION('',(0.57735026919,-0.57735026919,0.57735026919));
#12697 = ORIENTED_EDGE('',*,*,#10855,.F.);
#12698 = PLANE('',#12699);
#12699 = AXIS2_PLACEMENT_3D('',#12700,#12701,#12702);
#12700 = CARTESIAN_POINT('',(17.72,0.32,-3.3));
#12701 = DIRECTION('',(0.707106781187,-8.486018839685E-17,
    -0.707106781187));
#12702 = DIRECTION('',(1.212375546256E-16,1.,1.227125289196E-18));
#12703 = ADVANCED_FACE('',(#12704),#12715,.F.);
#12704 = FACE_BOUND('',#12705,.F.);
#12705 = EDGE_LOOP('',(#12706,#12707,#12713,#12714));
#12706 = ORIENTED_EDGE('',*,*,#11099,.T.);
#12707 = ORIENTED_EDGE('',*,*,#12708,.T.);
#12708 = EDGE_CURVE('',#11092,#10971,#12709,.T.);
#12709 = LINE('',#12710,#12711);
#12710 = CARTESIAN_POINT('',(20.32,-0.32,3.38));
#12711 = VECTOR('',#12712,1.);
#12712 = DIRECTION('',(-1.,1.224646799147E-16,0.));
#12713 = ORIENTED_EDGE('',*,*,#10978,.F.);
#12714 = ORIENTED_EDGE('',*,*,#11009,.F.);
#12715 = CYLINDRICAL_SURFACE('',#12716,5.E-02);
#12716 = AXIS2_PLACEMENT_3D('',#12717,#12718,#12719);
#12717 = CARTESIAN_POINT('',(20.32,-0.37,3.38));
#12718 = DIRECTION('',(-1.,1.224646799147E-16,0.));
#12719 = DIRECTION('',(0.,0.,1.));
#12720 = ADVANCED_FACE('',(#12721),#12732,.F.);
#12721 = FACE_BOUND('',#12722,.F.);
#12722 = EDGE_LOOP('',(#12723,#12724,#12730,#12731));
#12723 = ORIENTED_EDGE('',*,*,#11091,.F.);
#12724 = ORIENTED_EDGE('',*,*,#12725,.T.);
#12725 = EDGE_CURVE('',#11084,#10963,#12726,.T.);
#12726 = LINE('',#12727,#12728);
#12727 = CARTESIAN_POINT('',(20.32,-0.32,-0.9));
#12728 = VECTOR('',#12729,1.);
#12729 = DIRECTION('',(-1.,1.224646799147E-16,0.));
#12730 = ORIENTED_EDGE('',*,*,#10970,.T.);
#12731 = ORIENTED_EDGE('',*,*,#12708,.F.);
#12732 = PLANE('',#12733);
#12733 = AXIS2_PLACEMENT_3D('',#12734,#12735,#12736);
#12734 = CARTESIAN_POINT('',(20.32,-0.32,-0.9));
#12735 = DIRECTION('',(1.224646799147E-16,1.,0.));
#12736 = DIRECTION('',(0.,-0.,1.));
#12737 = ADVANCED_FACE('',(#12738),#12749,.F.);
#12738 = FACE_BOUND('',#12739,.F.);
#12739 = EDGE_LOOP('',(#12740,#12746,#12747,#12748));
#12740 = ORIENTED_EDGE('',*,*,#12741,.T.);
#12741 = EDGE_CURVE('',#11076,#10955,#12742,.T.);
#12742 = LINE('',#12743,#12744);
#12743 = CARTESIAN_POINT('',(20.32,-0.62,-1.5));
#12744 = VECTOR('',#12745,1.);
#12745 = DIRECTION('',(-1.,1.224646799147E-16,0.));
#12746 = ORIENTED_EDGE('',*,*,#10962,.T.);
#12747 = ORIENTED_EDGE('',*,*,#12725,.F.);
#12748 = ORIENTED_EDGE('',*,*,#11083,.F.);
#12749 = PLANE('',#12750);
#12750 = AXIS2_PLACEMENT_3D('',#12751,#12752,#12753);
#12751 = CARTESIAN_POINT('',(20.32,-0.62,-1.5));
#12752 = DIRECTION('',(1.095357396528E-16,0.894427191,-0.4472135955));
#12753 = DIRECTION('',(5.476786982641E-17,0.4472135955,0.894427191));
#12754 = ADVANCED_FACE('',(#12755),#12782,.F.);
#12755 = FACE_BOUND('',#12756,.F.);
#12756 = EDGE_LOOP('',(#12757,#12758,#12766,#12774,#12780,#12781));
#12757 = ORIENTED_EDGE('',*,*,#11075,.F.);
#12758 = ORIENTED_EDGE('',*,*,#12759,.F.);
#12759 = EDGE_CURVE('',#12760,#11068,#12762,.T.);
#12760 = VERTEX_POINT('',#12761);
#12761 = CARTESIAN_POINT('',(20.317552593066,-0.351192514695,
    -3.202447406934));
#12762 = LINE('',#12763,#12764);
#12763 = CARTESIAN_POINT('',(20.193816689466,-0.331655266758,
    -3.326183310534));
#12764 = VECTOR('',#12765,1.);
#12765 = DIRECTION('',(0.702740385383,-0.110959008218,0.702740385383));
#12766 = ORIENTED_EDGE('',*,*,#12767,.T.);
#12767 = EDGE_CURVE('',#12760,#12768,#12770,.T.);
#12768 = VERTEX_POINT('',#12769);
#12769 = CARTESIAN_POINT('',(19.682447406934,-0.351192514695,
    -3.202447406934));
#12770 = LINE('',#12771,#12772);
#12771 = CARTESIAN_POINT('',(20.32,-0.351192514695,-3.202447406934));
#12772 = VECTOR('',#12773,1.);
#12773 = DIRECTION('',(-1.,1.224646799147E-16,0.));
#12774 = ORIENTED_EDGE('',*,*,#12775,.T.);
#12775 = EDGE_CURVE('',#12768,#10947,#12776,.T.);
#12776 = LINE('',#12777,#12778);
#12777 = CARTESIAN_POINT('',(19.964213406293,-0.306703146375,
    -3.484213406293));
#12778 = VECTOR('',#12779,1.);
#12779 = DIRECTION('',(-0.702740385383,-0.110959008218,0.702740385383));
#12780 = ORIENTED_EDGE('',*,*,#10954,.T.);
#12781 = ORIENTED_EDGE('',*,*,#12741,.F.);
#12782 = PLANE('',#12783);
#12783 = AXIS2_PLACEMENT_3D('',#12784,#12785,#12786);
#12784 = CARTESIAN_POINT('',(20.32,-0.32,-3.4));
#12785 = DIRECTION('',(1.209660753807E-16,0.987762965329,0.155962573473)
  );
#12786 = DIRECTION('',(-1.909990663905E-17,-0.155962573473,
    0.987762965329));
#12787 = ADVANCED_FACE('',(#12788),#12822,.F.);
#12788 = FACE_BOUND('',#12789,.T.);
#12789 = EDGE_LOOP('',(#12790,#12798,#12799,#12800,#12808,#12816));
#12790 = ORIENTED_EDGE('',*,*,#12791,.T.);
#12791 = EDGE_CURVE('',#12792,#12768,#12794,.T.);
#12792 = VERTEX_POINT('',#12793);
#12793 = CARTESIAN_POINT('',(19.88,-0.12,-3.4));
#12794 = LINE('',#12795,#12796);
#12795 = CARTESIAN_POINT('',(19.95729013865,-2.95486359438E-02,
    -3.47729013865));
#12796 = VECTOR('',#12797,1.);
#12797 = DIRECTION('',(-0.544770019249,-0.63753529491,0.544770019249));
#12798 = ORIENTED_EDGE('',*,*,#12775,.T.);
#12799 = ORIENTED_EDGE('',*,*,#10946,.F.);
#12800 = ORIENTED_EDGE('',*,*,#12801,.F.);
#12801 = EDGE_CURVE('',#12802,#10939,#12804,.T.);
#12802 = VERTEX_POINT('',#12803);
#12803 = CARTESIAN_POINT('',(19.682447406934,0.288807485305,
    -3.202447406934));
#12804 = LINE('',#12805,#12806);
#12805 = CARTESIAN_POINT('',(19.458413132695,0.253433652531,
    -2.978413132695));
#12806 = VECTOR('',#12807,1.);
#12807 = DIRECTION('',(-0.702740385383,-0.110959008218,0.702740385383));
#12808 = ORIENTED_EDGE('',*,*,#12809,.F.);
#12809 = EDGE_CURVE('',#12810,#12802,#12812,.T.);
#12810 = VERTEX_POINT('',#12811);
#12811 = CARTESIAN_POINT('',(19.88,0.12,-3.4));
#12812 = LINE('',#12813,#12814);
#12813 = CARTESIAN_POINT('',(19.861356849811,0.135930458076,
    -3.381356849811));
#12814 = VECTOR('',#12815,1.);
#12815 = DIRECTION('',(-0.605209817607,0.517148096144,0.605209817607));
#12816 = ORIENTED_EDGE('',*,*,#12817,.T.);
#12817 = EDGE_CURVE('',#12810,#12792,#12818,.T.);
#12818 = LINE('',#12819,#12820);
#12819 = CARTESIAN_POINT('',(19.88,0.32,-3.4));
#12820 = VECTOR('',#12821,1.);
#12821 = DIRECTION('',(-1.224646799147E-16,-1.,0.));
#12822 = PLANE('',#12823);
#12823 = AXIS2_PLACEMENT_3D('',#12824,#12825,#12826);
#12824 = CARTESIAN_POINT('',(19.78,0.32,-3.3));
#12825 = DIRECTION('',(0.707106781187,-8.833102285013E-17,0.707106781187
    ));
#12826 = DIRECTION('',(1.236918052038E-16,1.,1.227125289097E-18));
#12827 = ADVANCED_FACE('',(#12828),#12853,.F.);
#12828 = FACE_BOUND('',#12829,.F.);
#12829 = EDGE_LOOP('',(#12830,#12831,#12837,#12838,#12839,#12847));
#12830 = ORIENTED_EDGE('',*,*,#11059,.F.);
#12831 = ORIENTED_EDGE('',*,*,#12832,.T.);
#12832 = EDGE_CURVE('',#11052,#10931,#12833,.T.);
#12833 = LINE('',#12834,#12835);
#12834 = CARTESIAN_POINT('',(20.32,2.E-02,-1.5));
#12835 = VECTOR('',#12836,1.);
#12836 = DIRECTION('',(-1.,1.224646799147E-16,0.));
#12837 = ORIENTED_EDGE('',*,*,#10938,.T.);
#12838 = ORIENTED_EDGE('',*,*,#12801,.F.);
#12839 = ORIENTED_EDGE('',*,*,#12840,.F.);
#12840 = EDGE_CURVE('',#12841,#12802,#12843,.T.);
#12841 = VERTEX_POINT('',#12842);
#12842 = CARTESIAN_POINT('',(20.317552593066,0.288807485305,
    -3.202447406934));
#12843 = LINE('',#12844,#12845);
#12844 = CARTESIAN_POINT('',(20.32,0.288807485305,-3.202447406934));
#12845 = VECTOR('',#12846,1.);
#12846 = DIRECTION('',(-1.,1.224646799147E-16,0.));
#12847 = ORIENTED_EDGE('',*,*,#12848,.T.);
#12848 = EDGE_CURVE('',#12841,#11060,#12849,.T.);
#12849 = LINE('',#12850,#12851);
#12850 = CARTESIAN_POINT('',(20.699616963064,0.228481532148,
    -2.820383036936));
#12851 = VECTOR('',#12852,1.);
#12852 = DIRECTION('',(0.702740385383,-0.110959008218,0.702740385383));
#12853 = PLANE('',#12854);
#12854 = AXIS2_PLACEMENT_3D('',#12855,#12856,#12857);
#12855 = CARTESIAN_POINT('',(20.32,2.E-02,-1.5));
#12856 = DIRECTION('',(-1.209660753807E-16,-0.987762965329,
    -0.155962573473));
#12857 = DIRECTION('',(1.909990663905E-17,0.155962573473,-0.987762965329
    ));
#12858 = ADVANCED_FACE('',(#12859),#12870,.F.);
#12859 = FACE_BOUND('',#12860,.F.);
#12860 = EDGE_LOOP('',(#12861,#12867,#12868,#12869));
#12861 = ORIENTED_EDGE('',*,*,#12862,.T.);
#12862 = EDGE_CURVE('',#11044,#10923,#12863,.T.);
#12863 = LINE('',#12864,#12865);
#12864 = CARTESIAN_POINT('',(20.32,0.32,-0.9));
#12865 = VECTOR('',#12866,1.);
#12866 = DIRECTION('',(-1.,1.224646799147E-16,0.));
#12867 = ORIENTED_EDGE('',*,*,#10930,.T.);
#12868 = ORIENTED_EDGE('',*,*,#12832,.F.);
#12869 = ORIENTED_EDGE('',*,*,#11051,.F.);
#12870 = PLANE('',#12871);
#12871 = AXIS2_PLACEMENT_3D('',#12872,#12873,#12874);
#12872 = CARTESIAN_POINT('',(20.32,0.32,-0.9));
#12873 = DIRECTION('',(-1.095357396528E-16,-0.894427191,0.4472135955));
#12874 = DIRECTION('',(-5.476786982641E-17,-0.4472135955,-0.894427191));
#12875 = ADVANCED_FACE('',(#12876),#12887,.F.);
#12876 = FACE_BOUND('',#12877,.F.);
#12877 = EDGE_LOOP('',(#12878,#12879,#12885,#12886));
#12878 = ORIENTED_EDGE('',*,*,#11043,.F.);
#12879 = ORIENTED_EDGE('',*,*,#12880,.T.);
#12880 = EDGE_CURVE('',#11035,#10914,#12881,.T.);
#12881 = LINE('',#12882,#12883);
#12882 = CARTESIAN_POINT('',(20.32,0.32,3.38));
#12883 = VECTOR('',#12884,1.);
#12884 = DIRECTION('',(-1.,1.224646799147E-16,0.));
#12885 = ORIENTED_EDGE('',*,*,#10922,.T.);
#12886 = ORIENTED_EDGE('',*,*,#12862,.F.);
#12887 = PLANE('',#12888);
#12888 = AXIS2_PLACEMENT_3D('',#12889,#12890,#12891);
#12889 = CARTESIAN_POINT('',(20.32,0.32,4.07));
#12890 = DIRECTION('',(-1.224646799147E-16,-1.,0.));
#12891 = DIRECTION('',(-0.,0.,-1.));
#12892 = ADVANCED_FACE('',(#12893),#12899,.T.);
#12893 = FACE_BOUND('',#12894,.T.);
#12894 = EDGE_LOOP('',(#12895,#12896,#12897,#12898));
#12895 = ORIENTED_EDGE('',*,*,#11034,.T.);
#12896 = ORIENTED_EDGE('',*,*,#12880,.T.);
#12897 = ORIENTED_EDGE('',*,*,#10913,.F.);
#12898 = ORIENTED_EDGE('',*,*,#11118,.F.);
#12899 = CYLINDRICAL_SURFACE('',#12900,0.69);
#12900 = AXIS2_PLACEMENT_3D('',#12901,#12902,#12903);
#12901 = CARTESIAN_POINT('',(20.32,-0.37,3.38));
#12902 = DIRECTION('',(-1.,1.224646799147E-16,0.));
#12903 = DIRECTION('',(0.,0.,1.));
#12904 = ADVANCED_FACE('',(#12905),#12932,.T.);
#12905 = FACE_BOUND('',#12906,.F.);
#12906 = EDGE_LOOP('',(#12907,#12915,#12916,#12917,#12918,#12926));
#12907 = ORIENTED_EDGE('',*,*,#12908,.T.);
#12908 = EDGE_CURVE('',#12909,#12760,#12911,.T.);
#12909 = VERTEX_POINT('',#12910);
#12910 = CARTESIAN_POINT('',(20.12,-0.12,-3.4));
#12911 = LINE('',#12912,#12913);
#12912 = CARTESIAN_POINT('',(20.137677660989,-0.140687872705,
    -3.382322339011));
#12913 = VECTOR('',#12914,1.);
#12914 = DIRECTION('',(0.544770019249,-0.63753529491,0.544770019249));
#12915 = ORIENTED_EDGE('',*,*,#12759,.T.);
#12916 = ORIENTED_EDGE('',*,*,#11067,.F.);
#12917 = ORIENTED_EDGE('',*,*,#12848,.F.);
#12918 = ORIENTED_EDGE('',*,*,#12919,.F.);
#12919 = EDGE_CURVE('',#12920,#12841,#12922,.T.);
#12920 = VERTEX_POINT('',#12921);
#12921 = CARTESIAN_POINT('',(20.12,0.12,-3.4));
#12922 = LINE('',#12923,#12924);
#12923 = CARTESIAN_POINT('',(20.255852405654,0.236085051658,
    -3.264147594346));
#12924 = VECTOR('',#12925,1.);
#12925 = DIRECTION('',(0.605209817607,0.517148096144,0.605209817607));
#12926 = ORIENTED_EDGE('',*,*,#12927,.T.);
#12927 = EDGE_CURVE('',#12920,#12909,#12928,.T.);
#12928 = LINE('',#12929,#12930);
#12929 = CARTESIAN_POINT('',(20.12,0.32,-3.4));
#12930 = VECTOR('',#12931,1.);
#12931 = DIRECTION('',(-1.224646799147E-16,-1.,0.));
#12932 = PLANE('',#12933);
#12933 = AXIS2_PLACEMENT_3D('',#12934,#12935,#12936);
#12934 = CARTESIAN_POINT('',(20.22,0.32,-3.3));
#12935 = DIRECTION('',(0.707106781187,-8.486018839685E-17,
    -0.707106781187));
#12936 = DIRECTION('',(1.212375546256E-16,1.,1.227125289196E-18));
#12937 = ADVANCED_FACE('',(#12938),#12963,.T.);
#12938 = FACE_BOUND('',#12939,.T.);
#12939 = EDGE_LOOP('',(#12940,#12950,#12956,#12957));
#12940 = ORIENTED_EDGE('',*,*,#12941,.T.);
#12941 = EDGE_CURVE('',#12942,#12944,#12946,.T.);
#12942 = VERTEX_POINT('',#12943);
#12943 = CARTESIAN_POINT('',(17.18,-8.5,3.43));
#12944 = VERTEX_POINT('',#12945);
#12945 = CARTESIAN_POINT('',(17.18,-8.5,4.07));
#12946 = LINE('',#12947,#12948);
#12947 = CARTESIAN_POINT('',(17.18,-8.5,3.43));
#12948 = VECTOR('',#12949,1.);
#12949 = DIRECTION('',(0.,0.,1.));
#12950 = ORIENTED_EDGE('',*,*,#12951,.T.);
#12951 = EDGE_CURVE('',#12944,#11252,#12952,.T.);
#12952 = LINE('',#12953,#12954);
#12953 = CARTESIAN_POINT('',(17.18,-8.7,4.07));
#12954 = VECTOR('',#12955,1.);
#12955 = DIRECTION('',(1.224646799147E-16,1.,0.));
#12956 = ORIENTED_EDGE('',*,*,#11251,.T.);
#12957 = ORIENTED_EDGE('',*,*,#12958,.T.);
#12958 = EDGE_CURVE('',#11254,#12942,#12959,.T.);
#12959 = LINE('',#12960,#12961);
#12960 = CARTESIAN_POINT('',(17.18,-0.32,3.43));
#12961 = VECTOR('',#12962,1.);
#12962 = DIRECTION('',(-1.224646799147E-16,-1.,0.));
#12963 = PLANE('',#12964);
#12964 = AXIS2_PLACEMENT_3D('',#12965,#12966,#12967);
#12965 = CARTESIAN_POINT('',(17.18,-2.454542146756,2.070457853244));
#12966 = DIRECTION('',(-1.,1.224646799147E-16,0.));
#12967 = DIRECTION('',(0.,0.,1.));
#12968 = ADVANCED_FACE('',(#12969),#12987,.F.);
#12969 = FACE_BOUND('',#12970,.F.);
#12970 = EDGE_LOOP('',(#12971,#12979,#12980,#12981));
#12971 = ORIENTED_EDGE('',*,*,#12972,.F.);
#12972 = EDGE_CURVE('',#11270,#12973,#12975,.T.);
#12973 = VERTEX_POINT('',#12974);
#12974 = CARTESIAN_POINT('',(17.82,-8.5,3.43));
#12975 = LINE('',#12976,#12977);
#12976 = CARTESIAN_POINT('',(17.82,-0.32,3.43));
#12977 = VECTOR('',#12978,1.);
#12978 = DIRECTION('',(-1.224646799147E-16,-1.,0.));
#12979 = ORIENTED_EDGE('',*,*,#11277,.T.);
#12980 = ORIENTED_EDGE('',*,*,#12958,.T.);
#12981 = ORIENTED_EDGE('',*,*,#12982,.F.);
#12982 = EDGE_CURVE('',#12973,#12942,#12983,.T.);
#12983 = LINE('',#12984,#12985);
#12984 = CARTESIAN_POINT('',(17.82,-8.5,3.43));
#12985 = VECTOR('',#12986,1.);
#12986 = DIRECTION('',(-1.,1.224646799147E-16,0.));
#12987 = PLANE('',#12988);
#12988 = AXIS2_PLACEMENT_3D('',#12989,#12990,#12991);
#12989 = CARTESIAN_POINT('',(17.82,-0.32,3.43));
#12990 = DIRECTION('',(0.,0.,1.));
#12991 = DIRECTION('',(-1.224646799147E-16,-1.,0.));
#12992 = ADVANCED_FACE('',(#12993),#13011,.F.);
#12993 = FACE_BOUND('',#12994,.F.);
#12994 = EDGE_LOOP('',(#12995,#13003,#13009,#13010));
#12995 = ORIENTED_EDGE('',*,*,#12996,.T.);
#12996 = EDGE_CURVE('',#12973,#12997,#12999,.T.);
#12997 = VERTEX_POINT('',#12998);
#12998 = CARTESIAN_POINT('',(17.82,-8.5,4.07));
#12999 = LINE('',#13000,#13001);
#13000 = CARTESIAN_POINT('',(17.82,-8.5,3.43));
#13001 = VECTOR('',#13002,1.);
#13002 = DIRECTION('',(0.,0.,1.));
#13003 = ORIENTED_EDGE('',*,*,#13004,.T.);
#13004 = EDGE_CURVE('',#12997,#11262,#13005,.T.);
#13005 = LINE('',#13006,#13007);
#13006 = CARTESIAN_POINT('',(17.82,-8.7,4.07));
#13007 = VECTOR('',#13008,1.);
#13008 = DIRECTION('',(1.224646799147E-16,1.,0.));
#13009 = ORIENTED_EDGE('',*,*,#11269,.T.);
#13010 = ORIENTED_EDGE('',*,*,#12972,.T.);
#13011 = PLANE('',#13012);
#13012 = AXIS2_PLACEMENT_3D('',#13013,#13014,#13015);
#13013 = CARTESIAN_POINT('',(17.82,-2.454542146756,2.070457853244));
#13014 = DIRECTION('',(-1.,1.224646799147E-16,0.));
#13015 = DIRECTION('',(0.,0.,1.));
#13016 = ADVANCED_FACE('',(#13017),#13028,.F.);
#13017 = FACE_BOUND('',#13018,.F.);
#13018 = EDGE_LOOP('',(#13019,#13020,#13026,#13027));
#13019 = ORIENTED_EDGE('',*,*,#13004,.F.);
#13020 = ORIENTED_EDGE('',*,*,#13021,.T.);
#13021 = EDGE_CURVE('',#12997,#12944,#13022,.T.);
#13022 = LINE('',#13023,#13024);
#13023 = CARTESIAN_POINT('',(17.82,-8.5,4.07));
#13024 = VECTOR('',#13025,1.);
#13025 = DIRECTION('',(-1.,1.224646799147E-16,0.));
#13026 = ORIENTED_EDGE('',*,*,#12951,.T.);
#13027 = ORIENTED_EDGE('',*,*,#11261,.T.);
#13028 = PLANE('',#13029);
#13029 = AXIS2_PLACEMENT_3D('',#13030,#13031,#13032);
#13030 = CARTESIAN_POINT('',(17.82,-8.7,4.07));
#13031 = DIRECTION('',(-0.,0.,-1.));
#13032 = DIRECTION('',(1.224646799147E-16,1.,0.));
#13033 = ADVANCED_FACE('',(#13034),#13059,.T.);
#13034 = FACE_BOUND('',#13035,.T.);
#13035 = EDGE_LOOP('',(#13036,#13046,#13052,#13053));
#13036 = ORIENTED_EDGE('',*,*,#13037,.T.);
#13037 = EDGE_CURVE('',#13038,#13040,#13042,.T.);
#13038 = VERTEX_POINT('',#13039);
#13039 = CARTESIAN_POINT('',(14.68,-8.5,3.43));
#13040 = VERTEX_POINT('',#13041);
#13041 = CARTESIAN_POINT('',(14.68,-8.5,4.07));
#13042 = LINE('',#13043,#13044);
#13043 = CARTESIAN_POINT('',(14.68,-8.5,3.43));
#13044 = VECTOR('',#13045,1.);
#13045 = DIRECTION('',(0.,0.,1.));
#13046 = ORIENTED_EDGE('',*,*,#13047,.T.);
#13047 = EDGE_CURVE('',#13040,#11286,#13048,.T.);
#13048 = LINE('',#13049,#13050);
#13049 = CARTESIAN_POINT('',(14.68,-8.7,4.07));
#13050 = VECTOR('',#13051,1.);
#13051 = DIRECTION('',(1.224646799147E-16,1.,0.));
#13052 = ORIENTED_EDGE('',*,*,#11285,.T.);
#13053 = ORIENTED_EDGE('',*,*,#13054,.T.);
#13054 = EDGE_CURVE('',#11288,#13038,#13055,.T.);
#13055 = LINE('',#13056,#13057);
#13056 = CARTESIAN_POINT('',(14.68,-0.32,3.43));
#13057 = VECTOR('',#13058,1.);
#13058 = DIRECTION('',(-1.224646799147E-16,-1.,0.));
#13059 = PLANE('',#13060);
#13060 = AXIS2_PLACEMENT_3D('',#13061,#13062,#13063);
#13061 = CARTESIAN_POINT('',(14.68,-2.454542146756,2.070457853244));
#13062 = DIRECTION('',(-1.,1.224646799147E-16,0.));
#13063 = DIRECTION('',(0.,0.,1.));
#13064 = ADVANCED_FACE('',(#13065),#13083,.F.);
#13065 = FACE_BOUND('',#13066,.F.);
#13066 = EDGE_LOOP('',(#13067,#13075,#13076,#13077));
#13067 = ORIENTED_EDGE('',*,*,#13068,.F.);
#13068 = EDGE_CURVE('',#11304,#13069,#13071,.T.);
#13069 = VERTEX_POINT('',#13070);
#13070 = CARTESIAN_POINT('',(15.32,-8.5,3.43));
#13071 = LINE('',#13072,#13073);
#13072 = CARTESIAN_POINT('',(15.32,-0.32,3.43));
#13073 = VECTOR('',#13074,1.);
#13074 = DIRECTION('',(-1.224646799147E-16,-1.,0.));
#13075 = ORIENTED_EDGE('',*,*,#11311,.T.);
#13076 = ORIENTED_EDGE('',*,*,#13054,.T.);
#13077 = ORIENTED_EDGE('',*,*,#13078,.F.);
#13078 = EDGE_CURVE('',#13069,#13038,#13079,.T.);
#13079 = LINE('',#13080,#13081);
#13080 = CARTESIAN_POINT('',(15.32,-8.5,3.43));
#13081 = VECTOR('',#13082,1.);
#13082 = DIRECTION('',(-1.,1.224646799147E-16,0.));
#13083 = PLANE('',#13084);
#13084 = AXIS2_PLACEMENT_3D('',#13085,#13086,#13087);
#13085 = CARTESIAN_POINT('',(15.32,-0.32,3.43));
#13086 = DIRECTION('',(0.,0.,1.));
#13087 = DIRECTION('',(-1.224646799147E-16,-1.,0.));
#13088 = ADVANCED_FACE('',(#13089),#13107,.F.);
#13089 = FACE_BOUND('',#13090,.F.);
#13090 = EDGE_LOOP('',(#13091,#13099,#13105,#13106));
#13091 = ORIENTED_EDGE('',*,*,#13092,.T.);
#13092 = EDGE_CURVE('',#13069,#13093,#13095,.T.);
#13093 = VERTEX_POINT('',#13094);
#13094 = CARTESIAN_POINT('',(15.32,-8.5,4.07));
#13095 = LINE('',#13096,#13097);
#13096 = CARTESIAN_POINT('',(15.32,-8.5,3.43));
#13097 = VECTOR('',#13098,1.);
#13098 = DIRECTION('',(0.,0.,1.));
#13099 = ORIENTED_EDGE('',*,*,#13100,.T.);
#13100 = EDGE_CURVE('',#13093,#11296,#13101,.T.);
#13101 = LINE('',#13102,#13103);
#13102 = CARTESIAN_POINT('',(15.32,-8.7,4.07));
#13103 = VECTOR('',#13104,1.);
#13104 = DIRECTION('',(1.224646799147E-16,1.,0.));
#13105 = ORIENTED_EDGE('',*,*,#11303,.T.);
#13106 = ORIENTED_EDGE('',*,*,#13068,.T.);
#13107 = PLANE('',#13108);
#13108 = AXIS2_PLACEMENT_3D('',#13109,#13110,#13111);
#13109 = CARTESIAN_POINT('',(15.32,-2.454542146756,2.070457853244));
#13110 = DIRECTION('',(-1.,1.224646799147E-16,0.));
#13111 = DIRECTION('',(0.,0.,1.));
#13112 = ADVANCED_FACE('',(#13113),#13124,.F.);
#13113 = FACE_BOUND('',#13114,.F.);
#13114 = EDGE_LOOP('',(#13115,#13116,#13122,#13123));
#13115 = ORIENTED_EDGE('',*,*,#13100,.F.);
#13116 = ORIENTED_EDGE('',*,*,#13117,.T.);
#13117 = EDGE_CURVE('',#13093,#13040,#13118,.T.);
#13118 = LINE('',#13119,#13120);
#13119 = CARTESIAN_POINT('',(15.32,-8.5,4.07));
#13120 = VECTOR('',#13121,1.);
#13121 = DIRECTION('',(-1.,1.224646799147E-16,0.));
#13122 = ORIENTED_EDGE('',*,*,#13047,.T.);
#13123 = ORIENTED_EDGE('',*,*,#11295,.T.);
#13124 = PLANE('',#13125);
#13125 = AXIS2_PLACEMENT_3D('',#13126,#13127,#13128);
#13126 = CARTESIAN_POINT('',(15.32,-8.7,4.07));
#13127 = DIRECTION('',(-0.,0.,-1.));
#13128 = DIRECTION('',(1.224646799147E-16,1.,0.));
#13129 = ADVANCED_FACE('',(#13130),#13155,.F.);
#13130 = FACE_BOUND('',#13131,.F.);
#13131 = EDGE_LOOP('',(#13132,#13140,#13148,#13154));
#13132 = ORIENTED_EDGE('',*,*,#13133,.F.);
#13133 = EDGE_CURVE('',#13134,#11322,#13136,.T.);
#13134 = VERTEX_POINT('',#13135);
#13135 = CARTESIAN_POINT('',(12.82,-8.5,4.07));
#13136 = LINE('',#13137,#13138);
#13137 = CARTESIAN_POINT('',(12.82,-8.7,4.07));
#13138 = VECTOR('',#13139,1.);
#13139 = DIRECTION('',(1.224646799147E-16,1.,0.));
#13140 = ORIENTED_EDGE('',*,*,#13141,.T.);
#13141 = EDGE_CURVE('',#13134,#13142,#13144,.T.);
#13142 = VERTEX_POINT('',#13143);
#13143 = CARTESIAN_POINT('',(12.18,-8.5,4.07));
#13144 = LINE('',#13145,#13146);
#13145 = CARTESIAN_POINT('',(12.82,-8.5,4.07));
#13146 = VECTOR('',#13147,1.);
#13147 = DIRECTION('',(-1.,1.224646799147E-16,0.));
#13148 = ORIENTED_EDGE('',*,*,#13149,.T.);
#13149 = EDGE_CURVE('',#13142,#11320,#13150,.T.);
#13150 = LINE('',#13151,#13152);
#13151 = CARTESIAN_POINT('',(12.18,-8.7,4.07));
#13152 = VECTOR('',#13153,1.);
#13153 = DIRECTION('',(1.224646799147E-16,1.,0.));
#13154 = ORIENTED_EDGE('',*,*,#11319,.T.);
#13155 = PLANE('',#13156);
#13156 = AXIS2_PLACEMENT_3D('',#13157,#13158,#13159);
#13157 = CARTESIAN_POINT('',(12.82,-8.7,4.07));
#13158 = DIRECTION('',(-0.,0.,-1.));
#13159 = DIRECTION('',(1.224646799147E-16,1.,0.));
#13160 = ADVANCED_FACE('',(#13161),#13179,.T.);
#13161 = FACE_BOUND('',#13162,.T.);
#13162 = EDGE_LOOP('',(#13163,#13171,#13172,#13173));
#13163 = ORIENTED_EDGE('',*,*,#13164,.T.);
#13164 = EDGE_CURVE('',#13165,#13142,#13167,.T.);
#13165 = VERTEX_POINT('',#13166);
#13166 = CARTESIAN_POINT('',(12.18,-8.5,3.43));
#13167 = LINE('',#13168,#13169);
#13168 = CARTESIAN_POINT('',(12.18,-8.5,3.43));
#13169 = VECTOR('',#13170,1.);
#13170 = DIRECTION('',(0.,0.,1.));
#13171 = ORIENTED_EDGE('',*,*,#13149,.T.);
#13172 = ORIENTED_EDGE('',*,*,#11345,.T.);
#13173 = ORIENTED_EDGE('',*,*,#13174,.T.);
#13174 = EDGE_CURVE('',#11338,#13165,#13175,.T.);
#13175 = LINE('',#13176,#13177);
#13176 = CARTESIAN_POINT('',(12.18,-0.32,3.43));
#13177 = VECTOR('',#13178,1.);
#13178 = DIRECTION('',(-1.224646799147E-16,-1.,0.));
#13179 = PLANE('',#13180);
#13180 = AXIS2_PLACEMENT_3D('',#13181,#13182,#13183);
#13181 = CARTESIAN_POINT('',(12.18,-2.454542146756,2.070457853244));
#13182 = DIRECTION('',(-1.,1.224646799147E-16,0.));
#13183 = DIRECTION('',(0.,0.,1.));
#13184 = ADVANCED_FACE('',(#13185),#13203,.F.);
#13185 = FACE_BOUND('',#13186,.F.);
#13186 = EDGE_LOOP('',(#13187,#13195,#13196,#13197));
#13187 = ORIENTED_EDGE('',*,*,#13188,.F.);
#13188 = EDGE_CURVE('',#11330,#13189,#13191,.T.);
#13189 = VERTEX_POINT('',#13190);
#13190 = CARTESIAN_POINT('',(12.82,-8.5,3.43));
#13191 = LINE('',#13192,#13193);
#13192 = CARTESIAN_POINT('',(12.82,-0.32,3.43));
#13193 = VECTOR('',#13194,1.);
#13194 = DIRECTION('',(-1.224646799147E-16,-1.,0.));
#13195 = ORIENTED_EDGE('',*,*,#11337,.T.);
#13196 = ORIENTED_EDGE('',*,*,#13174,.T.);
#13197 = ORIENTED_EDGE('',*,*,#13198,.F.);
#13198 = EDGE_CURVE('',#13189,#13165,#13199,.T.);
#13199 = LINE('',#13200,#13201);
#13200 = CARTESIAN_POINT('',(12.82,-8.5,3.43));
#13201 = VECTOR('',#13202,1.);
#13202 = DIRECTION('',(-1.,1.224646799147E-16,0.));
#13203 = PLANE('',#13204);
#13204 = AXIS2_PLACEMENT_3D('',#13205,#13206,#13207);
#13205 = CARTESIAN_POINT('',(12.82,-0.32,3.43));
#13206 = DIRECTION('',(0.,0.,1.));
#13207 = DIRECTION('',(-1.224646799147E-16,-1.,0.));
#13208 = ADVANCED_FACE('',(#13209),#13220,.F.);
#13209 = FACE_BOUND('',#13210,.F.);
#13210 = EDGE_LOOP('',(#13211,#13217,#13218,#13219));
#13211 = ORIENTED_EDGE('',*,*,#13212,.T.);
#13212 = EDGE_CURVE('',#13189,#13134,#13213,.T.);
#13213 = LINE('',#13214,#13215);
#13214 = CARTESIAN_POINT('',(12.82,-8.5,3.43));
#13215 = VECTOR('',#13216,1.);
#13216 = DIRECTION('',(0.,0.,1.));
#13217 = ORIENTED_EDGE('',*,*,#13133,.T.);
#13218 = ORIENTED_EDGE('',*,*,#11329,.T.);
#13219 = ORIENTED_EDGE('',*,*,#13188,.T.);
#13220 = PLANE('',#13221);
#13221 = AXIS2_PLACEMENT_3D('',#13222,#13223,#13224);
#13222 = CARTESIAN_POINT('',(12.82,-2.454542146756,2.070457853244));
#13223 = DIRECTION('',(-1.,1.224646799147E-16,0.));
#13224 = DIRECTION('',(0.,0.,1.));
#13225 = ADVANCED_FACE('',(#13226),#13251,.T.);
#13226 = FACE_BOUND('',#13227,.T.);
#13227 = EDGE_LOOP('',(#13228,#13238,#13244,#13245));
#13228 = ORIENTED_EDGE('',*,*,#13229,.T.);
#13229 = EDGE_CURVE('',#13230,#13232,#13234,.T.);
#13230 = VERTEX_POINT('',#13231);
#13231 = CARTESIAN_POINT('',(4.68,-8.5,3.43));
#13232 = VERTEX_POINT('',#13233);
#13233 = CARTESIAN_POINT('',(4.68,-8.5,4.07));
#13234 = LINE('',#13235,#13236);
#13235 = CARTESIAN_POINT('',(4.68,-8.5,3.43));
#13236 = VECTOR('',#13237,1.);
#13237 = DIRECTION('',(0.,0.,1.));
#13238 = ORIENTED_EDGE('',*,*,#13239,.T.);
#13239 = EDGE_CURVE('',#13232,#11354,#13240,.T.);
#13240 = LINE('',#13241,#13242);
#13241 = CARTESIAN_POINT('',(4.68,-8.7,4.07));
#13242 = VECTOR('',#13243,1.);
#13243 = DIRECTION('',(1.224646799147E-16,1.,0.));
#13244 = ORIENTED_EDGE('',*,*,#11353,.T.);
#13245 = ORIENTED_EDGE('',*,*,#13246,.T.);
#13246 = EDGE_CURVE('',#11356,#13230,#13247,.T.);
#13247 = LINE('',#13248,#13249);
#13248 = CARTESIAN_POINT('',(4.68,-0.32,3.43));
#13249 = VECTOR('',#13250,1.);
#13250 = DIRECTION('',(-1.224646799147E-16,-1.,0.));
#13251 = PLANE('',#13252);
#13252 = AXIS2_PLACEMENT_3D('',#13253,#13254,#13255);
#13253 = CARTESIAN_POINT('',(4.68,-2.454542146756,2.070457853244));
#13254 = DIRECTION('',(-1.,1.224646799147E-16,0.));
#13255 = DIRECTION('',(0.,0.,1.));
#13256 = ADVANCED_FACE('',(#13257),#13275,.F.);
#13257 = FACE_BOUND('',#13258,.F.);
#13258 = EDGE_LOOP('',(#13259,#13267,#13268,#13269));
#13259 = ORIENTED_EDGE('',*,*,#13260,.F.);
#13260 = EDGE_CURVE('',#11372,#13261,#13263,.T.);
#13261 = VERTEX_POINT('',#13262);
#13262 = CARTESIAN_POINT('',(5.32,-8.5,3.43));
#13263 = LINE('',#13264,#13265);
#13264 = CARTESIAN_POINT('',(5.32,-0.32,3.43));
#13265 = VECTOR('',#13266,1.);
#13266 = DIRECTION('',(-1.224646799147E-16,-1.,0.));
#13267 = ORIENTED_EDGE('',*,*,#11379,.T.);
#13268 = ORIENTED_EDGE('',*,*,#13246,.T.);
#13269 = ORIENTED_EDGE('',*,*,#13270,.F.);
#13270 = EDGE_CURVE('',#13261,#13230,#13271,.T.);
#13271 = LINE('',#13272,#13273);
#13272 = CARTESIAN_POINT('',(5.32,-8.5,3.43));
#13273 = VECTOR('',#13274,1.);
#13274 = DIRECTION('',(-1.,1.224646799147E-16,0.));
#13275 = PLANE('',#13276);
#13276 = AXIS2_PLACEMENT_3D('',#13277,#13278,#13279);
#13277 = CARTESIAN_POINT('',(5.32,-0.32,3.43));
#13278 = DIRECTION('',(0.,0.,1.));
#13279 = DIRECTION('',(-1.224646799147E-16,-1.,0.));
#13280 = ADVANCED_FACE('',(#13281),#13299,.F.);
#13281 = FACE_BOUND('',#13282,.F.);
#13282 = EDGE_LOOP('',(#13283,#13291,#13297,#13298));
#13283 = ORIENTED_EDGE('',*,*,#13284,.T.);
#13284 = EDGE_CURVE('',#13261,#13285,#13287,.T.);
#13285 = VERTEX_POINT('',#13286);
#13286 = CARTESIAN_POINT('',(5.32,-8.5,4.07));
#13287 = LINE('',#13288,#13289);
#13288 = CARTESIAN_POINT('',(5.32,-8.5,3.43));
#13289 = VECTOR('',#13290,1.);
#13290 = DIRECTION('',(0.,0.,1.));
#13291 = ORIENTED_EDGE('',*,*,#13292,.T.);
#13292 = EDGE_CURVE('',#13285,#11364,#13293,.T.);
#13293 = LINE('',#13294,#13295);
#13294 = CARTESIAN_POINT('',(5.32,-8.7,4.07));
#13295 = VECTOR('',#13296,1.);
#13296 = DIRECTION('',(1.224646799147E-16,1.,0.));
#13297 = ORIENTED_EDGE('',*,*,#11371,.T.);
#13298 = ORIENTED_EDGE('',*,*,#13260,.T.);
#13299 = PLANE('',#13300);
#13300 = AXIS2_PLACEMENT_3D('',#13301,#13302,#13303);
#13301 = CARTESIAN_POINT('',(5.32,-2.454542146756,2.070457853244));
#13302 = DIRECTION('',(-1.,1.224646799147E-16,0.));
#13303 = DIRECTION('',(0.,0.,1.));
#13304 = ADVANCED_FACE('',(#13305),#13316,.F.);
#13305 = FACE_BOUND('',#13306,.F.);
#13306 = EDGE_LOOP('',(#13307,#13308,#13314,#13315));
#13307 = ORIENTED_EDGE('',*,*,#13292,.F.);
#13308 = ORIENTED_EDGE('',*,*,#13309,.T.);
#13309 = EDGE_CURVE('',#13285,#13232,#13310,.T.);
#13310 = LINE('',#13311,#13312);
#13311 = CARTESIAN_POINT('',(5.32,-8.5,4.07));
#13312 = VECTOR('',#13313,1.);
#13313 = DIRECTION('',(-1.,1.224646799147E-16,0.));
#13314 = ORIENTED_EDGE('',*,*,#13239,.T.);
#13315 = ORIENTED_EDGE('',*,*,#11363,.T.);
#13316 = PLANE('',#13317);
#13317 = AXIS2_PLACEMENT_3D('',#13318,#13319,#13320);
#13318 = CARTESIAN_POINT('',(5.32,-8.7,4.07));
#13319 = DIRECTION('',(-0.,0.,-1.));
#13320 = DIRECTION('',(1.224646799147E-16,1.,0.));
#13321 = ADVANCED_FACE('',(#13322),#13347,.T.);
#13322 = FACE_BOUND('',#13323,.T.);
#13323 = EDGE_LOOP('',(#13324,#13334,#13340,#13341));
#13324 = ORIENTED_EDGE('',*,*,#13325,.T.);
#13325 = EDGE_CURVE('',#13326,#13328,#13330,.T.);
#13326 = VERTEX_POINT('',#13327);
#13327 = CARTESIAN_POINT('',(7.18,-8.5,3.43));
#13328 = VERTEX_POINT('',#13329);
#13329 = CARTESIAN_POINT('',(7.18,-8.5,4.07));
#13330 = LINE('',#13331,#13332);
#13331 = CARTESIAN_POINT('',(7.18,-8.5,3.43));
#13332 = VECTOR('',#13333,1.);
#13333 = DIRECTION('',(0.,0.,1.));
#13334 = ORIENTED_EDGE('',*,*,#13335,.T.);
#13335 = EDGE_CURVE('',#13328,#11388,#13336,.T.);
#13336 = LINE('',#13337,#13338);
#13337 = CARTESIAN_POINT('',(7.18,-8.7,4.07));
#13338 = VECTOR('',#13339,1.);
#13339 = DIRECTION('',(1.224646799147E-16,1.,0.));
#13340 = ORIENTED_EDGE('',*,*,#11387,.T.);
#13341 = ORIENTED_EDGE('',*,*,#13342,.T.);
#13342 = EDGE_CURVE('',#11390,#13326,#13343,.T.);
#13343 = LINE('',#13344,#13345);
#13344 = CARTESIAN_POINT('',(7.18,-0.32,3.43));
#13345 = VECTOR('',#13346,1.);
#13346 = DIRECTION('',(-1.224646799147E-16,-1.,0.));
#13347 = PLANE('',#13348);
#13348 = AXIS2_PLACEMENT_3D('',#13349,#13350,#13351);
#13349 = CARTESIAN_POINT('',(7.18,-2.454542146756,2.070457853244));
#13350 = DIRECTION('',(-1.,1.224646799147E-16,0.));
#13351 = DIRECTION('',(0.,0.,1.));
#13352 = ADVANCED_FACE('',(#13353),#13371,.F.);
#13353 = FACE_BOUND('',#13354,.F.);
#13354 = EDGE_LOOP('',(#13355,#13363,#13364,#13365));
#13355 = ORIENTED_EDGE('',*,*,#13356,.F.);
#13356 = EDGE_CURVE('',#11406,#13357,#13359,.T.);
#13357 = VERTEX_POINT('',#13358);
#13358 = CARTESIAN_POINT('',(7.82,-8.5,3.43));
#13359 = LINE('',#13360,#13361);
#13360 = CARTESIAN_POINT('',(7.82,-0.32,3.43));
#13361 = VECTOR('',#13362,1.);
#13362 = DIRECTION('',(-1.224646799147E-16,-1.,0.));
#13363 = ORIENTED_EDGE('',*,*,#11413,.T.);
#13364 = ORIENTED_EDGE('',*,*,#13342,.T.);
#13365 = ORIENTED_EDGE('',*,*,#13366,.F.);
#13366 = EDGE_CURVE('',#13357,#13326,#13367,.T.);
#13367 = LINE('',#13368,#13369);
#13368 = CARTESIAN_POINT('',(7.82,-8.5,3.43));
#13369 = VECTOR('',#13370,1.);
#13370 = DIRECTION('',(-1.,1.224646799147E-16,0.));
#13371 = PLANE('',#13372);
#13372 = AXIS2_PLACEMENT_3D('',#13373,#13374,#13375);
#13373 = CARTESIAN_POINT('',(7.82,-0.32,3.43));
#13374 = DIRECTION('',(0.,0.,1.));
#13375 = DIRECTION('',(-1.224646799147E-16,-1.,0.));
#13376 = ADVANCED_FACE('',(#13377),#13395,.F.);
#13377 = FACE_BOUND('',#13378,.F.);
#13378 = EDGE_LOOP('',(#13379,#13387,#13393,#13394));
#13379 = ORIENTED_EDGE('',*,*,#13380,.T.);
#13380 = EDGE_CURVE('',#13357,#13381,#13383,.T.);
#13381 = VERTEX_POINT('',#13382);
#13382 = CARTESIAN_POINT('',(7.82,-8.5,4.07));
#13383 = LINE('',#13384,#13385);
#13384 = CARTESIAN_POINT('',(7.82,-8.5,3.43));
#13385 = VECTOR('',#13386,1.);
#13386 = DIRECTION('',(0.,0.,1.));
#13387 = ORIENTED_EDGE('',*,*,#13388,.T.);
#13388 = EDGE_CURVE('',#13381,#11398,#13389,.T.);
#13389 = LINE('',#13390,#13391);
#13390 = CARTESIAN_POINT('',(7.82,-8.7,4.07));
#13391 = VECTOR('',#13392,1.);
#13392 = DIRECTION('',(1.224646799147E-16,1.,0.));
#13393 = ORIENTED_EDGE('',*,*,#11405,.T.);
#13394 = ORIENTED_EDGE('',*,*,#13356,.T.);
#13395 = PLANE('',#13396);
#13396 = AXIS2_PLACEMENT_3D('',#13397,#13398,#13399);
#13397 = CARTESIAN_POINT('',(7.82,-2.454542146756,2.070457853244));
#13398 = DIRECTION('',(-1.,1.224646799147E-16,0.));
#13399 = DIRECTION('',(0.,0.,1.));
#13400 = ADVANCED_FACE('',(#13401),#13412,.F.);
#13401 = FACE_BOUND('',#13402,.F.);
#13402 = EDGE_LOOP('',(#13403,#13404,#13410,#13411));
#13403 = ORIENTED_EDGE('',*,*,#13388,.F.);
#13404 = ORIENTED_EDGE('',*,*,#13405,.T.);
#13405 = EDGE_CURVE('',#13381,#13328,#13406,.T.);
#13406 = LINE('',#13407,#13408);
#13407 = CARTESIAN_POINT('',(7.82,-8.5,4.07));
#13408 = VECTOR('',#13409,1.);
#13409 = DIRECTION('',(-1.,1.224646799147E-16,0.));
#13410 = ORIENTED_EDGE('',*,*,#13335,.T.);
#13411 = ORIENTED_EDGE('',*,*,#11397,.T.);
#13412 = PLANE('',#13413);
#13413 = AXIS2_PLACEMENT_3D('',#13414,#13415,#13416);
#13414 = CARTESIAN_POINT('',(7.82,-8.7,4.07));
#13415 = DIRECTION('',(-0.,0.,-1.));
#13416 = DIRECTION('',(1.224646799147E-16,1.,0.));
#13417 = ADVANCED_FACE('',(#13418),#13443,.F.);
#13418 = FACE_BOUND('',#13419,.F.);
#13419 = EDGE_LOOP('',(#13420,#13428,#13436,#13442));
#13420 = ORIENTED_EDGE('',*,*,#13421,.F.);
#13421 = EDGE_CURVE('',#13422,#11424,#13424,.T.);
#13422 = VERTEX_POINT('',#13423);
#13423 = CARTESIAN_POINT('',(10.32,-8.5,4.07));
#13424 = LINE('',#13425,#13426);
#13425 = CARTESIAN_POINT('',(10.32,-8.7,4.07));
#13426 = VECTOR('',#13427,1.);
#13427 = DIRECTION('',(1.224646799147E-16,1.,0.));
#13428 = ORIENTED_EDGE('',*,*,#13429,.T.);
#13429 = EDGE_CURVE('',#13422,#13430,#13432,.T.);
#13430 = VERTEX_POINT('',#13431);
#13431 = CARTESIAN_POINT('',(9.68,-8.5,4.07));
#13432 = LINE('',#13433,#13434);
#13433 = CARTESIAN_POINT('',(10.32,-8.5,4.07));
#13434 = VECTOR('',#13435,1.);
#13435 = DIRECTION('',(-1.,1.224646799147E-16,0.));
#13436 = ORIENTED_EDGE('',*,*,#13437,.T.);
#13437 = EDGE_CURVE('',#13430,#11422,#13438,.T.);
#13438 = LINE('',#13439,#13440);
#13439 = CARTESIAN_POINT('',(9.68,-8.7,4.07));
#13440 = VECTOR('',#13441,1.);
#13441 = DIRECTION('',(1.224646799147E-16,1.,0.));
#13442 = ORIENTED_EDGE('',*,*,#11421,.T.);
#13443 = PLANE('',#13444);
#13444 = AXIS2_PLACEMENT_3D('',#13445,#13446,#13447);
#13445 = CARTESIAN_POINT('',(10.32,-8.7,4.07));
#13446 = DIRECTION('',(-0.,0.,-1.));
#13447 = DIRECTION('',(1.224646799147E-16,1.,0.));
#13448 = ADVANCED_FACE('',(#13449),#13467,.T.);
#13449 = FACE_BOUND('',#13450,.T.);
#13450 = EDGE_LOOP('',(#13451,#13459,#13460,#13461));
#13451 = ORIENTED_EDGE('',*,*,#13452,.T.);
#13452 = EDGE_CURVE('',#13453,#13430,#13455,.T.);
#13453 = VERTEX_POINT('',#13454);
#13454 = CARTESIAN_POINT('',(9.68,-8.5,3.43));
#13455 = LINE('',#13456,#13457);
#13456 = CARTESIAN_POINT('',(9.68,-8.5,3.43));
#13457 = VECTOR('',#13458,1.);
#13458 = DIRECTION('',(0.,0.,1.));
#13459 = ORIENTED_EDGE('',*,*,#13437,.T.);
#13460 = ORIENTED_EDGE('',*,*,#11447,.T.);
#13461 = ORIENTED_EDGE('',*,*,#13462,.T.);
#13462 = EDGE_CURVE('',#11440,#13453,#13463,.T.);
#13463 = LINE('',#13464,#13465);
#13464 = CARTESIAN_POINT('',(9.68,-0.32,3.43));
#13465 = VECTOR('',#13466,1.);
#13466 = DIRECTION('',(-1.224646799147E-16,-1.,0.));
#13467 = PLANE('',#13468);
#13468 = AXIS2_PLACEMENT_3D('',#13469,#13470,#13471);
#13469 = CARTESIAN_POINT('',(9.68,-2.454542146756,2.070457853244));
#13470 = DIRECTION('',(-1.,1.224646799147E-16,0.));
#13471 = DIRECTION('',(0.,0.,1.));
#13472 = ADVANCED_FACE('',(#13473),#13491,.F.);
#13473 = FACE_BOUND('',#13474,.F.);
#13474 = EDGE_LOOP('',(#13475,#13483,#13484,#13485));
#13475 = ORIENTED_EDGE('',*,*,#13476,.F.);
#13476 = EDGE_CURVE('',#11432,#13477,#13479,.T.);
#13477 = VERTEX_POINT('',#13478);
#13478 = CARTESIAN_POINT('',(10.32,-8.5,3.43));
#13479 = LINE('',#13480,#13481);
#13480 = CARTESIAN_POINT('',(10.32,-0.32,3.43));
#13481 = VECTOR('',#13482,1.);
#13482 = DIRECTION('',(-1.224646799147E-16,-1.,0.));
#13483 = ORIENTED_EDGE('',*,*,#11439,.T.);
#13484 = ORIENTED_EDGE('',*,*,#13462,.T.);
#13485 = ORIENTED_EDGE('',*,*,#13486,.F.);
#13486 = EDGE_CURVE('',#13477,#13453,#13487,.T.);
#13487 = LINE('',#13488,#13489);
#13488 = CARTESIAN_POINT('',(10.32,-8.5,3.43));
#13489 = VECTOR('',#13490,1.);
#13490 = DIRECTION('',(-1.,1.224646799147E-16,0.));
#13491 = PLANE('',#13492);
#13492 = AXIS2_PLACEMENT_3D('',#13493,#13494,#13495);
#13493 = CARTESIAN_POINT('',(10.32,-0.32,3.43));
#13494 = DIRECTION('',(0.,0.,1.));
#13495 = DIRECTION('',(-1.224646799147E-16,-1.,0.));
#13496 = ADVANCED_FACE('',(#13497),#13508,.F.);
#13497 = FACE_BOUND('',#13498,.F.);
#13498 = EDGE_LOOP('',(#13499,#13505,#13506,#13507));
#13499 = ORIENTED_EDGE('',*,*,#13500,.T.);
#13500 = EDGE_CURVE('',#13477,#13422,#13501,.T.);
#13501 = LINE('',#13502,#13503);
#13502 = CARTESIAN_POINT('',(10.32,-8.5,3.43));
#13503 = VECTOR('',#13504,1.);
#13504 = DIRECTION('',(0.,0.,1.));
#13505 = ORIENTED_EDGE('',*,*,#13421,.T.);
#13506 = ORIENTED_EDGE('',*,*,#11431,.T.);
#13507 = ORIENTED_EDGE('',*,*,#13476,.T.);
#13508 = PLANE('',#13509);
#13509 = AXIS2_PLACEMENT_3D('',#13510,#13511,#13512);
#13510 = CARTESIAN_POINT('',(10.32,-2.454542146756,2.070457853244));
#13511 = DIRECTION('',(-1.,1.224646799147E-16,0.));
#13512 = DIRECTION('',(0.,0.,1.));
#13513 = ADVANCED_FACE('',(#13514),#13539,.T.);
#13514 = FACE_BOUND('',#13515,.T.);
#13515 = EDGE_LOOP('',(#13516,#13526,#13532,#13533));
#13516 = ORIENTED_EDGE('',*,*,#13517,.T.);
#13517 = EDGE_CURVE('',#13518,#13520,#13522,.T.);
#13518 = VERTEX_POINT('',#13519);
#13519 = CARTESIAN_POINT('',(-0.32,-8.5,3.43));
#13520 = VERTEX_POINT('',#13521);
#13521 = CARTESIAN_POINT('',(-0.32,-8.5,4.07));
#13522 = LINE('',#13523,#13524);
#13523 = CARTESIAN_POINT('',(-0.32,-8.5,3.43));
#13524 = VECTOR('',#13525,1.);
#13525 = DIRECTION('',(0.,0.,1.));
#13526 = ORIENTED_EDGE('',*,*,#13527,.T.);
#13527 = EDGE_CURVE('',#13520,#11456,#13528,.T.);
#13528 = LINE('',#13529,#13530);
#13529 = CARTESIAN_POINT('',(-0.32,-8.7,4.07));
#13530 = VECTOR('',#13531,1.);
#13531 = DIRECTION('',(1.224646799147E-16,1.,0.));
#13532 = ORIENTED_EDGE('',*,*,#11455,.T.);
#13533 = ORIENTED_EDGE('',*,*,#13534,.T.);
#13534 = EDGE_CURVE('',#11458,#13518,#13535,.T.);
#13535 = LINE('',#13536,#13537);
#13536 = CARTESIAN_POINT('',(-0.32,-0.32,3.43));
#13537 = VECTOR('',#13538,1.);
#13538 = DIRECTION('',(-1.224646799147E-16,-1.,0.));
#13539 = PLANE('',#13540);
#13540 = AXIS2_PLACEMENT_3D('',#13541,#13542,#13543);
#13541 = CARTESIAN_POINT('',(-0.32,-2.46404183087,2.050076029119));
#13542 = DIRECTION('',(-1.,1.224646799147E-16,0.));
#13543 = DIRECTION('',(0.,0.,1.));
#13544 = ADVANCED_FACE('',(#13545),#13563,.F.);
#13545 = FACE_BOUND('',#13546,.F.);
#13546 = EDGE_LOOP('',(#13547,#13555,#13556,#13557));
#13547 = ORIENTED_EDGE('',*,*,#13548,.F.);
#13548 = EDGE_CURVE('',#11474,#13549,#13551,.T.);
#13549 = VERTEX_POINT('',#13550);
#13550 = CARTESIAN_POINT('',(0.32,-8.5,3.43));
#13551 = LINE('',#13552,#13553);
#13552 = CARTESIAN_POINT('',(0.32,-0.32,3.43));
#13553 = VECTOR('',#13554,1.);
#13554 = DIRECTION('',(-1.224646799147E-16,-1.,0.));
#13555 = ORIENTED_EDGE('',*,*,#11481,.T.);
#13556 = ORIENTED_EDGE('',*,*,#13534,.T.);
#13557 = ORIENTED_EDGE('',*,*,#13558,.F.);
#13558 = EDGE_CURVE('',#13549,#13518,#13559,.T.);
#13559 = LINE('',#13560,#13561);
#13560 = CARTESIAN_POINT('',(0.32,-8.5,3.43));
#13561 = VECTOR('',#13562,1.);
#13562 = DIRECTION('',(-1.,1.224646799147E-16,0.));
#13563 = PLANE('',#13564);
#13564 = AXIS2_PLACEMENT_3D('',#13565,#13566,#13567);
#13565 = CARTESIAN_POINT('',(0.32,-0.32,3.43));
#13566 = DIRECTION('',(0.,0.,1.));
#13567 = DIRECTION('',(-1.224646799147E-16,-1.,0.));
#13568 = ADVANCED_FACE('',(#13569),#13587,.F.);
#13569 = FACE_BOUND('',#13570,.F.);
#13570 = EDGE_LOOP('',(#13571,#13579,#13585,#13586));
#13571 = ORIENTED_EDGE('',*,*,#13572,.T.);
#13572 = EDGE_CURVE('',#13549,#13573,#13575,.T.);
#13573 = VERTEX_POINT('',#13574);
#13574 = CARTESIAN_POINT('',(0.32,-8.5,4.07));
#13575 = LINE('',#13576,#13577);
#13576 = CARTESIAN_POINT('',(0.32,-8.5,3.43));
#13577 = VECTOR('',#13578,1.);
#13578 = DIRECTION('',(0.,0.,1.));
#13579 = ORIENTED_EDGE('',*,*,#13580,.T.);
#13580 = EDGE_CURVE('',#13573,#11466,#13581,.T.);
#13581 = LINE('',#13582,#13583);
#13582 = CARTESIAN_POINT('',(0.32,-8.7,4.07));
#13583 = VECTOR('',#13584,1.);
#13584 = DIRECTION('',(1.224646799147E-16,1.,0.));
#13585 = ORIENTED_EDGE('',*,*,#11473,.T.);
#13586 = ORIENTED_EDGE('',*,*,#13548,.T.);
#13587 = PLANE('',#13588);
#13588 = AXIS2_PLACEMENT_3D('',#13589,#13590,#13591);
#13589 = CARTESIAN_POINT('',(0.32,-2.46404183087,2.050076029119));
#13590 = DIRECTION('',(-1.,1.224646799147E-16,0.));
#13591 = DIRECTION('',(0.,0.,1.));
#13592 = ADVANCED_FACE('',(#13593),#13604,.F.);
#13593 = FACE_BOUND('',#13594,.F.);
#13594 = EDGE_LOOP('',(#13595,#13596,#13602,#13603));
#13595 = ORIENTED_EDGE('',*,*,#13580,.F.);
#13596 = ORIENTED_EDGE('',*,*,#13597,.T.);
#13597 = EDGE_CURVE('',#13573,#13520,#13598,.T.);
#13598 = LINE('',#13599,#13600);
#13599 = CARTESIAN_POINT('',(0.32,-8.5,4.07));
#13600 = VECTOR('',#13601,1.);
#13601 = DIRECTION('',(-1.,1.224646799147E-16,0.));
#13602 = ORIENTED_EDGE('',*,*,#13527,.T.);
#13603 = ORIENTED_EDGE('',*,*,#11465,.T.);
#13604 = PLANE('',#13605);
#13605 = AXIS2_PLACEMENT_3D('',#13606,#13607,#13608);
#13606 = CARTESIAN_POINT('',(0.32,-8.7,4.07));
#13607 = DIRECTION('',(-0.,0.,-1.));
#13608 = DIRECTION('',(1.224646799147E-16,1.,0.));
#13609 = ADVANCED_FACE('',(#13610),#13635,.T.);
#13610 = FACE_BOUND('',#13611,.T.);
#13611 = EDGE_LOOP('',(#13612,#13622,#13628,#13629));
#13612 = ORIENTED_EDGE('',*,*,#13613,.T.);
#13613 = EDGE_CURVE('',#13614,#13616,#13618,.T.);
#13614 = VERTEX_POINT('',#13615);
#13615 = CARTESIAN_POINT('',(2.18,-8.5,3.43));
#13616 = VERTEX_POINT('',#13617);
#13617 = CARTESIAN_POINT('',(2.18,-8.5,4.07));
#13618 = LINE('',#13619,#13620);
#13619 = CARTESIAN_POINT('',(2.18,-8.5,3.43));
#13620 = VECTOR('',#13621,1.);
#13621 = DIRECTION('',(0.,0.,1.));
#13622 = ORIENTED_EDGE('',*,*,#13623,.T.);
#13623 = EDGE_CURVE('',#13616,#11490,#13624,.T.);
#13624 = LINE('',#13625,#13626);
#13625 = CARTESIAN_POINT('',(2.18,-8.7,4.07));
#13626 = VECTOR('',#13627,1.);
#13627 = DIRECTION('',(1.224646799147E-16,1.,0.));
#13628 = ORIENTED_EDGE('',*,*,#11489,.T.);
#13629 = ORIENTED_EDGE('',*,*,#13630,.T.);
#13630 = EDGE_CURVE('',#11492,#13614,#13631,.T.);
#13631 = LINE('',#13632,#13633);
#13632 = CARTESIAN_POINT('',(2.18,-0.32,3.43));
#13633 = VECTOR('',#13634,1.);
#13634 = DIRECTION('',(-1.224646799147E-16,-1.,0.));
#13635 = PLANE('',#13636);
#13636 = AXIS2_PLACEMENT_3D('',#13637,#13638,#13639);
#13637 = CARTESIAN_POINT('',(2.18,-2.454542146756,2.070457853244));
#13638 = DIRECTION('',(-1.,1.224646799147E-16,0.));
#13639 = DIRECTION('',(0.,0.,1.));
#13640 = ADVANCED_FACE('',(#13641),#13659,.F.);
#13641 = FACE_BOUND('',#13642,.F.);
#13642 = EDGE_LOOP('',(#13643,#13651,#13652,#13653));
#13643 = ORIENTED_EDGE('',*,*,#13644,.F.);
#13644 = EDGE_CURVE('',#11508,#13645,#13647,.T.);
#13645 = VERTEX_POINT('',#13646);
#13646 = CARTESIAN_POINT('',(2.82,-8.5,3.43));
#13647 = LINE('',#13648,#13649);
#13648 = CARTESIAN_POINT('',(2.82,-0.32,3.43));
#13649 = VECTOR('',#13650,1.);
#13650 = DIRECTION('',(-1.224646799147E-16,-1.,0.));
#13651 = ORIENTED_EDGE('',*,*,#11515,.T.);
#13652 = ORIENTED_EDGE('',*,*,#13630,.T.);
#13653 = ORIENTED_EDGE('',*,*,#13654,.F.);
#13654 = EDGE_CURVE('',#13645,#13614,#13655,.T.);
#13655 = LINE('',#13656,#13657);
#13656 = CARTESIAN_POINT('',(2.82,-8.5,3.43));
#13657 = VECTOR('',#13658,1.);
#13658 = DIRECTION('',(-1.,1.224646799147E-16,0.));
#13659 = PLANE('',#13660);
#13660 = AXIS2_PLACEMENT_3D('',#13661,#13662,#13663);
#13661 = CARTESIAN_POINT('',(2.82,-0.32,3.43));
#13662 = DIRECTION('',(0.,0.,1.));
#13663 = DIRECTION('',(-1.224646799147E-16,-1.,0.));
#13664 = ADVANCED_FACE('',(#13665),#13683,.F.);
#13665 = FACE_BOUND('',#13666,.F.);
#13666 = EDGE_LOOP('',(#13667,#13675,#13681,#13682));
#13667 = ORIENTED_EDGE('',*,*,#13668,.T.);
#13668 = EDGE_CURVE('',#13645,#13669,#13671,.T.);
#13669 = VERTEX_POINT('',#13670);
#13670 = CARTESIAN_POINT('',(2.82,-8.5,4.07));
#13671 = LINE('',#13672,#13673);
#13672 = CARTESIAN_POINT('',(2.82,-8.5,3.43));
#13673 = VECTOR('',#13674,1.);
#13674 = DIRECTION('',(0.,0.,1.));
#13675 = ORIENTED_EDGE('',*,*,#13676,.T.);
#13676 = EDGE_CURVE('',#13669,#11500,#13677,.T.);
#13677 = LINE('',#13678,#13679);
#13678 = CARTESIAN_POINT('',(2.82,-8.7,4.07));
#13679 = VECTOR('',#13680,1.);
#13680 = DIRECTION('',(1.224646799147E-16,1.,0.));
#13681 = ORIENTED_EDGE('',*,*,#11507,.T.);
#13682 = ORIENTED_EDGE('',*,*,#13644,.T.);
#13683 = PLANE('',#13684);
#13684 = AXIS2_PLACEMENT_3D('',#13685,#13686,#13687);
#13685 = CARTESIAN_POINT('',(2.82,-2.454542146756,2.070457853244));
#13686 = DIRECTION('',(-1.,1.224646799147E-16,0.));
#13687 = DIRECTION('',(0.,0.,1.));
#13688 = ADVANCED_FACE('',(#13689),#13700,.F.);
#13689 = FACE_BOUND('',#13690,.F.);
#13690 = EDGE_LOOP('',(#13691,#13692,#13698,#13699));
#13691 = ORIENTED_EDGE('',*,*,#13676,.F.);
#13692 = ORIENTED_EDGE('',*,*,#13693,.T.);
#13693 = EDGE_CURVE('',#13669,#13616,#13694,.T.);
#13694 = LINE('',#13695,#13696);
#13695 = CARTESIAN_POINT('',(2.82,-8.5,4.07));
#13696 = VECTOR('',#13697,1.);
#13697 = DIRECTION('',(-1.,1.224646799147E-16,0.));
#13698 = ORIENTED_EDGE('',*,*,#13623,.T.);
#13699 = ORIENTED_EDGE('',*,*,#11499,.T.);
#13700 = PLANE('',#13701);
#13701 = AXIS2_PLACEMENT_3D('',#13702,#13703,#13704);
#13702 = CARTESIAN_POINT('',(2.82,-8.7,4.07));
#13703 = DIRECTION('',(-0.,0.,-1.));
#13704 = DIRECTION('',(1.224646799147E-16,1.,0.));
#13705 = ADVANCED_FACE('',(#13706),#13731,.T.);
#13706 = FACE_BOUND('',#13707,.T.);
#13707 = EDGE_LOOP('',(#13708,#13718,#13724,#13725));
#13708 = ORIENTED_EDGE('',*,*,#13709,.T.);
#13709 = EDGE_CURVE('',#13710,#13712,#13714,.T.);
#13710 = VERTEX_POINT('',#13711);
#13711 = CARTESIAN_POINT('',(19.68,-8.5,3.43));
#13712 = VERTEX_POINT('',#13713);
#13713 = CARTESIAN_POINT('',(19.68,-8.5,4.07));
#13714 = LINE('',#13715,#13716);
#13715 = CARTESIAN_POINT('',(19.68,-8.5,3.43));
#13716 = VECTOR('',#13717,1.);
#13717 = DIRECTION('',(0.,0.,1.));
#13718 = ORIENTED_EDGE('',*,*,#13719,.T.);
#13719 = EDGE_CURVE('',#13712,#11524,#13720,.T.);
#13720 = LINE('',#13721,#13722);
#13721 = CARTESIAN_POINT('',(19.68,-8.7,4.07));
#13722 = VECTOR('',#13723,1.);
#13723 = DIRECTION('',(1.224646799147E-16,1.,0.));
#13724 = ORIENTED_EDGE('',*,*,#11523,.T.);
#13725 = ORIENTED_EDGE('',*,*,#13726,.T.);
#13726 = EDGE_CURVE('',#11526,#13710,#13727,.T.);
#13727 = LINE('',#13728,#13729);
#13728 = CARTESIAN_POINT('',(19.68,-0.32,3.43));
#13729 = VECTOR('',#13730,1.);
#13730 = DIRECTION('',(-1.224646799147E-16,-1.,0.));
#13731 = PLANE('',#13732);
#13732 = AXIS2_PLACEMENT_3D('',#13733,#13734,#13735);
#13733 = CARTESIAN_POINT('',(19.68,-2.46404183087,2.050076029119));
#13734 = DIRECTION('',(-1.,1.224646799147E-16,0.));
#13735 = DIRECTION('',(0.,0.,1.));
#13736 = ADVANCED_FACE('',(#13737),#13755,.F.);
#13737 = FACE_BOUND('',#13738,.F.);
#13738 = EDGE_LOOP('',(#13739,#13747,#13748,#13749));
#13739 = ORIENTED_EDGE('',*,*,#13740,.F.);
#13740 = EDGE_CURVE('',#11542,#13741,#13743,.T.);
#13741 = VERTEX_POINT('',#13742);
#13742 = CARTESIAN_POINT('',(20.32,-8.5,3.43));
#13743 = LINE('',#13744,#13745);
#13744 = CARTESIAN_POINT('',(20.32,-0.32,3.43));
#13745 = VECTOR('',#13746,1.);
#13746 = DIRECTION('',(-1.224646799147E-16,-1.,0.));
#13747 = ORIENTED_EDGE('',*,*,#11549,.T.);
#13748 = ORIENTED_EDGE('',*,*,#13726,.T.);
#13749 = ORIENTED_EDGE('',*,*,#13750,.F.);
#13750 = EDGE_CURVE('',#13741,#13710,#13751,.T.);
#13751 = LINE('',#13752,#13753);
#13752 = CARTESIAN_POINT('',(20.32,-8.5,3.43));
#13753 = VECTOR('',#13754,1.);
#13754 = DIRECTION('',(-1.,1.224646799147E-16,0.));
#13755 = PLANE('',#13756);
#13756 = AXIS2_PLACEMENT_3D('',#13757,#13758,#13759);
#13757 = CARTESIAN_POINT('',(20.32,-0.32,3.43));
#13758 = DIRECTION('',(0.,0.,1.));
#13759 = DIRECTION('',(-1.224646799147E-16,-1.,0.));
#13760 = ADVANCED_FACE('',(#13761),#13779,.F.);
#13761 = FACE_BOUND('',#13762,.F.);
#13762 = EDGE_LOOP('',(#13763,#13771,#13777,#13778));
#13763 = ORIENTED_EDGE('',*,*,#13764,.T.);
#13764 = EDGE_CURVE('',#13741,#13765,#13767,.T.);
#13765 = VERTEX_POINT('',#13766);
#13766 = CARTESIAN_POINT('',(20.32,-8.5,4.07));
#13767 = LINE('',#13768,#13769);
#13768 = CARTESIAN_POINT('',(20.32,-8.5,3.43));
#13769 = VECTOR('',#13770,1.);
#13770 = DIRECTION('',(0.,0.,1.));
#13771 = ORIENTED_EDGE('',*,*,#13772,.T.);
#13772 = EDGE_CURVE('',#13765,#11534,#13773,.T.);
#13773 = LINE('',#13774,#13775);
#13774 = CARTESIAN_POINT('',(20.32,-8.7,4.07));
#13775 = VECTOR('',#13776,1.);
#13776 = DIRECTION('',(1.224646799147E-16,1.,0.));
#13777 = ORIENTED_EDGE('',*,*,#11541,.T.);
#13778 = ORIENTED_EDGE('',*,*,#13740,.T.);
#13779 = PLANE('',#13780);
#13780 = AXIS2_PLACEMENT_3D('',#13781,#13782,#13783);
#13781 = CARTESIAN_POINT('',(20.32,-2.46404183087,2.050076029119));
#13782 = DIRECTION('',(-1.,1.224646799147E-16,0.));
#13783 = DIRECTION('',(0.,0.,1.));
#13784 = ADVANCED_FACE('',(#13785),#13796,.F.);
#13785 = FACE_BOUND('',#13786,.F.);
#13786 = EDGE_LOOP('',(#13787,#13788,#13794,#13795));
#13787 = ORIENTED_EDGE('',*,*,#13772,.F.);
#13788 = ORIENTED_EDGE('',*,*,#13789,.T.);
#13789 = EDGE_CURVE('',#13765,#13712,#13790,.T.);
#13790 = LINE('',#13791,#13792);
#13791 = CARTESIAN_POINT('',(20.32,-8.5,4.07));
#13792 = VECTOR('',#13793,1.);
#13793 = DIRECTION('',(-1.,1.224646799147E-16,0.));
#13794 = ORIENTED_EDGE('',*,*,#13719,.T.);
#13795 = ORIENTED_EDGE('',*,*,#11533,.T.);
#13796 = PLANE('',#13797);
#13797 = AXIS2_PLACEMENT_3D('',#13798,#13799,#13800);
#13798 = CARTESIAN_POINT('',(20.32,-8.7,4.07));
#13799 = DIRECTION('',(-0.,0.,-1.));
#13800 = DIRECTION('',(1.224646799147E-16,1.,0.));
#13801 = ADVANCED_FACE('',(#13802),#13813,.T.);
#13802 = FACE_BOUND('',#13803,.F.);
#13803 = EDGE_LOOP('',(#13804,#13805,#13811,#13812));
#13804 = ORIENTED_EDGE('',*,*,#11764,.F.);
#13805 = ORIENTED_EDGE('',*,*,#13806,.T.);
#13806 = EDGE_CURVE('',#11765,#11648,#13807,.T.);
#13807 = LINE('',#13808,#13809);
#13808 = CARTESIAN_POINT('',(0.32,-0.12,-3.4));
#13809 = VECTOR('',#13810,1.);
#13810 = DIRECTION('',(-1.,1.224646799147E-16,0.));
#13811 = ORIENTED_EDGE('',*,*,#11647,.T.);
#13812 = ORIENTED_EDGE('',*,*,#11623,.F.);
#13813 = PLANE('',#13814);
#13814 = AXIS2_PLACEMENT_3D('',#13815,#13816,#13817);
#13815 = CARTESIAN_POINT('',(0.32,-0.235596257347,-3.301223703467));
#13816 = DIRECTION('',(-8.302774088379E-17,-0.64962967394,
    -0.760250805153));
#13817 = DIRECTION('',(1.,-1.247195775152E-16,-2.638869166629E-18));
#13818 = ADVANCED_FACE('',(#13819),#13830,.F.);
#13819 = FACE_BOUND('',#13820,.F.);
#13820 = EDGE_LOOP('',(#13821,#13822,#13823,#13829));
#13821 = ORIENTED_EDGE('',*,*,#13806,.F.);
#13822 = ORIENTED_EDGE('',*,*,#11783,.F.);
#13823 = ORIENTED_EDGE('',*,*,#13824,.T.);
#13824 = EDGE_CURVE('',#11776,#11666,#13825,.T.);
#13825 = LINE('',#13826,#13827);
#13826 = CARTESIAN_POINT('',(0.32,0.12,-3.4));
#13827 = VECTOR('',#13828,1.);
#13828 = DIRECTION('',(-1.,1.224646799147E-16,0.));
#13829 = ORIENTED_EDGE('',*,*,#11673,.T.);
#13830 = PLANE('',#13831);
#13831 = AXIS2_PLACEMENT_3D('',#13832,#13833,#13834);
#13832 = CARTESIAN_POINT('',(0.32,0.32,-3.4));
#13833 = DIRECTION('',(0.,0.,1.));
#13834 = DIRECTION('',(-1.224646799147E-16,-1.,0.));
#13835 = ADVANCED_FACE('',(#13836),#13842,.T.);
#13836 = FACE_BOUND('',#13837,.T.);
#13837 = EDGE_LOOP('',(#13838,#13839,#13840,#13841));
#13838 = ORIENTED_EDGE('',*,*,#11775,.F.);
#13839 = ORIENTED_EDGE('',*,*,#13824,.T.);
#13840 = ORIENTED_EDGE('',*,*,#11665,.T.);
#13841 = ORIENTED_EDGE('',*,*,#11696,.F.);
#13842 = PLANE('',#13843);
#13843 = AXIS2_PLACEMENT_3D('',#13844,#13845,#13846);
#13844 = CARTESIAN_POINT('',(0.32,0.204403742653,-3.301223703467));
#13845 = DIRECTION('',(9.310387150808E-17,0.760250805153,-0.64962967394)
  );
#13846 = DIRECTION('',(-1.,1.224646799148E-16,-5.515863360725E-29));
#13847 = ADVANCED_FACE('',(#13848),#13859,.T.);
#13848 = FACE_BOUND('',#13849,.F.);
#13849 = EDGE_LOOP('',(#13850,#13851,#13857,#13858));
#13850 = ORIENTED_EDGE('',*,*,#11912,.F.);
#13851 = ORIENTED_EDGE('',*,*,#13852,.T.);
#13852 = EDGE_CURVE('',#11905,#11840,#13853,.T.);
#13853 = LINE('',#13854,#13855);
#13854 = CARTESIAN_POINT('',(2.82,-0.12,-3.4));
#13855 = VECTOR('',#13856,1.);
#13856 = DIRECTION('',(-1.,1.224646799147E-16,0.));
#13857 = ORIENTED_EDGE('',*,*,#11847,.T.);
#13858 = ORIENTED_EDGE('',*,*,#11815,.F.);
#13859 = PLANE('',#13860);
#13860 = AXIS2_PLACEMENT_3D('',#13861,#13862,#13863);
#13861 = CARTESIAN_POINT('',(2.82,-0.22,-3.3));
#13862 = DIRECTION('',(-8.486018839685E-17,-0.707106781187,
    -0.707106781187));
#13863 = DIRECTION('',(1.,-1.212375546256E-16,1.227125289196E-18));
#13864 = ADVANCED_FACE('',(#13865),#13876,.T.);
#13865 = FACE_BOUND('',#13866,.T.);
#13866 = EDGE_LOOP('',(#13867,#13868,#13874,#13875));
#13867 = ORIENTED_EDGE('',*,*,#11896,.F.);
#13868 = ORIENTED_EDGE('',*,*,#13869,.T.);
#13869 = EDGE_CURVE('',#11897,#11832,#13870,.T.);
#13870 = LINE('',#13871,#13872);
#13871 = CARTESIAN_POINT('',(2.82,0.12,-3.4));
#13872 = VECTOR('',#13873,1.);
#13873 = DIRECTION('',(-1.,1.224646799147E-16,0.));
#13874 = ORIENTED_EDGE('',*,*,#11831,.T.);
#13875 = ORIENTED_EDGE('',*,*,#11870,.F.);
#13876 = PLANE('',#13877);
#13877 = AXIS2_PLACEMENT_3D('',#13878,#13879,#13880);
#13878 = CARTESIAN_POINT('',(2.82,0.22,-3.3));
#13879 = DIRECTION('',(8.486018839685E-17,0.707106781187,-0.707106781187
    ));
#13880 = DIRECTION('',(-1.,1.212375546256E-16,1.227125289196E-18));
#13881 = ADVANCED_FACE('',(#13882),#13888,.F.);
#13882 = FACE_BOUND('',#13883,.F.);
#13883 = EDGE_LOOP('',(#13884,#13885,#13886,#13887));
#13884 = ORIENTED_EDGE('',*,*,#13869,.T.);
#13885 = ORIENTED_EDGE('',*,*,#11839,.T.);
#13886 = ORIENTED_EDGE('',*,*,#13852,.F.);
#13887 = ORIENTED_EDGE('',*,*,#11904,.F.);
#13888 = PLANE('',#13889);
#13889 = AXIS2_PLACEMENT_3D('',#13890,#13891,#13892);
#13890 = CARTESIAN_POINT('',(2.82,0.32,-3.4));
#13891 = DIRECTION('',(0.,0.,1.));
#13892 = DIRECTION('',(-1.224646799147E-16,-1.,0.));
#13893 = ADVANCED_FACE('',(#13894),#13905,.T.);
#13894 = FACE_BOUND('',#13895,.F.);
#13895 = EDGE_LOOP('',(#13896,#13897,#13903,#13904));
#13896 = ORIENTED_EDGE('',*,*,#12042,.F.);
#13897 = ORIENTED_EDGE('',*,*,#13898,.T.);
#13898 = EDGE_CURVE('',#12035,#11970,#13899,.T.);
#13899 = LINE('',#13900,#13901);
#13900 = CARTESIAN_POINT('',(5.32,-0.12,-3.4));
#13901 = VECTOR('',#13902,1.);
#13902 = DIRECTION('',(-1.,1.224646799147E-16,0.));
#13903 = ORIENTED_EDGE('',*,*,#11977,.T.);
#13904 = ORIENTED_EDGE('',*,*,#11945,.F.);
#13905 = PLANE('',#13906);
#13906 = AXIS2_PLACEMENT_3D('',#13907,#13908,#13909);
#13907 = CARTESIAN_POINT('',(5.32,-0.22,-3.3));
#13908 = DIRECTION('',(-8.486018839685E-17,-0.707106781187,
    -0.707106781187));
#13909 = DIRECTION('',(1.,-1.212375546256E-16,1.227125289196E-18));
#13910 = ADVANCED_FACE('',(#13911),#13922,.T.);
#13911 = FACE_BOUND('',#13912,.T.);
#13912 = EDGE_LOOP('',(#13913,#13914,#13920,#13921));
#13913 = ORIENTED_EDGE('',*,*,#12026,.F.);
#13914 = ORIENTED_EDGE('',*,*,#13915,.T.);
#13915 = EDGE_CURVE('',#12027,#11962,#13916,.T.);
#13916 = LINE('',#13917,#13918);
#13917 = CARTESIAN_POINT('',(5.32,0.12,-3.4));
#13918 = VECTOR('',#13919,1.);
#13919 = DIRECTION('',(-1.,1.224646799147E-16,0.));
#13920 = ORIENTED_EDGE('',*,*,#11961,.T.);
#13921 = ORIENTED_EDGE('',*,*,#12000,.F.);
#13922 = PLANE('',#13923);
#13923 = AXIS2_PLACEMENT_3D('',#13924,#13925,#13926);
#13924 = CARTESIAN_POINT('',(5.32,0.22,-3.3));
#13925 = DIRECTION('',(8.486018839685E-17,0.707106781187,-0.707106781187
    ));
#13926 = DIRECTION('',(-1.,1.212375546256E-16,1.227125289196E-18));
#13927 = ADVANCED_FACE('',(#13928),#13934,.F.);
#13928 = FACE_BOUND('',#13929,.F.);
#13929 = EDGE_LOOP('',(#13930,#13931,#13932,#13933));
#13930 = ORIENTED_EDGE('',*,*,#13915,.T.);
#13931 = ORIENTED_EDGE('',*,*,#11969,.T.);
#13932 = ORIENTED_EDGE('',*,*,#13898,.F.);
#13933 = ORIENTED_EDGE('',*,*,#12034,.F.);
#13934 = PLANE('',#13935);
#13935 = AXIS2_PLACEMENT_3D('',#13936,#13937,#13938);
#13936 = CARTESIAN_POINT('',(5.32,0.32,-3.4));
#13937 = DIRECTION('',(0.,0.,1.));
#13938 = DIRECTION('',(-1.224646799147E-16,-1.,0.));
#13939 = ADVANCED_FACE('',(#13940),#13951,.T.);
#13940 = FACE_BOUND('',#13941,.F.);
#13941 = EDGE_LOOP('',(#13942,#13943,#13949,#13950));
#13942 = ORIENTED_EDGE('',*,*,#12172,.F.);
#13943 = ORIENTED_EDGE('',*,*,#13944,.T.);
#13944 = EDGE_CURVE('',#12165,#12100,#13945,.T.);
#13945 = LINE('',#13946,#13947);
#13946 = CARTESIAN_POINT('',(7.82,-0.12,-3.4));
#13947 = VECTOR('',#13948,1.);
#13948 = DIRECTION('',(-1.,1.224646799147E-16,0.));
#13949 = ORIENTED_EDGE('',*,*,#12107,.T.);
#13950 = ORIENTED_EDGE('',*,*,#12075,.F.);
#13951 = PLANE('',#13952);
#13952 = AXIS2_PLACEMENT_3D('',#13953,#13954,#13955);
#13953 = CARTESIAN_POINT('',(7.82,-0.22,-3.3));
#13954 = DIRECTION('',(-8.486018839685E-17,-0.707106781187,
    -0.707106781187));
#13955 = DIRECTION('',(1.,-1.212375546256E-16,1.227125289196E-18));
#13956 = ADVANCED_FACE('',(#13957),#13968,.T.);
#13957 = FACE_BOUND('',#13958,.T.);
#13958 = EDGE_LOOP('',(#13959,#13960,#13966,#13967));
#13959 = ORIENTED_EDGE('',*,*,#12156,.F.);
#13960 = ORIENTED_EDGE('',*,*,#13961,.T.);
#13961 = EDGE_CURVE('',#12157,#12092,#13962,.T.);
#13962 = LINE('',#13963,#13964);
#13963 = CARTESIAN_POINT('',(7.82,0.12,-3.4));
#13964 = VECTOR('',#13965,1.);
#13965 = DIRECTION('',(-1.,1.224646799147E-16,0.));
#13966 = ORIENTED_EDGE('',*,*,#12091,.T.);
#13967 = ORIENTED_EDGE('',*,*,#12130,.F.);
#13968 = PLANE('',#13969);
#13969 = AXIS2_PLACEMENT_3D('',#13970,#13971,#13972);
#13970 = CARTESIAN_POINT('',(7.82,0.22,-3.3));
#13971 = DIRECTION('',(8.486018839685E-17,0.707106781187,-0.707106781187
    ));
#13972 = DIRECTION('',(-1.,1.212375546256E-16,1.227125289196E-18));
#13973 = ADVANCED_FACE('',(#13974),#13980,.F.);
#13974 = FACE_BOUND('',#13975,.F.);
#13975 = EDGE_LOOP('',(#13976,#13977,#13978,#13979));
#13976 = ORIENTED_EDGE('',*,*,#13961,.T.);
#13977 = ORIENTED_EDGE('',*,*,#12099,.T.);
#13978 = ORIENTED_EDGE('',*,*,#13944,.F.);
#13979 = ORIENTED_EDGE('',*,*,#12164,.F.);
#13980 = PLANE('',#13981);
#13981 = AXIS2_PLACEMENT_3D('',#13982,#13983,#13984);
#13982 = CARTESIAN_POINT('',(7.82,0.32,-3.4));
#13983 = DIRECTION('',(0.,0.,1.));
#13984 = DIRECTION('',(-1.224646799147E-16,-1.,0.));
#13985 = ADVANCED_FACE('',(#13986),#13997,.T.);
#13986 = FACE_BOUND('',#13987,.F.);
#13987 = EDGE_LOOP('',(#13988,#13989,#13995,#13996));
#13988 = ORIENTED_EDGE('',*,*,#12302,.F.);
#13989 = ORIENTED_EDGE('',*,*,#13990,.T.);
#13990 = EDGE_CURVE('',#12295,#12247,#13991,.T.);
#13991 = LINE('',#13992,#13993);
#13992 = CARTESIAN_POINT('',(10.32,-0.12,-3.4));
#13993 = VECTOR('',#13994,1.);
#13994 = DIRECTION('',(-1.,1.224646799147E-16,0.));
#13995 = ORIENTED_EDGE('',*,*,#12254,.T.);
#13996 = ORIENTED_EDGE('',*,*,#12222,.F.);
#13997 = PLANE('',#13998);
#13998 = AXIS2_PLACEMENT_3D('',#13999,#14000,#14001);
#13999 = CARTESIAN_POINT('',(10.32,-0.22,-3.3));
#14000 = DIRECTION('',(-8.486018839685E-17,-0.707106781187,
    -0.707106781187));
#14001 = DIRECTION('',(1.,-1.212375546256E-16,1.227125289196E-18));
#14002 = ADVANCED_FACE('',(#14003),#14014,.T.);
#14003 = FACE_BOUND('',#14004,.T.);
#14004 = EDGE_LOOP('',(#14005,#14006,#14012,#14013));
#14005 = ORIENTED_EDGE('',*,*,#12286,.F.);
#14006 = ORIENTED_EDGE('',*,*,#14007,.T.);
#14007 = EDGE_CURVE('',#12287,#12239,#14008,.T.);
#14008 = LINE('',#14009,#14010);
#14009 = CARTESIAN_POINT('',(10.32,0.12,-3.4));
#14010 = VECTOR('',#14011,1.);
#14011 = DIRECTION('',(-1.,1.224646799147E-16,0.));
#14012 = ORIENTED_EDGE('',*,*,#12238,.T.);
#14013 = ORIENTED_EDGE('',*,*,#12272,.F.);
#14014 = PLANE('',#14015);
#14015 = AXIS2_PLACEMENT_3D('',#14016,#14017,#14018);
#14016 = CARTESIAN_POINT('',(10.32,0.22,-3.3));
#14017 = DIRECTION('',(8.486018839685E-17,0.707106781187,-0.707106781187
    ));
#14018 = DIRECTION('',(-1.,1.212375546256E-16,1.227125289196E-18));
#14019 = ADVANCED_FACE('',(#14020),#14026,.F.);
#14020 = FACE_BOUND('',#14021,.F.);
#14021 = EDGE_LOOP('',(#14022,#14023,#14024,#14025));
#14022 = ORIENTED_EDGE('',*,*,#14007,.T.);
#14023 = ORIENTED_EDGE('',*,*,#12246,.T.);
#14024 = ORIENTED_EDGE('',*,*,#13990,.F.);
#14025 = ORIENTED_EDGE('',*,*,#12294,.F.);
#14026 = PLANE('',#14027);
#14027 = AXIS2_PLACEMENT_3D('',#14028,#14029,#14030);
#14028 = CARTESIAN_POINT('',(10.32,0.32,-3.4));
#14029 = DIRECTION('',(0.,0.,1.));
#14030 = DIRECTION('',(-1.224646799147E-16,-1.,0.));
#14031 = ADVANCED_FACE('',(#14032),#14043,.T.);
#14032 = FACE_BOUND('',#14033,.F.);
#14033 = EDGE_LOOP('',(#14034,#14035,#14041,#14042));
#14034 = ORIENTED_EDGE('',*,*,#12432,.F.);
#14035 = ORIENTED_EDGE('',*,*,#14036,.T.);
#14036 = EDGE_CURVE('',#12425,#12377,#14037,.T.);
#14037 = LINE('',#14038,#14039);
#14038 = CARTESIAN_POINT('',(12.82,-0.12,-3.4));
#14039 = VECTOR('',#14040,1.);
#14040 = DIRECTION('',(-1.,1.224646799147E-16,0.));
#14041 = ORIENTED_EDGE('',*,*,#12384,.T.);
#14042 = ORIENTED_EDGE('',*,*,#12352,.F.);
#14043 = PLANE('',#14044);
#14044 = AXIS2_PLACEMENT_3D('',#14045,#14046,#14047);
#14045 = CARTESIAN_POINT('',(12.82,-0.22,-3.3));
#14046 = DIRECTION('',(-8.486018839685E-17,-0.707106781187,
    -0.707106781187));
#14047 = DIRECTION('',(1.,-1.212375546256E-16,1.227125289196E-18));
#14048 = ADVANCED_FACE('',(#14049),#14060,.T.);
#14049 = FACE_BOUND('',#14050,.T.);
#14050 = EDGE_LOOP('',(#14051,#14052,#14058,#14059));
#14051 = ORIENTED_EDGE('',*,*,#12416,.F.);
#14052 = ORIENTED_EDGE('',*,*,#14053,.T.);
#14053 = EDGE_CURVE('',#12417,#12369,#14054,.T.);
#14054 = LINE('',#14055,#14056);
#14055 = CARTESIAN_POINT('',(12.82,0.12,-3.4));
#14056 = VECTOR('',#14057,1.);
#14057 = DIRECTION('',(-1.,1.224646799147E-16,0.));
#14058 = ORIENTED_EDGE('',*,*,#12368,.T.);
#14059 = ORIENTED_EDGE('',*,*,#12402,.F.);
#14060 = PLANE('',#14061);
#14061 = AXIS2_PLACEMENT_3D('',#14062,#14063,#14064);
#14062 = CARTESIAN_POINT('',(12.82,0.22,-3.3));
#14063 = DIRECTION('',(8.486018839685E-17,0.707106781187,-0.707106781187
    ));
#14064 = DIRECTION('',(-1.,1.212375546256E-16,1.227125289196E-18));
#14065 = ADVANCED_FACE('',(#14066),#14072,.F.);
#14066 = FACE_BOUND('',#14067,.F.);
#14067 = EDGE_LOOP('',(#14068,#14069,#14070,#14071));
#14068 = ORIENTED_EDGE('',*,*,#14053,.T.);
#14069 = ORIENTED_EDGE('',*,*,#12376,.T.);
#14070 = ORIENTED_EDGE('',*,*,#14036,.F.);
#14071 = ORIENTED_EDGE('',*,*,#12424,.F.);
#14072 = PLANE('',#14073);
#14073 = AXIS2_PLACEMENT_3D('',#14074,#14075,#14076);
#14074 = CARTESIAN_POINT('',(12.82,0.32,-3.4));
#14075 = DIRECTION('',(0.,0.,1.));
#14076 = DIRECTION('',(-1.224646799147E-16,-1.,0.));
#14077 = ADVANCED_FACE('',(#14078),#14089,.T.);
#14078 = FACE_BOUND('',#14079,.F.);
#14079 = EDGE_LOOP('',(#14080,#14081,#14087,#14088));
#14080 = ORIENTED_EDGE('',*,*,#12562,.F.);
#14081 = ORIENTED_EDGE('',*,*,#14082,.T.);
#14082 = EDGE_CURVE('',#12555,#12490,#14083,.T.);
#14083 = LINE('',#14084,#14085);
#14084 = CARTESIAN_POINT('',(15.32,-0.12,-3.4));
#14085 = VECTOR('',#14086,1.);
#14086 = DIRECTION('',(-1.,1.224646799147E-16,0.));
#14087 = ORIENTED_EDGE('',*,*,#12497,.T.);
#14088 = ORIENTED_EDGE('',*,*,#12465,.F.);
#14089 = PLANE('',#14090);
#14090 = AXIS2_PLACEMENT_3D('',#14091,#14092,#14093);
#14091 = CARTESIAN_POINT('',(15.32,-0.22,-3.3));
#14092 = DIRECTION('',(-8.486018839685E-17,-0.707106781187,
    -0.707106781187));
#14093 = DIRECTION('',(1.,-1.212375546256E-16,1.227125289196E-18));
#14094 = ADVANCED_FACE('',(#14095),#14106,.T.);
#14095 = FACE_BOUND('',#14096,.T.);
#14096 = EDGE_LOOP('',(#14097,#14098,#14104,#14105));
#14097 = ORIENTED_EDGE('',*,*,#12546,.F.);
#14098 = ORIENTED_EDGE('',*,*,#14099,.T.);
#14099 = EDGE_CURVE('',#12547,#12482,#14100,.T.);
#14100 = LINE('',#14101,#14102);
#14101 = CARTESIAN_POINT('',(15.32,0.12,-3.4));
#14102 = VECTOR('',#14103,1.);
#14103 = DIRECTION('',(-1.,1.224646799147E-16,0.));
#14104 = ORIENTED_EDGE('',*,*,#12481,.T.);
#14105 = ORIENTED_EDGE('',*,*,#12520,.F.);
#14106 = PLANE('',#14107);
#14107 = AXIS2_PLACEMENT_3D('',#14108,#14109,#14110);
#14108 = CARTESIAN_POINT('',(15.32,0.22,-3.3));
#14109 = DIRECTION('',(8.486018839685E-17,0.707106781187,-0.707106781187
    ));
#14110 = DIRECTION('',(-1.,1.212375546256E-16,1.227125289196E-18));
#14111 = ADVANCED_FACE('',(#14112),#14118,.F.);
#14112 = FACE_BOUND('',#14113,.F.);
#14113 = EDGE_LOOP('',(#14114,#14115,#14116,#14117));
#14114 = ORIENTED_EDGE('',*,*,#14099,.T.);
#14115 = ORIENTED_EDGE('',*,*,#12489,.T.);
#14116 = ORIENTED_EDGE('',*,*,#14082,.F.);
#14117 = ORIENTED_EDGE('',*,*,#12554,.F.);
#14118 = PLANE('',#14119);
#14119 = AXIS2_PLACEMENT_3D('',#14120,#14121,#14122);
#14120 = CARTESIAN_POINT('',(15.32,0.32,-3.4));
#14121 = DIRECTION('',(0.,0.,1.));
#14122 = DIRECTION('',(-1.224646799147E-16,-1.,0.));
#14123 = ADVANCED_FACE('',(#14124),#14135,.T.);
#14124 = FACE_BOUND('',#14125,.F.);
#14125 = EDGE_LOOP('',(#14126,#14127,#14133,#14134));
#14126 = ORIENTED_EDGE('',*,*,#12692,.F.);
#14127 = ORIENTED_EDGE('',*,*,#14128,.T.);
#14128 = EDGE_CURVE('',#12685,#12620,#14129,.T.);
#14129 = LINE('',#14130,#14131);
#14130 = CARTESIAN_POINT('',(17.82,-0.12,-3.4));
#14131 = VECTOR('',#14132,1.);
#14132 = DIRECTION('',(-1.,1.224646799147E-16,0.));
#14133 = ORIENTED_EDGE('',*,*,#12627,.T.);
#14134 = ORIENTED_EDGE('',*,*,#12595,.F.);
#14135 = PLANE('',#14136);
#14136 = AXIS2_PLACEMENT_3D('',#14137,#14138,#14139);
#14137 = CARTESIAN_POINT('',(17.82,-0.22,-3.3));
#14138 = DIRECTION('',(-8.486018839685E-17,-0.707106781187,
    -0.707106781187));
#14139 = DIRECTION('',(1.,-1.212375546256E-16,1.227125289196E-18));
#14140 = ADVANCED_FACE('',(#14141),#14152,.T.);
#14141 = FACE_BOUND('',#14142,.T.);
#14142 = EDGE_LOOP('',(#14143,#14144,#14150,#14151));
#14143 = ORIENTED_EDGE('',*,*,#12676,.F.);
#14144 = ORIENTED_EDGE('',*,*,#14145,.T.);
#14145 = EDGE_CURVE('',#12677,#12612,#14146,.T.);
#14146 = LINE('',#14147,#14148);
#14147 = CARTESIAN_POINT('',(17.82,0.12,-3.4));
#14148 = VECTOR('',#14149,1.);
#14149 = DIRECTION('',(-1.,1.224646799147E-16,0.));
#14150 = ORIENTED_EDGE('',*,*,#12611,.T.);
#14151 = ORIENTED_EDGE('',*,*,#12650,.F.);
#14152 = PLANE('',#14153);
#14153 = AXIS2_PLACEMENT_3D('',#14154,#14155,#14156);
#14154 = CARTESIAN_POINT('',(17.82,0.22,-3.3));
#14155 = DIRECTION('',(8.486018839685E-17,0.707106781187,-0.707106781187
    ));
#14156 = DIRECTION('',(-1.,1.212375546256E-16,1.227125289196E-18));
#14157 = ADVANCED_FACE('',(#14158),#14164,.F.);
#14158 = FACE_BOUND('',#14159,.F.);
#14159 = EDGE_LOOP('',(#14160,#14161,#14162,#14163));
#14160 = ORIENTED_EDGE('',*,*,#14145,.T.);
#14161 = ORIENTED_EDGE('',*,*,#12619,.T.);
#14162 = ORIENTED_EDGE('',*,*,#14128,.F.);
#14163 = ORIENTED_EDGE('',*,*,#12684,.F.);
#14164 = PLANE('',#14165);
#14165 = AXIS2_PLACEMENT_3D('',#14166,#14167,#14168);
#14166 = CARTESIAN_POINT('',(17.82,0.32,-3.4));
#14167 = DIRECTION('',(0.,0.,1.));
#14168 = DIRECTION('',(-1.224646799147E-16,-1.,0.));
#14169 = ADVANCED_FACE('',(#14170),#14181,.T.);
#14170 = FACE_BOUND('',#14171,.F.);
#14171 = EDGE_LOOP('',(#14172,#14173,#14179,#14180));
#14172 = ORIENTED_EDGE('',*,*,#12908,.F.);
#14173 = ORIENTED_EDGE('',*,*,#14174,.T.);
#14174 = EDGE_CURVE('',#12909,#12792,#14175,.T.);
#14175 = LINE('',#14176,#14177);
#14176 = CARTESIAN_POINT('',(20.32,-0.12,-3.4));
#14177 = VECTOR('',#14178,1.);
#14178 = DIRECTION('',(-1.,1.224646799147E-16,0.));
#14179 = ORIENTED_EDGE('',*,*,#12791,.T.);
#14180 = ORIENTED_EDGE('',*,*,#12767,.F.);
#14181 = PLANE('',#14182);
#14182 = AXIS2_PLACEMENT_3D('',#14183,#14184,#14185);
#14183 = CARTESIAN_POINT('',(20.32,-0.235596257347,-3.301223703467));
#14184 = DIRECTION('',(-8.302774088379E-17,-0.64962967394,
    -0.760250805153));
#14185 = DIRECTION('',(1.,-1.247195775152E-16,-2.638869166629E-18));
#14186 = ADVANCED_FACE('',(#14187),#14198,.F.);
#14187 = FACE_BOUND('',#14188,.F.);
#14188 = EDGE_LOOP('',(#14189,#14190,#14191,#14197));
#14189 = ORIENTED_EDGE('',*,*,#14174,.F.);
#14190 = ORIENTED_EDGE('',*,*,#12927,.F.);
#14191 = ORIENTED_EDGE('',*,*,#14192,.T.);
#14192 = EDGE_CURVE('',#12920,#12810,#14193,.T.);
#14193 = LINE('',#14194,#14195);
#14194 = CARTESIAN_POINT('',(20.32,0.12,-3.4));
#14195 = VECTOR('',#14196,1.);
#14196 = DIRECTION('',(-1.,1.224646799147E-16,0.));
#14197 = ORIENTED_EDGE('',*,*,#12817,.T.);
#14198 = PLANE('',#14199);
#14199 = AXIS2_PLACEMENT_3D('',#14200,#14201,#14202);
#14200 = CARTESIAN_POINT('',(20.32,0.32,-3.4));
#14201 = DIRECTION('',(0.,0.,1.));
#14202 = DIRECTION('',(-1.224646799147E-16,-1.,0.));
#14203 = ADVANCED_FACE('',(#14204),#14210,.T.);
#14204 = FACE_BOUND('',#14205,.T.);
#14205 = EDGE_LOOP('',(#14206,#14207,#14208,#14209));
#14206 = ORIENTED_EDGE('',*,*,#12919,.F.);
#14207 = ORIENTED_EDGE('',*,*,#14192,.T.);
#14208 = ORIENTED_EDGE('',*,*,#12809,.T.);
#14209 = ORIENTED_EDGE('',*,*,#12840,.F.);
#14210 = PLANE('',#14211);
#14211 = AXIS2_PLACEMENT_3D('',#14212,#14213,#14214);
#14212 = CARTESIAN_POINT('',(20.32,0.204403742653,-3.301223703467));
#14213 = DIRECTION('',(9.310387150808E-17,0.760250805153,-0.64962967394)
  );
#14214 = DIRECTION('',(-1.,1.224646799148E-16,-5.515863360725E-29));
#14215 = ADVANCED_FACE('',(#14216),#14241,.F.);
#14216 = FACE_BOUND('',#14217,.F.);
#14217 = EDGE_LOOP('',(#14218,#14226,#14227,#14235));
#14218 = ORIENTED_EDGE('',*,*,#14219,.F.);
#14219 = EDGE_CURVE('',#12942,#14220,#14222,.T.);
#14220 = VERTEX_POINT('',#14221);
#14221 = CARTESIAN_POINT('',(17.38,-8.7,3.63));
#14222 = LINE('',#14223,#14224);
#14223 = CARTESIAN_POINT('',(17.353333333333,-8.673333333333,
    3.603333333333));
#14224 = VECTOR('',#14225,1.);
#14225 = DIRECTION('',(0.57735026919,-0.57735026919,0.57735026919));
#14226 = ORIENTED_EDGE('',*,*,#12941,.T.);
#14227 = ORIENTED_EDGE('',*,*,#14228,.T.);
#14228 = EDGE_CURVE('',#12944,#14229,#14231,.T.);
#14229 = VERTEX_POINT('',#14230);
#14230 = CARTESIAN_POINT('',(17.38,-8.7,3.87));
#14231 = LINE('',#14232,#14233);
#14232 = CARTESIAN_POINT('',(17.46,-8.78,3.79));
#14233 = VECTOR('',#14234,1.);
#14234 = DIRECTION('',(0.57735026919,-0.57735026919,-0.57735026919));
#14235 = ORIENTED_EDGE('',*,*,#14236,.F.);
#14236 = EDGE_CURVE('',#14220,#14229,#14237,.T.);
#14237 = LINE('',#14238,#14239);
#14238 = CARTESIAN_POINT('',(17.38,-8.7,3.43));
#14239 = VECTOR('',#14240,1.);
#14240 = DIRECTION('',(0.,0.,1.));
#14241 = PLANE('',#14242);
#14242 = AXIS2_PLACEMENT_3D('',#14243,#14244,#14245);
#14243 = CARTESIAN_POINT('',(17.28,-8.6,3.43));
#14244 = DIRECTION('',(0.707106781187,0.707106781187,-1.735417226644E-18
    ));
#14245 = DIRECTION('',(1.227125289148E-18,1.227125289148E-18,1.));
#14246 = ADVANCED_FACE('',(#14247),#14265,.T.);
#14247 = FACE_BOUND('',#14248,.F.);
#14248 = EDGE_LOOP('',(#14249,#14257,#14258,#14259));
#14249 = ORIENTED_EDGE('',*,*,#14250,.F.);
#14250 = EDGE_CURVE('',#12973,#14251,#14253,.T.);
#14251 = VERTEX_POINT('',#14252);
#14252 = CARTESIAN_POINT('',(17.62,-8.7,3.63));
#14253 = LINE('',#14254,#14255);
#14254 = CARTESIAN_POINT('',(17.753333333333,-8.566666666667,
    3.496666666667));
#14255 = VECTOR('',#14256,1.);
#14256 = DIRECTION('',(-0.57735026919,-0.57735026919,0.57735026919));
#14257 = ORIENTED_EDGE('',*,*,#12982,.T.);
#14258 = ORIENTED_EDGE('',*,*,#14219,.T.);
#14259 = ORIENTED_EDGE('',*,*,#14260,.F.);
#14260 = EDGE_CURVE('',#14251,#14220,#14261,.T.);
#14261 = LINE('',#14262,#14263);
#14262 = CARTESIAN_POINT('',(17.82,-8.7,3.63));
#14263 = VECTOR('',#14264,1.);
#14264 = DIRECTION('',(-1.,1.224646799147E-16,0.));
#14265 = PLANE('',#14266);
#14266 = AXIS2_PLACEMENT_3D('',#14267,#14268,#14269);
#14267 = CARTESIAN_POINT('',(17.82,-8.6,3.53));
#14268 = DIRECTION('',(-8.659560562349E-17,-0.707106781187,
    -0.707106781187));
#14269 = DIRECTION('',(1.,-1.224646799147E-16,2.105272540809E-29));
#14270 = ADVANCED_FACE('',(#14271),#14289,.T.);
#14271 = FACE_BOUND('',#14272,.T.);
#14272 = EDGE_LOOP('',(#14273,#14274,#14275,#14283));
#14273 = ORIENTED_EDGE('',*,*,#14250,.F.);
#14274 = ORIENTED_EDGE('',*,*,#12996,.T.);
#14275 = ORIENTED_EDGE('',*,*,#14276,.T.);
#14276 = EDGE_CURVE('',#12997,#14277,#14279,.T.);
#14277 = VERTEX_POINT('',#14278);
#14278 = CARTESIAN_POINT('',(17.62,-8.7,3.87));
#14279 = LINE('',#14280,#14281);
#14280 = CARTESIAN_POINT('',(17.646666666667,-8.673333333333,
    3.896666666667));
#14281 = VECTOR('',#14282,1.);
#14282 = DIRECTION('',(-0.57735026919,-0.57735026919,-0.57735026919));
#14283 = ORIENTED_EDGE('',*,*,#14284,.F.);
#14284 = EDGE_CURVE('',#14251,#14277,#14285,.T.);
#14285 = LINE('',#14286,#14287);
#14286 = CARTESIAN_POINT('',(17.62,-8.7,3.43));
#14287 = VECTOR('',#14288,1.);
#14288 = DIRECTION('',(0.,0.,1.));
#14289 = PLANE('',#14290);
#14290 = AXIS2_PLACEMENT_3D('',#14291,#14292,#14293);
#14291 = CARTESIAN_POINT('',(17.72,-8.6,3.43));
#14292 = DIRECTION('',(0.707106781187,-0.707106781187,1.735417226644E-18
    ));
#14293 = DIRECTION('',(-1.227125289148E-18,1.227125289148E-18,1.));
#14294 = ADVANCED_FACE('',(#14295),#14306,.T.);
#14295 = FACE_BOUND('',#14296,.T.);
#14296 = EDGE_LOOP('',(#14297,#14298,#14299,#14300));
#14297 = ORIENTED_EDGE('',*,*,#14276,.F.);
#14298 = ORIENTED_EDGE('',*,*,#13021,.T.);
#14299 = ORIENTED_EDGE('',*,*,#14228,.T.);
#14300 = ORIENTED_EDGE('',*,*,#14301,.F.);
#14301 = EDGE_CURVE('',#14277,#14229,#14302,.T.);
#14302 = LINE('',#14303,#14304);
#14303 = CARTESIAN_POINT('',(17.82,-8.7,3.87));
#14304 = VECTOR('',#14305,1.);
#14305 = DIRECTION('',(-1.,1.224646799147E-16,0.));
#14306 = PLANE('',#14307);
#14307 = AXIS2_PLACEMENT_3D('',#14308,#14309,#14310);
#14308 = CARTESIAN_POINT('',(17.82,-8.6,3.97));
#14309 = DIRECTION('',(-8.659560562349E-17,-0.707106781187,
    0.707106781187));
#14310 = DIRECTION('',(-1.,1.224646799147E-16,2.105272540809E-29));
#14311 = ADVANCED_FACE('',(#14312),#14337,.F.);
#14312 = FACE_BOUND('',#14313,.F.);
#14313 = EDGE_LOOP('',(#14314,#14322,#14323,#14331));
#14314 = ORIENTED_EDGE('',*,*,#14315,.F.);
#14315 = EDGE_CURVE('',#13038,#14316,#14318,.T.);
#14316 = VERTEX_POINT('',#14317);
#14317 = CARTESIAN_POINT('',(14.88,-8.7,3.63));
#14318 = LINE('',#14319,#14320);
#14319 = CARTESIAN_POINT('',(14.853333333333,-8.673333333333,
    3.603333333333));
#14320 = VECTOR('',#14321,1.);
#14321 = DIRECTION('',(0.57735026919,-0.57735026919,0.57735026919));
#14322 = ORIENTED_EDGE('',*,*,#13037,.T.);
#14323 = ORIENTED_EDGE('',*,*,#14324,.T.);
#14324 = EDGE_CURVE('',#13040,#14325,#14327,.T.);
#14325 = VERTEX_POINT('',#14326);
#14326 = CARTESIAN_POINT('',(14.88,-8.7,3.87));
#14327 = LINE('',#14328,#14329);
#14328 = CARTESIAN_POINT('',(14.96,-8.78,3.79));
#14329 = VECTOR('',#14330,1.);
#14330 = DIRECTION('',(0.57735026919,-0.57735026919,-0.57735026919));
#14331 = ORIENTED_EDGE('',*,*,#14332,.F.);
#14332 = EDGE_CURVE('',#14316,#14325,#14333,.T.);
#14333 = LINE('',#14334,#14335);
#14334 = CARTESIAN_POINT('',(14.88,-8.7,3.43));
#14335 = VECTOR('',#14336,1.);
#14336 = DIRECTION('',(0.,0.,1.));
#14337 = PLANE('',#14338);
#14338 = AXIS2_PLACEMENT_3D('',#14339,#14340,#14341);
#14339 = CARTESIAN_POINT('',(14.78,-8.6,3.43));
#14340 = DIRECTION('',(0.707106781187,0.707106781187,-1.735417226644E-18
    ));
#14341 = DIRECTION('',(1.227125289148E-18,1.227125289148E-18,1.));
#14342 = ADVANCED_FACE('',(#14343),#14361,.T.);
#14343 = FACE_BOUND('',#14344,.F.);
#14344 = EDGE_LOOP('',(#14345,#14353,#14354,#14355));
#14345 = ORIENTED_EDGE('',*,*,#14346,.F.);
#14346 = EDGE_CURVE('',#13069,#14347,#14349,.T.);
#14347 = VERTEX_POINT('',#14348);
#14348 = CARTESIAN_POINT('',(15.12,-8.7,3.63));
#14349 = LINE('',#14350,#14351);
#14350 = CARTESIAN_POINT('',(15.253333333333,-8.566666666667,
    3.496666666667));
#14351 = VECTOR('',#14352,1.);
#14352 = DIRECTION('',(-0.57735026919,-0.57735026919,0.57735026919));
#14353 = ORIENTED_EDGE('',*,*,#13078,.T.);
#14354 = ORIENTED_EDGE('',*,*,#14315,.T.);
#14355 = ORIENTED_EDGE('',*,*,#14356,.F.);
#14356 = EDGE_CURVE('',#14347,#14316,#14357,.T.);
#14357 = LINE('',#14358,#14359);
#14358 = CARTESIAN_POINT('',(15.32,-8.7,3.63));
#14359 = VECTOR('',#14360,1.);
#14360 = DIRECTION('',(-1.,1.224646799147E-16,0.));
#14361 = PLANE('',#14362);
#14362 = AXIS2_PLACEMENT_3D('',#14363,#14364,#14365);
#14363 = CARTESIAN_POINT('',(15.32,-8.6,3.53));
#14364 = DIRECTION('',(-8.659560562349E-17,-0.707106781187,
    -0.707106781187));
#14365 = DIRECTION('',(1.,-1.224646799147E-16,2.105272540809E-29));
#14366 = ADVANCED_FACE('',(#14367),#14385,.T.);
#14367 = FACE_BOUND('',#14368,.T.);
#14368 = EDGE_LOOP('',(#14369,#14370,#14371,#14379));
#14369 = ORIENTED_EDGE('',*,*,#14346,.F.);
#14370 = ORIENTED_EDGE('',*,*,#13092,.T.);
#14371 = ORIENTED_EDGE('',*,*,#14372,.T.);
#14372 = EDGE_CURVE('',#13093,#14373,#14375,.T.);
#14373 = VERTEX_POINT('',#14374);
#14374 = CARTESIAN_POINT('',(15.12,-8.7,3.87));
#14375 = LINE('',#14376,#14377);
#14376 = CARTESIAN_POINT('',(15.146666666667,-8.673333333333,
    3.896666666667));
#14377 = VECTOR('',#14378,1.);
#14378 = DIRECTION('',(-0.57735026919,-0.57735026919,-0.57735026919));
#14379 = ORIENTED_EDGE('',*,*,#14380,.F.);
#14380 = EDGE_CURVE('',#14347,#14373,#14381,.T.);
#14381 = LINE('',#14382,#14383);
#14382 = CARTESIAN_POINT('',(15.12,-8.7,3.43));
#14383 = VECTOR('',#14384,1.);
#14384 = DIRECTION('',(0.,0.,1.));
#14385 = PLANE('',#14386);
#14386 = AXIS2_PLACEMENT_3D('',#14387,#14388,#14389);
#14387 = CARTESIAN_POINT('',(15.22,-8.6,3.43));
#14388 = DIRECTION('',(0.707106781187,-0.707106781187,1.735417226644E-18
    ));
#14389 = DIRECTION('',(-1.227125289148E-18,1.227125289148E-18,1.));
#14390 = ADVANCED_FACE('',(#14391),#14402,.T.);
#14391 = FACE_BOUND('',#14392,.T.);
#14392 = EDGE_LOOP('',(#14393,#14394,#14395,#14396));
#14393 = ORIENTED_EDGE('',*,*,#14372,.F.);
#14394 = ORIENTED_EDGE('',*,*,#13117,.T.);
#14395 = ORIENTED_EDGE('',*,*,#14324,.T.);
#14396 = ORIENTED_EDGE('',*,*,#14397,.F.);
#14397 = EDGE_CURVE('',#14373,#14325,#14398,.T.);
#14398 = LINE('',#14399,#14400);
#14399 = CARTESIAN_POINT('',(15.32,-8.7,3.87));
#14400 = VECTOR('',#14401,1.);
#14401 = DIRECTION('',(-1.,1.224646799147E-16,0.));
#14402 = PLANE('',#14403);
#14403 = AXIS2_PLACEMENT_3D('',#14404,#14405,#14406);
#14404 = CARTESIAN_POINT('',(15.32,-8.6,3.97));
#14405 = DIRECTION('',(-8.659560562349E-17,-0.707106781187,
    0.707106781187));
#14406 = DIRECTION('',(-1.,1.224646799147E-16,2.105272540809E-29));
#14407 = ADVANCED_FACE('',(#14408),#14433,.T.);
#14408 = FACE_BOUND('',#14409,.T.);
#14409 = EDGE_LOOP('',(#14410,#14418,#14419,#14427));
#14410 = ORIENTED_EDGE('',*,*,#14411,.F.);
#14411 = EDGE_CURVE('',#13134,#14412,#14414,.T.);
#14412 = VERTEX_POINT('',#14413);
#14413 = CARTESIAN_POINT('',(12.62,-8.7,3.87));
#14414 = LINE('',#14415,#14416);
#14415 = CARTESIAN_POINT('',(12.646666666667,-8.673333333333,
    3.896666666667));
#14416 = VECTOR('',#14417,1.);
#14417 = DIRECTION('',(-0.57735026919,-0.57735026919,-0.57735026919));
#14418 = ORIENTED_EDGE('',*,*,#13141,.T.);
#14419 = ORIENTED_EDGE('',*,*,#14420,.T.);
#14420 = EDGE_CURVE('',#13142,#14421,#14423,.T.);
#14421 = VERTEX_POINT('',#14422);
#14422 = CARTESIAN_POINT('',(12.38,-8.7,3.87));
#14423 = LINE('',#14424,#14425);
#14424 = CARTESIAN_POINT('',(12.46,-8.78,3.79));
#14425 = VECTOR('',#14426,1.);
#14426 = DIRECTION('',(0.57735026919,-0.57735026919,-0.57735026919));
#14427 = ORIENTED_EDGE('',*,*,#14428,.F.);
#14428 = EDGE_CURVE('',#14412,#14421,#14429,.T.);
#14429 = LINE('',#14430,#14431);
#14430 = CARTESIAN_POINT('',(12.82,-8.7,3.87));
#14431 = VECTOR('',#14432,1.);
#14432 = DIRECTION('',(-1.,1.224646799147E-16,0.));
#14433 = PLANE('',#14434);
#14434 = AXIS2_PLACEMENT_3D('',#14435,#14436,#14437);
#14435 = CARTESIAN_POINT('',(12.82,-8.6,3.97));
#14436 = DIRECTION('',(-8.659560562349E-17,-0.707106781187,
    0.707106781187));
#14437 = DIRECTION('',(-1.,1.224646799147E-16,2.105272540809E-29));
#14438 = ADVANCED_FACE('',(#14439),#14457,.F.);
#14439 = FACE_BOUND('',#14440,.F.);
#14440 = EDGE_LOOP('',(#14441,#14449,#14450,#14451));
#14441 = ORIENTED_EDGE('',*,*,#14442,.F.);
#14442 = EDGE_CURVE('',#13165,#14443,#14445,.T.);
#14443 = VERTEX_POINT('',#14444);
#14444 = CARTESIAN_POINT('',(12.38,-8.7,3.63));
#14445 = LINE('',#14446,#14447);
#14446 = CARTESIAN_POINT('',(12.353333333333,-8.673333333333,
    3.603333333333));
#14447 = VECTOR('',#14448,1.);
#14448 = DIRECTION('',(0.57735026919,-0.57735026919,0.57735026919));
#14449 = ORIENTED_EDGE('',*,*,#13164,.T.);
#14450 = ORIENTED_EDGE('',*,*,#14420,.T.);
#14451 = ORIENTED_EDGE('',*,*,#14452,.F.);
#14452 = EDGE_CURVE('',#14443,#14421,#14453,.T.);
#14453 = LINE('',#14454,#14455);
#14454 = CARTESIAN_POINT('',(12.38,-8.7,3.43));
#14455 = VECTOR('',#14456,1.);
#14456 = DIRECTION('',(0.,0.,1.));
#14457 = PLANE('',#14458);
#14458 = AXIS2_PLACEMENT_3D('',#14459,#14460,#14461);
#14459 = CARTESIAN_POINT('',(12.28,-8.6,3.43));
#14460 = DIRECTION('',(0.707106781187,0.707106781187,-1.735417226644E-18
    ));
#14461 = DIRECTION('',(1.227125289148E-18,1.227125289148E-18,1.));
#14462 = ADVANCED_FACE('',(#14463),#14481,.T.);
#14463 = FACE_BOUND('',#14464,.F.);
#14464 = EDGE_LOOP('',(#14465,#14473,#14474,#14475));
#14465 = ORIENTED_EDGE('',*,*,#14466,.F.);
#14466 = EDGE_CURVE('',#13189,#14467,#14469,.T.);
#14467 = VERTEX_POINT('',#14468);
#14468 = CARTESIAN_POINT('',(12.62,-8.7,3.63));
#14469 = LINE('',#14470,#14471);
#14470 = CARTESIAN_POINT('',(12.753333333333,-8.566666666667,
    3.496666666667));
#14471 = VECTOR('',#14472,1.);
#14472 = DIRECTION('',(-0.57735026919,-0.57735026919,0.57735026919));
#14473 = ORIENTED_EDGE('',*,*,#13198,.T.);
#14474 = ORIENTED_EDGE('',*,*,#14442,.T.);
#14475 = ORIENTED_EDGE('',*,*,#14476,.F.);
#14476 = EDGE_CURVE('',#14467,#14443,#14477,.T.);
#14477 = LINE('',#14478,#14479);
#14478 = CARTESIAN_POINT('',(12.82,-8.7,3.63));
#14479 = VECTOR('',#14480,1.);
#14480 = DIRECTION('',(-1.,1.224646799147E-16,0.));
#14481 = PLANE('',#14482);
#14482 = AXIS2_PLACEMENT_3D('',#14483,#14484,#14485);
#14483 = CARTESIAN_POINT('',(12.82,-8.6,3.53));
#14484 = DIRECTION('',(-8.659560562349E-17,-0.707106781187,
    -0.707106781187));
#14485 = DIRECTION('',(1.,-1.224646799147E-16,2.105272540809E-29));
#14486 = ADVANCED_FACE('',(#14487),#14498,.T.);
#14487 = FACE_BOUND('',#14488,.T.);
#14488 = EDGE_LOOP('',(#14489,#14490,#14491,#14492));
#14489 = ORIENTED_EDGE('',*,*,#14466,.F.);
#14490 = ORIENTED_EDGE('',*,*,#13212,.T.);
#14491 = ORIENTED_EDGE('',*,*,#14411,.T.);
#14492 = ORIENTED_EDGE('',*,*,#14493,.F.);
#14493 = EDGE_CURVE('',#14467,#14412,#14494,.T.);
#14494 = LINE('',#14495,#14496);
#14495 = CARTESIAN_POINT('',(12.62,-8.7,3.43));
#14496 = VECTOR('',#14497,1.);
#14497 = DIRECTION('',(0.,0.,1.));
#14498 = PLANE('',#14499);
#14499 = AXIS2_PLACEMENT_3D('',#14500,#14501,#14502);
#14500 = CARTESIAN_POINT('',(12.72,-8.6,3.43));
#14501 = DIRECTION('',(0.707106781187,-0.707106781187,1.735417226644E-18
    ));
#14502 = DIRECTION('',(-1.227125289148E-18,1.227125289148E-18,1.));
#14503 = ADVANCED_FACE('',(#14504),#14529,.F.);
#14504 = FACE_BOUND('',#14505,.F.);
#14505 = EDGE_LOOP('',(#14506,#14514,#14515,#14523));
#14506 = ORIENTED_EDGE('',*,*,#14507,.F.);
#14507 = EDGE_CURVE('',#13230,#14508,#14510,.T.);
#14508 = VERTEX_POINT('',#14509);
#14509 = CARTESIAN_POINT('',(4.88,-8.7,3.63));
#14510 = LINE('',#14511,#14512);
#14511 = CARTESIAN_POINT('',(4.853333333333,-8.673333333333,
    3.603333333333));
#14512 = VECTOR('',#14513,1.);
#14513 = DIRECTION('',(0.57735026919,-0.57735026919,0.57735026919));
#14514 = ORIENTED_EDGE('',*,*,#13229,.T.);
#14515 = ORIENTED_EDGE('',*,*,#14516,.T.);
#14516 = EDGE_CURVE('',#13232,#14517,#14519,.T.);
#14517 = VERTEX_POINT('',#14518);
#14518 = CARTESIAN_POINT('',(4.88,-8.7,3.87));
#14519 = LINE('',#14520,#14521);
#14520 = CARTESIAN_POINT('',(4.96,-8.78,3.79));
#14521 = VECTOR('',#14522,1.);
#14522 = DIRECTION('',(0.57735026919,-0.57735026919,-0.57735026919));
#14523 = ORIENTED_EDGE('',*,*,#14524,.F.);
#14524 = EDGE_CURVE('',#14508,#14517,#14525,.T.);
#14525 = LINE('',#14526,#14527);
#14526 = CARTESIAN_POINT('',(4.88,-8.7,3.43));
#14527 = VECTOR('',#14528,1.);
#14528 = DIRECTION('',(0.,0.,1.));
#14529 = PLANE('',#14530);
#14530 = AXIS2_PLACEMENT_3D('',#14531,#14532,#14533);
#14531 = CARTESIAN_POINT('',(4.78,-8.6,3.43));
#14532 = DIRECTION('',(0.707106781187,0.707106781187,-1.735417226644E-18
    ));
#14533 = DIRECTION('',(1.227125289148E-18,1.227125289148E-18,1.));
#14534 = ADVANCED_FACE('',(#14535),#14553,.T.);
#14535 = FACE_BOUND('',#14536,.F.);
#14536 = EDGE_LOOP('',(#14537,#14545,#14546,#14547));
#14537 = ORIENTED_EDGE('',*,*,#14538,.F.);
#14538 = EDGE_CURVE('',#13261,#14539,#14541,.T.);
#14539 = VERTEX_POINT('',#14540);
#14540 = CARTESIAN_POINT('',(5.12,-8.7,3.63));
#14541 = LINE('',#14542,#14543);
#14542 = CARTESIAN_POINT('',(5.253333333333,-8.566666666667,
    3.496666666667));
#14543 = VECTOR('',#14544,1.);
#14544 = DIRECTION('',(-0.57735026919,-0.57735026919,0.57735026919));
#14545 = ORIENTED_EDGE('',*,*,#13270,.T.);
#14546 = ORIENTED_EDGE('',*,*,#14507,.T.);
#14547 = ORIENTED_EDGE('',*,*,#14548,.F.);
#14548 = EDGE_CURVE('',#14539,#14508,#14549,.T.);
#14549 = LINE('',#14550,#14551);
#14550 = CARTESIAN_POINT('',(5.32,-8.7,3.63));
#14551 = VECTOR('',#14552,1.);
#14552 = DIRECTION('',(-1.,1.224646799147E-16,0.));
#14553 = PLANE('',#14554);
#14554 = AXIS2_PLACEMENT_3D('',#14555,#14556,#14557);
#14555 = CARTESIAN_POINT('',(5.32,-8.6,3.53));
#14556 = DIRECTION('',(-8.659560562349E-17,-0.707106781187,
    -0.707106781187));
#14557 = DIRECTION('',(1.,-1.224646799147E-16,2.105272540809E-29));
#14558 = ADVANCED_FACE('',(#14559),#14577,.T.);
#14559 = FACE_BOUND('',#14560,.T.);
#14560 = EDGE_LOOP('',(#14561,#14562,#14563,#14571));
#14561 = ORIENTED_EDGE('',*,*,#14538,.F.);
#14562 = ORIENTED_EDGE('',*,*,#13284,.T.);
#14563 = ORIENTED_EDGE('',*,*,#14564,.T.);
#14564 = EDGE_CURVE('',#13285,#14565,#14567,.T.);
#14565 = VERTEX_POINT('',#14566);
#14566 = CARTESIAN_POINT('',(5.12,-8.7,3.87));
#14567 = LINE('',#14568,#14569);
#14568 = CARTESIAN_POINT('',(5.146666666667,-8.673333333333,
    3.896666666667));
#14569 = VECTOR('',#14570,1.);
#14570 = DIRECTION('',(-0.57735026919,-0.57735026919,-0.57735026919));
#14571 = ORIENTED_EDGE('',*,*,#14572,.F.);
#14572 = EDGE_CURVE('',#14539,#14565,#14573,.T.);
#14573 = LINE('',#14574,#14575);
#14574 = CARTESIAN_POINT('',(5.12,-8.7,3.43));
#14575 = VECTOR('',#14576,1.);
#14576 = DIRECTION('',(0.,0.,1.));
#14577 = PLANE('',#14578);
#14578 = AXIS2_PLACEMENT_3D('',#14579,#14580,#14581);
#14579 = CARTESIAN_POINT('',(5.22,-8.6,3.43));
#14580 = DIRECTION('',(0.707106781187,-0.707106781187,1.735417226644E-18
    ));
#14581 = DIRECTION('',(-1.227125289148E-18,1.227125289148E-18,1.));
#14582 = ADVANCED_FACE('',(#14583),#14594,.T.);
#14583 = FACE_BOUND('',#14584,.T.);
#14584 = EDGE_LOOP('',(#14585,#14586,#14587,#14588));
#14585 = ORIENTED_EDGE('',*,*,#14564,.F.);
#14586 = ORIENTED_EDGE('',*,*,#13309,.T.);
#14587 = ORIENTED_EDGE('',*,*,#14516,.T.);
#14588 = ORIENTED_EDGE('',*,*,#14589,.F.);
#14589 = EDGE_CURVE('',#14565,#14517,#14590,.T.);
#14590 = LINE('',#14591,#14592);
#14591 = CARTESIAN_POINT('',(5.32,-8.7,3.87));
#14592 = VECTOR('',#14593,1.);
#14593 = DIRECTION('',(-1.,1.224646799147E-16,0.));
#14594 = PLANE('',#14595);
#14595 = AXIS2_PLACEMENT_3D('',#14596,#14597,#14598);
#14596 = CARTESIAN_POINT('',(5.32,-8.6,3.97));
#14597 = DIRECTION('',(-8.659560562349E-17,-0.707106781187,
    0.707106781187));
#14598 = DIRECTION('',(-1.,1.224646799147E-16,2.105272540809E-29));
#14599 = ADVANCED_FACE('',(#14600),#14625,.F.);
#14600 = FACE_BOUND('',#14601,.F.);
#14601 = EDGE_LOOP('',(#14602,#14610,#14611,#14619));
#14602 = ORIENTED_EDGE('',*,*,#14603,.F.);
#14603 = EDGE_CURVE('',#13326,#14604,#14606,.T.);
#14604 = VERTEX_POINT('',#14605);
#14605 = CARTESIAN_POINT('',(7.38,-8.7,3.63));
#14606 = LINE('',#14607,#14608);
#14607 = CARTESIAN_POINT('',(7.353333333333,-8.673333333333,
    3.603333333333));
#14608 = VECTOR('',#14609,1.);
#14609 = DIRECTION('',(0.57735026919,-0.57735026919,0.57735026919));
#14610 = ORIENTED_EDGE('',*,*,#13325,.T.);
#14611 = ORIENTED_EDGE('',*,*,#14612,.T.);
#14612 = EDGE_CURVE('',#13328,#14613,#14615,.T.);
#14613 = VERTEX_POINT('',#14614);
#14614 = CARTESIAN_POINT('',(7.38,-8.7,3.87));
#14615 = LINE('',#14616,#14617);
#14616 = CARTESIAN_POINT('',(7.46,-8.78,3.79));
#14617 = VECTOR('',#14618,1.);
#14618 = DIRECTION('',(0.57735026919,-0.57735026919,-0.57735026919));
#14619 = ORIENTED_EDGE('',*,*,#14620,.F.);
#14620 = EDGE_CURVE('',#14604,#14613,#14621,.T.);
#14621 = LINE('',#14622,#14623);
#14622 = CARTESIAN_POINT('',(7.38,-8.7,3.43));
#14623 = VECTOR('',#14624,1.);
#14624 = DIRECTION('',(0.,0.,1.));
#14625 = PLANE('',#14626);
#14626 = AXIS2_PLACEMENT_3D('',#14627,#14628,#14629);
#14627 = CARTESIAN_POINT('',(7.28,-8.6,3.43));
#14628 = DIRECTION('',(0.707106781187,0.707106781187,-1.735417226644E-18
    ));
#14629 = DIRECTION('',(1.227125289148E-18,1.227125289148E-18,1.));
#14630 = ADVANCED_FACE('',(#14631),#14649,.T.);
#14631 = FACE_BOUND('',#14632,.F.);
#14632 = EDGE_LOOP('',(#14633,#14641,#14642,#14643));
#14633 = ORIENTED_EDGE('',*,*,#14634,.F.);
#14634 = EDGE_CURVE('',#13357,#14635,#14637,.T.);
#14635 = VERTEX_POINT('',#14636);
#14636 = CARTESIAN_POINT('',(7.62,-8.7,3.63));
#14637 = LINE('',#14638,#14639);
#14638 = CARTESIAN_POINT('',(7.753333333333,-8.566666666667,
    3.496666666667));
#14639 = VECTOR('',#14640,1.);
#14640 = DIRECTION('',(-0.57735026919,-0.57735026919,0.57735026919));
#14641 = ORIENTED_EDGE('',*,*,#13366,.T.);
#14642 = ORIENTED_EDGE('',*,*,#14603,.T.);
#14643 = ORIENTED_EDGE('',*,*,#14644,.F.);
#14644 = EDGE_CURVE('',#14635,#14604,#14645,.T.);
#14645 = LINE('',#14646,#14647);
#14646 = CARTESIAN_POINT('',(7.82,-8.7,3.63));
#14647 = VECTOR('',#14648,1.);
#14648 = DIRECTION('',(-1.,1.224646799147E-16,0.));
#14649 = PLANE('',#14650);
#14650 = AXIS2_PLACEMENT_3D('',#14651,#14652,#14653);
#14651 = CARTESIAN_POINT('',(7.82,-8.6,3.53));
#14652 = DIRECTION('',(-8.659560562349E-17,-0.707106781187,
    -0.707106781187));
#14653 = DIRECTION('',(1.,-1.224646799147E-16,2.105272540809E-29));
#14654 = ADVANCED_FACE('',(#14655),#14673,.T.);
#14655 = FACE_BOUND('',#14656,.T.);
#14656 = EDGE_LOOP('',(#14657,#14658,#14659,#14667));
#14657 = ORIENTED_EDGE('',*,*,#14634,.F.);
#14658 = ORIENTED_EDGE('',*,*,#13380,.T.);
#14659 = ORIENTED_EDGE('',*,*,#14660,.T.);
#14660 = EDGE_CURVE('',#13381,#14661,#14663,.T.);
#14661 = VERTEX_POINT('',#14662);
#14662 = CARTESIAN_POINT('',(7.62,-8.7,3.87));
#14663 = LINE('',#14664,#14665);
#14664 = CARTESIAN_POINT('',(7.646666666667,-8.673333333333,
    3.896666666667));
#14665 = VECTOR('',#14666,1.);
#14666 = DIRECTION('',(-0.57735026919,-0.57735026919,-0.57735026919));
#14667 = ORIENTED_EDGE('',*,*,#14668,.F.);
#14668 = EDGE_CURVE('',#14635,#14661,#14669,.T.);
#14669 = LINE('',#14670,#14671);
#14670 = CARTESIAN_POINT('',(7.62,-8.7,3.43));
#14671 = VECTOR('',#14672,1.);
#14672 = DIRECTION('',(0.,0.,1.));
#14673 = PLANE('',#14674);
#14674 = AXIS2_PLACEMENT_3D('',#14675,#14676,#14677);
#14675 = CARTESIAN_POINT('',(7.72,-8.6,3.43));
#14676 = DIRECTION('',(0.707106781187,-0.707106781187,1.735417226644E-18
    ));
#14677 = DIRECTION('',(-1.227125289148E-18,1.227125289148E-18,1.));
#14678 = ADVANCED_FACE('',(#14679),#14690,.T.);
#14679 = FACE_BOUND('',#14680,.T.);
#14680 = EDGE_LOOP('',(#14681,#14682,#14683,#14684));
#14681 = ORIENTED_EDGE('',*,*,#14660,.F.);
#14682 = ORIENTED_EDGE('',*,*,#13405,.T.);
#14683 = ORIENTED_EDGE('',*,*,#14612,.T.);
#14684 = ORIENTED_EDGE('',*,*,#14685,.F.);
#14685 = EDGE_CURVE('',#14661,#14613,#14686,.T.);
#14686 = LINE('',#14687,#14688);
#14687 = CARTESIAN_POINT('',(7.82,-8.7,3.87));
#14688 = VECTOR('',#14689,1.);
#14689 = DIRECTION('',(-1.,1.224646799147E-16,0.));
#14690 = PLANE('',#14691);
#14691 = AXIS2_PLACEMENT_3D('',#14692,#14693,#14694);
#14692 = CARTESIAN_POINT('',(7.82,-8.6,3.97));
#14693 = DIRECTION('',(-8.659560562349E-17,-0.707106781187,
    0.707106781187));
#14694 = DIRECTION('',(-1.,1.224646799147E-16,2.105272540809E-29));
#14695 = ADVANCED_FACE('',(#14696),#14721,.T.);
#14696 = FACE_BOUND('',#14697,.T.);
#14697 = EDGE_LOOP('',(#14698,#14706,#14707,#14715));
#14698 = ORIENTED_EDGE('',*,*,#14699,.F.);
#14699 = EDGE_CURVE('',#13422,#14700,#14702,.T.);
#14700 = VERTEX_POINT('',#14701);
#14701 = CARTESIAN_POINT('',(10.12,-8.7,3.87));
#14702 = LINE('',#14703,#14704);
#14703 = CARTESIAN_POINT('',(10.146666666667,-8.673333333333,
    3.896666666667));
#14704 = VECTOR('',#14705,1.);
#14705 = DIRECTION('',(-0.57735026919,-0.57735026919,-0.57735026919));
#14706 = ORIENTED_EDGE('',*,*,#13429,.T.);
#14707 = ORIENTED_EDGE('',*,*,#14708,.T.);
#14708 = EDGE_CURVE('',#13430,#14709,#14711,.T.);
#14709 = VERTEX_POINT('',#14710);
#14710 = CARTESIAN_POINT('',(9.88,-8.7,3.87));
#14711 = LINE('',#14712,#14713);
#14712 = CARTESIAN_POINT('',(9.96,-8.78,3.79));
#14713 = VECTOR('',#14714,1.);
#14714 = DIRECTION('',(0.57735026919,-0.57735026919,-0.57735026919));
#14715 = ORIENTED_EDGE('',*,*,#14716,.F.);
#14716 = EDGE_CURVE('',#14700,#14709,#14717,.T.);
#14717 = LINE('',#14718,#14719);
#14718 = CARTESIAN_POINT('',(10.32,-8.7,3.87));
#14719 = VECTOR('',#14720,1.);
#14720 = DIRECTION('',(-1.,1.224646799147E-16,0.));
#14721 = PLANE('',#14722);
#14722 = AXIS2_PLACEMENT_3D('',#14723,#14724,#14725);
#14723 = CARTESIAN_POINT('',(10.32,-8.6,3.97));
#14724 = DIRECTION('',(-8.659560562349E-17,-0.707106781187,
    0.707106781187));
#14725 = DIRECTION('',(-1.,1.224646799147E-16,2.105272540809E-29));
#14726 = ADVANCED_FACE('',(#14727),#14745,.F.);
#14727 = FACE_BOUND('',#14728,.F.);
#14728 = EDGE_LOOP('',(#14729,#14737,#14738,#14739));
#14729 = ORIENTED_EDGE('',*,*,#14730,.F.);
#14730 = EDGE_CURVE('',#13453,#14731,#14733,.T.);
#14731 = VERTEX_POINT('',#14732);
#14732 = CARTESIAN_POINT('',(9.88,-8.7,3.63));
#14733 = LINE('',#14734,#14735);
#14734 = CARTESIAN_POINT('',(9.853333333333,-8.673333333333,
    3.603333333333));
#14735 = VECTOR('',#14736,1.);
#14736 = DIRECTION('',(0.57735026919,-0.57735026919,0.57735026919));
#14737 = ORIENTED_EDGE('',*,*,#13452,.T.);
#14738 = ORIENTED_EDGE('',*,*,#14708,.T.);
#14739 = ORIENTED_EDGE('',*,*,#14740,.F.);
#14740 = EDGE_CURVE('',#14731,#14709,#14741,.T.);
#14741 = LINE('',#14742,#14743);
#14742 = CARTESIAN_POINT('',(9.88,-8.7,3.43));
#14743 = VECTOR('',#14744,1.);
#14744 = DIRECTION('',(0.,0.,1.));
#14745 = PLANE('',#14746);
#14746 = AXIS2_PLACEMENT_3D('',#14747,#14748,#14749);
#14747 = CARTESIAN_POINT('',(9.78,-8.6,3.43));
#14748 = DIRECTION('',(0.707106781187,0.707106781187,-1.735417226644E-18
    ));
#14749 = DIRECTION('',(1.227125289148E-18,1.227125289148E-18,1.));
#14750 = ADVANCED_FACE('',(#14751),#14769,.T.);
#14751 = FACE_BOUND('',#14752,.F.);
#14752 = EDGE_LOOP('',(#14753,#14761,#14762,#14763));
#14753 = ORIENTED_EDGE('',*,*,#14754,.F.);
#14754 = EDGE_CURVE('',#13477,#14755,#14757,.T.);
#14755 = VERTEX_POINT('',#14756);
#14756 = CARTESIAN_POINT('',(10.12,-8.7,3.63));
#14757 = LINE('',#14758,#14759);
#14758 = CARTESIAN_POINT('',(10.253333333333,-8.566666666667,
    3.496666666667));
#14759 = VECTOR('',#14760,1.);
#14760 = DIRECTION('',(-0.57735026919,-0.57735026919,0.57735026919));
#14761 = ORIENTED_EDGE('',*,*,#13486,.T.);
#14762 = ORIENTED_EDGE('',*,*,#14730,.T.);
#14763 = ORIENTED_EDGE('',*,*,#14764,.F.);
#14764 = EDGE_CURVE('',#14755,#14731,#14765,.T.);
#14765 = LINE('',#14766,#14767);
#14766 = CARTESIAN_POINT('',(10.32,-8.7,3.63));
#14767 = VECTOR('',#14768,1.);
#14768 = DIRECTION('',(-1.,1.224646799147E-16,0.));
#14769 = PLANE('',#14770);
#14770 = AXIS2_PLACEMENT_3D('',#14771,#14772,#14773);
#14771 = CARTESIAN_POINT('',(10.32,-8.6,3.53));
#14772 = DIRECTION('',(-8.659560562349E-17,-0.707106781187,
    -0.707106781187));
#14773 = DIRECTION('',(1.,-1.224646799147E-16,2.105272540809E-29));
#14774 = ADVANCED_FACE('',(#14775),#14786,.T.);
#14775 = FACE_BOUND('',#14776,.T.);
#14776 = EDGE_LOOP('',(#14777,#14778,#14779,#14780));
#14777 = ORIENTED_EDGE('',*,*,#14754,.F.);
#14778 = ORIENTED_EDGE('',*,*,#13500,.T.);
#14779 = ORIENTED_EDGE('',*,*,#14699,.T.);
#14780 = ORIENTED_EDGE('',*,*,#14781,.F.);
#14781 = EDGE_CURVE('',#14755,#14700,#14782,.T.);
#14782 = LINE('',#14783,#14784);
#14783 = CARTESIAN_POINT('',(10.12,-8.7,3.43));
#14784 = VECTOR('',#14785,1.);
#14785 = DIRECTION('',(0.,0.,1.));
#14786 = PLANE('',#14787);
#14787 = AXIS2_PLACEMENT_3D('',#14788,#14789,#14790);
#14788 = CARTESIAN_POINT('',(10.22,-8.6,3.43));
#14789 = DIRECTION('',(0.707106781187,-0.707106781187,1.735417226644E-18
    ));
#14790 = DIRECTION('',(-1.227125289148E-18,1.227125289148E-18,1.));
#14791 = ADVANCED_FACE('',(#14792),#14817,.F.);
#14792 = FACE_BOUND('',#14793,.F.);
#14793 = EDGE_LOOP('',(#14794,#14802,#14803,#14811));
#14794 = ORIENTED_EDGE('',*,*,#14795,.F.);
#14795 = EDGE_CURVE('',#13518,#14796,#14798,.T.);
#14796 = VERTEX_POINT('',#14797);
#14797 = CARTESIAN_POINT('',(-0.12,-8.7,3.63));
#14798 = LINE('',#14799,#14800);
#14799 = CARTESIAN_POINT('',(-0.146666666667,-8.673333333333,
    3.603333333333));
#14800 = VECTOR('',#14801,1.);
#14801 = DIRECTION('',(0.57735026919,-0.57735026919,0.57735026919));
#14802 = ORIENTED_EDGE('',*,*,#13517,.T.);
#14803 = ORIENTED_EDGE('',*,*,#14804,.F.);
#14804 = EDGE_CURVE('',#14805,#13520,#14807,.T.);
#14805 = VERTEX_POINT('',#14806);
#14806 = CARTESIAN_POINT('',(-0.12,-8.7,3.87));
#14807 = LINE('',#14808,#14809);
#14808 = CARTESIAN_POINT('',(-4.E-02,-8.78,3.79));
#14809 = VECTOR('',#14810,1.);
#14810 = DIRECTION('',(-0.57735026919,0.57735026919,0.57735026919));
#14811 = ORIENTED_EDGE('',*,*,#14812,.F.);
#14812 = EDGE_CURVE('',#14796,#14805,#14813,.T.);
#14813 = LINE('',#14814,#14815);
#14814 = CARTESIAN_POINT('',(-0.12,-8.7,3.43));
#14815 = VECTOR('',#14816,1.);
#14816 = DIRECTION('',(0.,0.,1.));
#14817 = PLANE('',#14818);
#14818 = AXIS2_PLACEMENT_3D('',#14819,#14820,#14821);
#14819 = CARTESIAN_POINT('',(-0.22,-8.6,3.43));
#14820 = DIRECTION('',(0.707106781187,0.707106781187,-1.735417226644E-18
    ));
#14821 = DIRECTION('',(1.227125289148E-18,1.227125289148E-18,1.));
#14822 = ADVANCED_FACE('',(#14823),#14841,.T.);
#14823 = FACE_BOUND('',#14824,.F.);
#14824 = EDGE_LOOP('',(#14825,#14833,#14834,#14835));
#14825 = ORIENTED_EDGE('',*,*,#14826,.F.);
#14826 = EDGE_CURVE('',#13549,#14827,#14829,.T.);
#14827 = VERTEX_POINT('',#14828);
#14828 = CARTESIAN_POINT('',(0.12,-8.7,3.63));
#14829 = LINE('',#14830,#14831);
#14830 = CARTESIAN_POINT('',(0.253333333333,-8.566666666667,
    3.496666666667));
#14831 = VECTOR('',#14832,1.);
#14832 = DIRECTION('',(-0.57735026919,-0.57735026919,0.57735026919));
#14833 = ORIENTED_EDGE('',*,*,#13558,.T.);
#14834 = ORIENTED_EDGE('',*,*,#14795,.T.);
#14835 = ORIENTED_EDGE('',*,*,#14836,.F.);
#14836 = EDGE_CURVE('',#14827,#14796,#14837,.T.);
#14837 = LINE('',#14838,#14839);
#14838 = CARTESIAN_POINT('',(0.32,-8.7,3.63));
#14839 = VECTOR('',#14840,1.);
#14840 = DIRECTION('',(-1.,1.224646799147E-16,0.));
#14841 = PLANE('',#14842);
#14842 = AXIS2_PLACEMENT_3D('',#14843,#14844,#14845);
#14843 = CARTESIAN_POINT('',(0.32,-8.6,3.53));
#14844 = DIRECTION('',(-8.659560562349E-17,-0.707106781187,
    -0.707106781187));
#14845 = DIRECTION('',(1.,-1.224646799147E-16,2.105272540809E-29));
#14846 = ADVANCED_FACE('',(#14847),#14865,.T.);
#14847 = FACE_BOUND('',#14848,.T.);
#14848 = EDGE_LOOP('',(#14849,#14850,#14851,#14859));
#14849 = ORIENTED_EDGE('',*,*,#14826,.F.);
#14850 = ORIENTED_EDGE('',*,*,#13572,.T.);
#14851 = ORIENTED_EDGE('',*,*,#14852,.F.);
#14852 = EDGE_CURVE('',#14853,#13573,#14855,.T.);
#14853 = VERTEX_POINT('',#14854);
#14854 = CARTESIAN_POINT('',(0.12,-8.7,3.87));
#14855 = LINE('',#14856,#14857);
#14856 = CARTESIAN_POINT('',(0.146666666667,-8.673333333333,
    3.896666666667));
#14857 = VECTOR('',#14858,1.);
#14858 = DIRECTION('',(0.57735026919,0.57735026919,0.57735026919));
#14859 = ORIENTED_EDGE('',*,*,#14860,.F.);
#14860 = EDGE_CURVE('',#14827,#14853,#14861,.T.);
#14861 = LINE('',#14862,#14863);
#14862 = CARTESIAN_POINT('',(0.12,-8.7,3.43));
#14863 = VECTOR('',#14864,1.);
#14864 = DIRECTION('',(0.,0.,1.));
#14865 = PLANE('',#14866);
#14866 = AXIS2_PLACEMENT_3D('',#14867,#14868,#14869);
#14867 = CARTESIAN_POINT('',(0.22,-8.6,3.43));
#14868 = DIRECTION('',(0.707106781187,-0.707106781187,1.735417226644E-18
    ));
#14869 = DIRECTION('',(-1.227125289148E-18,1.227125289148E-18,1.));
#14870 = ADVANCED_FACE('',(#14871),#14882,.T.);
#14871 = FACE_BOUND('',#14872,.F.);
#14872 = EDGE_LOOP('',(#14873,#14874,#14880,#14881));
#14873 = ORIENTED_EDGE('',*,*,#14852,.F.);
#14874 = ORIENTED_EDGE('',*,*,#14875,.T.);
#14875 = EDGE_CURVE('',#14853,#14805,#14876,.T.);
#14876 = LINE('',#14877,#14878);
#14877 = CARTESIAN_POINT('',(0.32,-8.7,3.87));
#14878 = VECTOR('',#14879,1.);
#14879 = DIRECTION('',(-1.,1.224646799147E-16,0.));
#14880 = ORIENTED_EDGE('',*,*,#14804,.T.);
#14881 = ORIENTED_EDGE('',*,*,#13597,.F.);
#14882 = PLANE('',#14883);
#14883 = AXIS2_PLACEMENT_3D('',#14884,#14885,#14886);
#14884 = CARTESIAN_POINT('',(0.32,-8.6,3.97));
#14885 = DIRECTION('',(-8.659560562349E-17,-0.707106781187,
    0.707106781187));
#14886 = DIRECTION('',(1.,-1.224646799147E-16,-2.105272540809E-29));
#14887 = ADVANCED_FACE('',(#14888),#14913,.F.);
#14888 = FACE_BOUND('',#14889,.F.);
#14889 = EDGE_LOOP('',(#14890,#14898,#14899,#14907));
#14890 = ORIENTED_EDGE('',*,*,#14891,.F.);
#14891 = EDGE_CURVE('',#13614,#14892,#14894,.T.);
#14892 = VERTEX_POINT('',#14893);
#14893 = CARTESIAN_POINT('',(2.38,-8.7,3.63));
#14894 = LINE('',#14895,#14896);
#14895 = CARTESIAN_POINT('',(2.353333333333,-8.673333333333,
    3.603333333333));
#14896 = VECTOR('',#14897,1.);
#14897 = DIRECTION('',(0.57735026919,-0.57735026919,0.57735026919));
#14898 = ORIENTED_EDGE('',*,*,#13613,.T.);
#14899 = ORIENTED_EDGE('',*,*,#14900,.T.);
#14900 = EDGE_CURVE('',#13616,#14901,#14903,.T.);
#14901 = VERTEX_POINT('',#14902);
#14902 = CARTESIAN_POINT('',(2.38,-8.7,3.87));
#14903 = LINE('',#14904,#14905);
#14904 = CARTESIAN_POINT('',(2.46,-8.78,3.79));
#14905 = VECTOR('',#14906,1.);
#14906 = DIRECTION('',(0.57735026919,-0.57735026919,-0.57735026919));
#14907 = ORIENTED_EDGE('',*,*,#14908,.F.);
#14908 = EDGE_CURVE('',#14892,#14901,#14909,.T.);
#14909 = LINE('',#14910,#14911);
#14910 = CARTESIAN_POINT('',(2.38,-8.7,3.43));
#14911 = VECTOR('',#14912,1.);
#14912 = DIRECTION('',(0.,0.,1.));
#14913 = PLANE('',#14914);
#14914 = AXIS2_PLACEMENT_3D('',#14915,#14916,#14917);
#14915 = CARTESIAN_POINT('',(2.28,-8.6,3.43));
#14916 = DIRECTION('',(0.707106781187,0.707106781187,-1.735417226644E-18
    ));
#14917 = DIRECTION('',(1.227125289148E-18,1.227125289148E-18,1.));
#14918 = ADVANCED_FACE('',(#14919),#14937,.T.);
#14919 = FACE_BOUND('',#14920,.F.);
#14920 = EDGE_LOOP('',(#14921,#14929,#14930,#14931));
#14921 = ORIENTED_EDGE('',*,*,#14922,.F.);
#14922 = EDGE_CURVE('',#13645,#14923,#14925,.T.);
#14923 = VERTEX_POINT('',#14924);
#14924 = CARTESIAN_POINT('',(2.62,-8.7,3.63));
#14925 = LINE('',#14926,#14927);
#14926 = CARTESIAN_POINT('',(2.753333333333,-8.566666666667,
    3.496666666667));
#14927 = VECTOR('',#14928,1.);
#14928 = DIRECTION('',(-0.57735026919,-0.57735026919,0.57735026919));
#14929 = ORIENTED_EDGE('',*,*,#13654,.T.);
#14930 = ORIENTED_EDGE('',*,*,#14891,.T.);
#14931 = ORIENTED_EDGE('',*,*,#14932,.F.);
#14932 = EDGE_CURVE('',#14923,#14892,#14933,.T.);
#14933 = LINE('',#14934,#14935);
#14934 = CARTESIAN_POINT('',(2.82,-8.7,3.63));
#14935 = VECTOR('',#14936,1.);
#14936 = DIRECTION('',(-1.,1.224646799147E-16,0.));
#14937 = PLANE('',#14938);
#14938 = AXIS2_PLACEMENT_3D('',#14939,#14940,#14941);
#14939 = CARTESIAN_POINT('',(2.82,-8.6,3.53));
#14940 = DIRECTION('',(-8.659560562349E-17,-0.707106781187,
    -0.707106781187));
#14941 = DIRECTION('',(1.,-1.224646799147E-16,2.105272540809E-29));
#14942 = ADVANCED_FACE('',(#14943),#14961,.T.);
#14943 = FACE_BOUND('',#14944,.T.);
#14944 = EDGE_LOOP('',(#14945,#14946,#14947,#14955));
#14945 = ORIENTED_EDGE('',*,*,#14922,.F.);
#14946 = ORIENTED_EDGE('',*,*,#13668,.T.);
#14947 = ORIENTED_EDGE('',*,*,#14948,.T.);
#14948 = EDGE_CURVE('',#13669,#14949,#14951,.T.);
#14949 = VERTEX_POINT('',#14950);
#14950 = CARTESIAN_POINT('',(2.62,-8.7,3.87));
#14951 = LINE('',#14952,#14953);
#14952 = CARTESIAN_POINT('',(2.646666666667,-8.673333333333,
    3.896666666667));
#14953 = VECTOR('',#14954,1.);
#14954 = DIRECTION('',(-0.57735026919,-0.57735026919,-0.57735026919));
#14955 = ORIENTED_EDGE('',*,*,#14956,.F.);
#14956 = EDGE_CURVE('',#14923,#14949,#14957,.T.);
#14957 = LINE('',#14958,#14959);
#14958 = CARTESIAN_POINT('',(2.62,-8.7,3.43));
#14959 = VECTOR('',#14960,1.);
#14960 = DIRECTION('',(0.,0.,1.));
#14961 = PLANE('',#14962);
#14962 = AXIS2_PLACEMENT_3D('',#14963,#14964,#14965);
#14963 = CARTESIAN_POINT('',(2.72,-8.6,3.43));
#14964 = DIRECTION('',(0.707106781187,-0.707106781187,1.735417226644E-18
    ));
#14965 = DIRECTION('',(-1.227125289148E-18,1.227125289148E-18,1.));
#14966 = ADVANCED_FACE('',(#14967),#14978,.T.);
#14967 = FACE_BOUND('',#14968,.T.);
#14968 = EDGE_LOOP('',(#14969,#14970,#14971,#14972));
#14969 = ORIENTED_EDGE('',*,*,#14948,.F.);
#14970 = ORIENTED_EDGE('',*,*,#13693,.T.);
#14971 = ORIENTED_EDGE('',*,*,#14900,.T.);
#14972 = ORIENTED_EDGE('',*,*,#14973,.F.);
#14973 = EDGE_CURVE('',#14949,#14901,#14974,.T.);
#14974 = LINE('',#14975,#14976);
#14975 = CARTESIAN_POINT('',(2.82,-8.7,3.87));
#14976 = VECTOR('',#14977,1.);
#14977 = DIRECTION('',(-1.,1.224646799147E-16,0.));
#14978 = PLANE('',#14979);
#14979 = AXIS2_PLACEMENT_3D('',#14980,#14981,#14982);
#14980 = CARTESIAN_POINT('',(2.82,-8.6,3.97));
#14981 = DIRECTION('',(-8.659560562349E-17,-0.707106781187,
    0.707106781187));
#14982 = DIRECTION('',(-1.,1.224646799147E-16,2.105272540809E-29));
#14983 = ADVANCED_FACE('',(#14984),#15009,.F.);
#14984 = FACE_BOUND('',#14985,.F.);
#14985 = EDGE_LOOP('',(#14986,#14994,#14995,#15003));
#14986 = ORIENTED_EDGE('',*,*,#14987,.F.);
#14987 = EDGE_CURVE('',#13710,#14988,#14990,.T.);
#14988 = VERTEX_POINT('',#14989);
#14989 = CARTESIAN_POINT('',(19.88,-8.7,3.63));
#14990 = LINE('',#14991,#14992);
#14991 = CARTESIAN_POINT('',(19.853333333333,-8.673333333333,
    3.603333333333));
#14992 = VECTOR('',#14993,1.);
#14993 = DIRECTION('',(0.57735026919,-0.57735026919,0.57735026919));
#14994 = ORIENTED_EDGE('',*,*,#13709,.T.);
#14995 = ORIENTED_EDGE('',*,*,#14996,.F.);
#14996 = EDGE_CURVE('',#14997,#13712,#14999,.T.);
#14997 = VERTEX_POINT('',#14998);
#14998 = CARTESIAN_POINT('',(19.88,-8.7,3.87));
#14999 = LINE('',#15000,#15001);
#15000 = CARTESIAN_POINT('',(19.96,-8.78,3.79));
#15001 = VECTOR('',#15002,1.);
#15002 = DIRECTION('',(-0.57735026919,0.57735026919,0.57735026919));
#15003 = ORIENTED_EDGE('',*,*,#15004,.F.);
#15004 = EDGE_CURVE('',#14988,#14997,#15005,.T.);
#15005 = LINE('',#15006,#15007);
#15006 = CARTESIAN_POINT('',(19.88,-8.7,3.43));
#15007 = VECTOR('',#15008,1.);
#15008 = DIRECTION('',(0.,0.,1.));
#15009 = PLANE('',#15010);
#15010 = AXIS2_PLACEMENT_3D('',#15011,#15012,#15013);
#15011 = CARTESIAN_POINT('',(19.78,-8.6,3.43));
#15012 = DIRECTION('',(0.707106781187,0.707106781187,-1.735417226644E-18
    ));
#15013 = DIRECTION('',(1.227125289148E-18,1.227125289148E-18,1.));
#15014 = ADVANCED_FACE('',(#15015),#15033,.T.);
#15015 = FACE_BOUND('',#15016,.F.);
#15016 = EDGE_LOOP('',(#15017,#15025,#15026,#15027));
#15017 = ORIENTED_EDGE('',*,*,#15018,.F.);
#15018 = EDGE_CURVE('',#13741,#15019,#15021,.T.);
#15019 = VERTEX_POINT('',#15020);
#15020 = CARTESIAN_POINT('',(20.12,-8.7,3.63));
#15021 = LINE('',#15022,#15023);
#15022 = CARTESIAN_POINT('',(20.253333333333,-8.566666666667,
    3.496666666667));
#15023 = VECTOR('',#15024,1.);
#15024 = DIRECTION('',(-0.57735026919,-0.57735026919,0.57735026919));
#15025 = ORIENTED_EDGE('',*,*,#13750,.T.);
#15026 = ORIENTED_EDGE('',*,*,#14987,.T.);
#15027 = ORIENTED_EDGE('',*,*,#15028,.F.);
#15028 = EDGE_CURVE('',#15019,#14988,#15029,.T.);
#15029 = LINE('',#15030,#15031);
#15030 = CARTESIAN_POINT('',(20.32,-8.7,3.63));
#15031 = VECTOR('',#15032,1.);
#15032 = DIRECTION('',(-1.,1.224646799147E-16,0.));
#15033 = PLANE('',#15034);
#15034 = AXIS2_PLACEMENT_3D('',#15035,#15036,#15037);
#15035 = CARTESIAN_POINT('',(20.32,-8.6,3.53));
#15036 = DIRECTION('',(-8.659560562349E-17,-0.707106781187,
    -0.707106781187));
#15037 = DIRECTION('',(1.,-1.224646799147E-16,2.105272540809E-29));
#15038 = ADVANCED_FACE('',(#15039),#15057,.T.);
#15039 = FACE_BOUND('',#15040,.T.);
#15040 = EDGE_LOOP('',(#15041,#15042,#15043,#15051));
#15041 = ORIENTED_EDGE('',*,*,#15018,.F.);
#15042 = ORIENTED_EDGE('',*,*,#13764,.T.);
#15043 = ORIENTED_EDGE('',*,*,#15044,.F.);
#15044 = EDGE_CURVE('',#15045,#13765,#15047,.T.);
#15045 = VERTEX_POINT('',#15046);
#15046 = CARTESIAN_POINT('',(20.12,-8.7,3.87));
#15047 = LINE('',#15048,#15049);
#15048 = CARTESIAN_POINT('',(20.146666666667,-8.673333333333,
    3.896666666667));
#15049 = VECTOR('',#15050,1.);
#15050 = DIRECTION('',(0.57735026919,0.57735026919,0.57735026919));
#15051 = ORIENTED_EDGE('',*,*,#15052,.F.);
#15052 = EDGE_CURVE('',#15019,#15045,#15053,.T.);
#15053 = LINE('',#15054,#15055);
#15054 = CARTESIAN_POINT('',(20.12,-8.7,3.43));
#15055 = VECTOR('',#15056,1.);
#15056 = DIRECTION('',(0.,0.,1.));
#15057 = PLANE('',#15058);
#15058 = AXIS2_PLACEMENT_3D('',#15059,#15060,#15061);
#15059 = CARTESIAN_POINT('',(20.22,-8.6,3.43));
#15060 = DIRECTION('',(0.707106781187,-0.707106781187,1.735417226644E-18
    ));
#15061 = DIRECTION('',(-1.227125289148E-18,1.227125289148E-18,1.));
#15062 = ADVANCED_FACE('',(#15063),#15074,.T.);
#15063 = FACE_BOUND('',#15064,.F.);
#15064 = EDGE_LOOP('',(#15065,#15066,#15072,#15073));
#15065 = ORIENTED_EDGE('',*,*,#15044,.F.);
#15066 = ORIENTED_EDGE('',*,*,#15067,.T.);
#15067 = EDGE_CURVE('',#15045,#14997,#15068,.T.);
#15068 = LINE('',#15069,#15070);
#15069 = CARTESIAN_POINT('',(20.32,-8.7,3.87));
#15070 = VECTOR('',#15071,1.);
#15071 = DIRECTION('',(-1.,1.224646799147E-16,0.));
#15072 = ORIENTED_EDGE('',*,*,#14996,.T.);
#15073 = ORIENTED_EDGE('',*,*,#13789,.F.);
#15074 = PLANE('',#15075);
#15075 = AXIS2_PLACEMENT_3D('',#15076,#15077,#15078);
#15076 = CARTESIAN_POINT('',(20.32,-8.6,3.97));
#15077 = DIRECTION('',(-8.659560562349E-17,-0.707106781187,
    0.707106781187));
#15078 = DIRECTION('',(1.,-1.224646799147E-16,-2.105272540809E-29));
#15079 = ADVANCED_FACE('',(#15080),#15086,.F.);
#15080 = FACE_BOUND('',#15081,.F.);
#15081 = EDGE_LOOP('',(#15082,#15083,#15084,#15085));
#15082 = ORIENTED_EDGE('',*,*,#14284,.F.);
#15083 = ORIENTED_EDGE('',*,*,#14260,.T.);
#15084 = ORIENTED_EDGE('',*,*,#14236,.T.);
#15085 = ORIENTED_EDGE('',*,*,#14301,.F.);
#15086 = PLANE('',#15087);
#15087 = AXIS2_PLACEMENT_3D('',#15088,#15089,#15090);
#15088 = CARTESIAN_POINT('',(17.82,-8.7,3.43));
#15089 = DIRECTION('',(1.224646799147E-16,1.,0.));
#15090 = DIRECTION('',(0.,-0.,1.));
#15091 = ADVANCED_FACE('',(#15092),#15098,.F.);
#15092 = FACE_BOUND('',#15093,.F.);
#15093 = EDGE_LOOP('',(#15094,#15095,#15096,#15097));
#15094 = ORIENTED_EDGE('',*,*,#14380,.F.);
#15095 = ORIENTED_EDGE('',*,*,#14356,.T.);
#15096 = ORIENTED_EDGE('',*,*,#14332,.T.);
#15097 = ORIENTED_EDGE('',*,*,#14397,.F.);
#15098 = PLANE('',#15099);
#15099 = AXIS2_PLACEMENT_3D('',#15100,#15101,#15102);
#15100 = CARTESIAN_POINT('',(15.32,-8.7,3.43));
#15101 = DIRECTION('',(1.224646799147E-16,1.,0.));
#15102 = DIRECTION('',(0.,-0.,1.));
#15103 = ADVANCED_FACE('',(#15104),#15110,.F.);
#15104 = FACE_BOUND('',#15105,.F.);
#15105 = EDGE_LOOP('',(#15106,#15107,#15108,#15109));
#15106 = ORIENTED_EDGE('',*,*,#14493,.F.);
#15107 = ORIENTED_EDGE('',*,*,#14476,.T.);
#15108 = ORIENTED_EDGE('',*,*,#14452,.T.);
#15109 = ORIENTED_EDGE('',*,*,#14428,.F.);
#15110 = PLANE('',#15111);
#15111 = AXIS2_PLACEMENT_3D('',#15112,#15113,#15114);
#15112 = CARTESIAN_POINT('',(12.82,-8.7,3.43));
#15113 = DIRECTION('',(1.224646799147E-16,1.,0.));
#15114 = DIRECTION('',(0.,-0.,1.));
#15115 = ADVANCED_FACE('',(#15116),#15122,.F.);
#15116 = FACE_BOUND('',#15117,.F.);
#15117 = EDGE_LOOP('',(#15118,#15119,#15120,#15121));
#15118 = ORIENTED_EDGE('',*,*,#14572,.F.);
#15119 = ORIENTED_EDGE('',*,*,#14548,.T.);
#15120 = ORIENTED_EDGE('',*,*,#14524,.T.);
#15121 = ORIENTED_EDGE('',*,*,#14589,.F.);
#15122 = PLANE('',#15123);
#15123 = AXIS2_PLACEMENT_3D('',#15124,#15125,#15126);
#15124 = CARTESIAN_POINT('',(5.32,-8.7,3.43));
#15125 = DIRECTION('',(1.224646799147E-16,1.,0.));
#15126 = DIRECTION('',(0.,-0.,1.));
#15127 = ADVANCED_FACE('',(#15128),#15134,.F.);
#15128 = FACE_BOUND('',#15129,.F.);
#15129 = EDGE_LOOP('',(#15130,#15131,#15132,#15133));
#15130 = ORIENTED_EDGE('',*,*,#14668,.F.);
#15131 = ORIENTED_EDGE('',*,*,#14644,.T.);
#15132 = ORIENTED_EDGE('',*,*,#14620,.T.);
#15133 = ORIENTED_EDGE('',*,*,#14685,.F.);
#15134 = PLANE('',#15135);
#15135 = AXIS2_PLACEMENT_3D('',#15136,#15137,#15138);
#15136 = CARTESIAN_POINT('',(7.82,-8.7,3.43));
#15137 = DIRECTION('',(1.224646799147E-16,1.,0.));
#15138 = DIRECTION('',(0.,-0.,1.));
#15139 = ADVANCED_FACE('',(#15140),#15146,.F.);
#15140 = FACE_BOUND('',#15141,.F.);
#15141 = EDGE_LOOP('',(#15142,#15143,#15144,#15145));
#15142 = ORIENTED_EDGE('',*,*,#14781,.F.);
#15143 = ORIENTED_EDGE('',*,*,#14764,.T.);
#15144 = ORIENTED_EDGE('',*,*,#14740,.T.);
#15145 = ORIENTED_EDGE('',*,*,#14716,.F.);
#15146 = PLANE('',#15147);
#15147 = AXIS2_PLACEMENT_3D('',#15148,#15149,#15150);
#15148 = CARTESIAN_POINT('',(10.32,-8.7,3.43));
#15149 = DIRECTION('',(1.224646799147E-16,1.,0.));
#15150 = DIRECTION('',(0.,-0.,1.));
#15151 = ADVANCED_FACE('',(#15152),#15158,.F.);
#15152 = FACE_BOUND('',#15153,.F.);
#15153 = EDGE_LOOP('',(#15154,#15155,#15156,#15157));
#15154 = ORIENTED_EDGE('',*,*,#14875,.F.);
#15155 = ORIENTED_EDGE('',*,*,#14860,.F.);
#15156 = ORIENTED_EDGE('',*,*,#14836,.T.);
#15157 = ORIENTED_EDGE('',*,*,#14812,.T.);
#15158 = PLANE('',#15159);
#15159 = AXIS2_PLACEMENT_3D('',#15160,#15161,#15162);
#15160 = CARTESIAN_POINT('',(0.32,-8.7,3.43));
#15161 = DIRECTION('',(1.224646799147E-16,1.,0.));
#15162 = DIRECTION('',(0.,-0.,1.));
#15163 = ADVANCED_FACE('',(#15164),#15170,.F.);
#15164 = FACE_BOUND('',#15165,.F.);
#15165 = EDGE_LOOP('',(#15166,#15167,#15168,#15169));
#15166 = ORIENTED_EDGE('',*,*,#14956,.F.);
#15167 = ORIENTED_EDGE('',*,*,#14932,.T.);
#15168 = ORIENTED_EDGE('',*,*,#14908,.T.);
#15169 = ORIENTED_EDGE('',*,*,#14973,.F.);
#15170 = PLANE('',#15171);
#15171 = AXIS2_PLACEMENT_3D('',#15172,#15173,#15174);
#15172 = CARTESIAN_POINT('',(2.82,-8.7,3.43));
#15173 = DIRECTION('',(1.224646799147E-16,1.,0.));
#15174 = DIRECTION('',(0.,-0.,1.));
#15175 = ADVANCED_FACE('',(#15176),#15182,.F.);
#15176 = FACE_BOUND('',#15177,.F.);
#15177 = EDGE_LOOP('',(#15178,#15179,#15180,#15181));
#15178 = ORIENTED_EDGE('',*,*,#15067,.F.);
#15179 = ORIENTED_EDGE('',*,*,#15052,.F.);
#15180 = ORIENTED_EDGE('',*,*,#15028,.T.);
#15181 = ORIENTED_EDGE('',*,*,#15004,.T.);
#15182 = PLANE('',#15183);
#15183 = AXIS2_PLACEMENT_3D('',#15184,#15185,#15186);
#15184 = CARTESIAN_POINT('',(20.32,-8.7,3.43));
#15185 = DIRECTION('',(1.224646799147E-16,1.,0.));
#15186 = DIRECTION('',(0.,-0.,1.));
#15187 = ( GEOMETRIC_REPRESENTATION_CONTEXT(3) 
GLOBAL_UNCERTAINTY_ASSIGNED_CONTEXT((#15191)) 
GLOBAL_UNIT_ASSIGNED_CONTEXT((#15188,#15189,#15190)) 
REPRESENTATION_CONTEXT('Context #1',
  '3D Context with UNIT and UNCERTAINTY') );
#15188 = ( LENGTH_UNIT() NAMED_UNIT(*) SI_UNIT(.MILLI.,.METRE.) );
#15189 = ( NAMED_UNIT(*) PLANE_ANGLE_UNIT() SI_UNIT($,.RADIAN.) );
#15190 = ( NAMED_UNIT(*) SI_UNIT($,.STERADIAN.) SOLID_ANGLE_UNIT() );
#15191 = UNCERTAINTY_MEASURE_WITH_UNIT(LENGTH_MEASURE(1.E-07),#15188,
  'distance_accuracy_value','confusion accuracy');
#15192 = CONTEXT_DEPENDENT_SHAPE_REPRESENTATION(#15193,#15195);
#15193 = ( REPRESENTATION_RELATIONSHIP('','',#6133,#10) 
REPRESENTATION_RELATIONSHIP_WITH_TRANSFORMATION(#15194) 
SHAPE_REPRESENTATION_RELATIONSHIP() );
#15194 = ITEM_DEFINED_TRANSFORMATION('','',#11,#55);
#15195 = PRODUCT_DEFINITION_SHAPE('Placement','Placement of an item',
  #15196);
#15196 = NEXT_ASSEMBLY_USAGE_OCCURRENCE('11','J1','',#5,#6128,$);
#15197 = PRODUCT_RELATED_PRODUCT_CATEGORY('part',$,(#6130));
#15198 = CONTEXT_DEPENDENT_SHAPE_REPRESENTATION(#15199,#15201);
#15199 = ( REPRESENTATION_RELATIONSHIP('','',#5235,#10) 
REPRESENTATION_RELATIONSHIP_WITH_TRANSFORMATION(#15200) 
SHAPE_REPRESENTATION_RELATIONSHIP() );
#15200 = ITEM_DEFINED_TRANSFORMATION('','',#11,#59);
#15201 = PRODUCT_DEFINITION_SHAPE('Placement','Placement of an item',
  #15202);
#15202 = NEXT_ASSEMBLY_USAGE_OCCURRENCE('12','C2','',#5,#5230,$);
#15203 = SHAPE_DEFINITION_REPRESENTATION(#15204,#15210);
#15204 = PRODUCT_DEFINITION_SHAPE('','',#15205);
#15205 = PRODUCT_DEFINITION('design','',#15206,#15209);
#15206 = PRODUCT_DEFINITION_FORMATION('','',#15207);
#15207 = PRODUCT('BoardB_UI_PCB','BoardB_UI_PCB','',(#15208));
#15208 = PRODUCT_CONTEXT('',#2,'mechanical');
#15209 = PRODUCT_DEFINITION_CONTEXT('part definition',#2,'design');
#15210 = ADVANCED_BREP_SHAPE_REPRESENTATION('',(#11,#15211),#16499);
#15211 = MANIFOLD_SOLID_BREP('',#15212);
#15212 = CLOSED_SHELL('',(#15213,#15253,#15284,#15315,#15646,#15977,
    #15989,#16006,#16023,#16040,#16057,#16074,#16091,#16108,#16125,
    #16142,#16159,#16176,#16198,#16215,#16232,#16244,#16261,#16278,
    #16295,#16312,#16329,#16346,#16363,#16380,#16397,#16414,#16436,
    #16453,#16470,#16482));
#15213 = ADVANCED_FACE('',(#15214),#15248,.T.);
#15214 = FACE_BOUND('',#15215,.T.);
#15215 = EDGE_LOOP('',(#15216,#15226,#15234,#15242));
#15216 = ORIENTED_EDGE('',*,*,#15217,.T.);
#15217 = EDGE_CURVE('',#15218,#15220,#15222,.T.);
#15218 = VERTEX_POINT('',#15219);
#15219 = CARTESIAN_POINT('',(64.,-38.,0.));
#15220 = VERTEX_POINT('',#15221);
#15221 = CARTESIAN_POINT('',(64.,-38.,1.51));
#15222 = LINE('',#15223,#15224);
#15223 = CARTESIAN_POINT('',(64.,-38.,0.));
#15224 = VECTOR('',#15225,1.);
#15225 = DIRECTION('',(0.,0.,1.));
#15226 = ORIENTED_EDGE('',*,*,#15227,.T.);
#15227 = EDGE_CURVE('',#15220,#15228,#15230,.T.);
#15228 = VERTEX_POINT('',#15229);
#15229 = CARTESIAN_POINT('',(0.,-38.,1.51));
#15230 = LINE('',#15231,#15232);
#15231 = CARTESIAN_POINT('',(64.,-38.,1.51));
#15232 = VECTOR('',#15233,1.);
#15233 = DIRECTION('',(-1.,0.,0.));
#15234 = ORIENTED_EDGE('',*,*,#15235,.F.);
#15235 = EDGE_CURVE('',#15236,#15228,#15238,.T.);
#15236 = VERTEX_POINT('',#15237);
#15237 = CARTESIAN_POINT('',(0.,-38.,0.));
#15238 = LINE('',#15239,#15240);
#15239 = CARTESIAN_POINT('',(0.,-38.,0.));
#15240 = VECTOR('',#15241,1.);
#15241 = DIRECTION('',(0.,0.,1.));
#15242 = ORIENTED_EDGE('',*,*,#15243,.F.);
#15243 = EDGE_CURVE('',#15218,#15236,#15244,.T.);
#15244 = LINE('',#15245,#15246);
#15245 = CARTESIAN_POINT('',(64.,-38.,0.));
#15246 = VECTOR('',#15247,1.);
#15247 = DIRECTION('',(-1.,0.,0.));
#15248 = PLANE('',#15249);
#15249 = AXIS2_PLACEMENT_3D('',#15250,#15251,#15252);
#15250 = CARTESIAN_POINT('',(64.,-38.,0.));
#15251 = DIRECTION('',(0.,-1.,0.));
#15252 = DIRECTION('',(-1.,0.,0.));
#15253 = ADVANCED_FACE('',(#15254),#15279,.T.);
#15254 = FACE_BOUND('',#15255,.T.);
#15255 = EDGE_LOOP('',(#15256,#15266,#15272,#15273));
#15256 = ORIENTED_EDGE('',*,*,#15257,.T.);
#15257 = EDGE_CURVE('',#15258,#15260,#15262,.T.);
#15258 = VERTEX_POINT('',#15259);
#15259 = CARTESIAN_POINT('',(64.,-0.,0.));
#15260 = VERTEX_POINT('',#15261);
#15261 = CARTESIAN_POINT('',(64.,0.,1.51));
#15262 = LINE('',#15263,#15264);
#15263 = CARTESIAN_POINT('',(64.,-0.,0.));
#15264 = VECTOR('',#15265,1.);
#15265 = DIRECTION('',(0.,0.,1.));
#15266 = ORIENTED_EDGE('',*,*,#15267,.T.);
#15267 = EDGE_CURVE('',#15260,#15220,#15268,.T.);
#15268 = LINE('',#15269,#15270);
#15269 = CARTESIAN_POINT('',(64.,0.,1.51));
#15270 = VECTOR('',#15271,1.);
#15271 = DIRECTION('',(0.,-1.,0.));
#15272 = ORIENTED_EDGE('',*,*,#15217,.F.);
#15273 = ORIENTED_EDGE('',*,*,#15274,.F.);
#15274 = EDGE_CURVE('',#15258,#15218,#15275,.T.);
#15275 = LINE('',#15276,#15277);
#15276 = CARTESIAN_POINT('',(64.,-0.,0.));
#15277 = VECTOR('',#15278,1.);
#15278 = DIRECTION('',(0.,-1.,0.));
#15279 = PLANE('',#15280);
#15280 = AXIS2_PLACEMENT_3D('',#15281,#15282,#15283);
#15281 = CARTESIAN_POINT('',(64.,-0.,0.));
#15282 = DIRECTION('',(1.,0.,-0.));
#15283 = DIRECTION('',(0.,-1.,0.));
#15284 = ADVANCED_FACE('',(#15285),#15310,.T.);
#15285 = FACE_BOUND('',#15286,.T.);
#15286 = EDGE_LOOP('',(#15287,#15288,#15296,#15304));
#15287 = ORIENTED_EDGE('',*,*,#15235,.T.);
#15288 = ORIENTED_EDGE('',*,*,#15289,.T.);
#15289 = EDGE_CURVE('',#15228,#15290,#15292,.T.);
#15290 = VERTEX_POINT('',#15291);
#15291 = CARTESIAN_POINT('',(0.,0.,1.51));
#15292 = LINE('',#15293,#15294);
#15293 = CARTESIAN_POINT('',(0.,-38.,1.51));
#15294 = VECTOR('',#15295,1.);
#15295 = DIRECTION('',(0.,1.,0.));
#15296 = ORIENTED_EDGE('',*,*,#15297,.F.);
#15297 = EDGE_CURVE('',#15298,#15290,#15300,.T.);
#15298 = VERTEX_POINT('',#15299);
#15299 = CARTESIAN_POINT('',(0.,-0.,0.));
#15300 = LINE('',#15301,#15302);
#15301 = CARTESIAN_POINT('',(0.,-0.,0.));
#15302 = VECTOR('',#15303,1.);
#15303 = DIRECTION('',(0.,0.,1.));
#15304 = ORIENTED_EDGE('',*,*,#15305,.F.);
#15305 = EDGE_CURVE('',#15236,#15298,#15306,.T.);
#15306 = LINE('',#15307,#15308);
#15307 = CARTESIAN_POINT('',(0.,-38.,0.));
#15308 = VECTOR('',#15309,1.);
#15309 = DIRECTION('',(0.,1.,0.));
#15310 = PLANE('',#15311);
#15311 = AXIS2_PLACEMENT_3D('',#15312,#15313,#15314);
#15312 = CARTESIAN_POINT('',(0.,-38.,0.));
#15313 = DIRECTION('',(-1.,0.,0.));
#15314 = DIRECTION('',(0.,1.,0.));
#15315 = ADVANCED_FACE('',(#15316,#15327,#15338,#15349,#15360,#15371,
    #15382,#15393,#15404,#15415,#15426,#15437,#15448,#15484,#15495,
    #15506,#15517,#15528,#15539,#15550,#15561,#15572,#15583,#15594,
    #15630),#15641,.F.);
#15316 = FACE_BOUND('',#15317,.F.);
#15317 = EDGE_LOOP('',(#15318,#15319,#15320,#15326));
#15318 = ORIENTED_EDGE('',*,*,#15243,.F.);
#15319 = ORIENTED_EDGE('',*,*,#15274,.F.);
#15320 = ORIENTED_EDGE('',*,*,#15321,.F.);
#15321 = EDGE_CURVE('',#15298,#15258,#15322,.T.);
#15322 = LINE('',#15323,#15324);
#15323 = CARTESIAN_POINT('',(0.,-0.,0.));
#15324 = VECTOR('',#15325,1.);
#15325 = DIRECTION('',(1.,0.,0.));
#15326 = ORIENTED_EDGE('',*,*,#15305,.F.);
#15327 = FACE_BOUND('',#15328,.F.);
#15328 = EDGE_LOOP('',(#15329));
#15329 = ORIENTED_EDGE('',*,*,#15330,.T.);
#15330 = EDGE_CURVE('',#15331,#15331,#15333,.T.);
#15331 = VERTEX_POINT('',#15332);
#15332 = CARTESIAN_POINT('',(4.,-35.35,0.));
#15333 = CIRCLE('',#15334,1.35);
#15334 = AXIS2_PLACEMENT_3D('',#15335,#15336,#15337);
#15335 = CARTESIAN_POINT('',(4.,-34.,0.));
#15336 = DIRECTION('',(-0.,0.,-1.));
#15337 = DIRECTION('',(-0.,-1.,0.));
#15338 = FACE_BOUND('',#15339,.F.);
#15339 = EDGE_LOOP('',(#15340));
#15340 = ORIENTED_EDGE('',*,*,#15341,.T.);
#15341 = EDGE_CURVE('',#15342,#15342,#15344,.T.);
#15342 = VERTEX_POINT('',#15343);
#15343 = CARTESIAN_POINT('',(20.,-34.475,0.));
#15344 = CIRCLE('',#15345,0.475);
#15345 = AXIS2_PLACEMENT_3D('',#15346,#15347,#15348);
#15346 = CARTESIAN_POINT('',(20.,-34.,0.));
#15347 = DIRECTION('',(-0.,0.,-1.));
#15348 = DIRECTION('',(-0.,-1.,0.));
#15349 = FACE_BOUND('',#15350,.F.);
#15350 = EDGE_LOOP('',(#15351));
#15351 = ORIENTED_EDGE('',*,*,#15352,.T.);
#15352 = EDGE_CURVE('',#15353,#15353,#15355,.T.);
#15353 = VERTEX_POINT('',#15354);
#15354 = CARTESIAN_POINT('',(22.5,-34.475,0.));
#15355 = CIRCLE('',#15356,0.475);
#15356 = AXIS2_PLACEMENT_3D('',#15357,#15358,#15359);
#15357 = CARTESIAN_POINT('',(22.5,-34.,0.));
#15358 = DIRECTION('',(-0.,0.,-1.));
#15359 = DIRECTION('',(-0.,-1.,0.));
#15360 = FACE_BOUND('',#15361,.F.);
#15361 = EDGE_LOOP('',(#15362));
#15362 = ORIENTED_EDGE('',*,*,#15363,.T.);
#15363 = EDGE_CURVE('',#15364,#15364,#15366,.T.);
#15364 = VERTEX_POINT('',#15365);
#15365 = CARTESIAN_POINT('',(25.,-34.475,0.));
#15366 = CIRCLE('',#15367,0.475);
#15367 = AXIS2_PLACEMENT_3D('',#15368,#15369,#15370);
#15368 = CARTESIAN_POINT('',(25.,-34.,0.));
#15369 = DIRECTION('',(-0.,0.,-1.));
#15370 = DIRECTION('',(-0.,-1.,0.));
#15371 = FACE_BOUND('',#15372,.F.);
#15372 = EDGE_LOOP('',(#15373));
#15373 = ORIENTED_EDGE('',*,*,#15374,.T.);
#15374 = EDGE_CURVE('',#15375,#15375,#15377,.T.);
#15375 = VERTEX_POINT('',#15376);
#15376 = CARTESIAN_POINT('',(27.5,-34.475,0.));
#15377 = CIRCLE('',#15378,0.475);
#15378 = AXIS2_PLACEMENT_3D('',#15379,#15380,#15381);
#15379 = CARTESIAN_POINT('',(27.5,-34.,0.));
#15380 = DIRECTION('',(-0.,0.,-1.));
#15381 = DIRECTION('',(-0.,-1.,0.));
#15382 = FACE_BOUND('',#15383,.F.);
#15383 = EDGE_LOOP('',(#15384));
#15384 = ORIENTED_EDGE('',*,*,#15385,.T.);
#15385 = EDGE_CURVE('',#15386,#15386,#15388,.T.);
#15386 = VERTEX_POINT('',#15387);
#15387 = CARTESIAN_POINT('',(30.,-34.475,0.));
#15388 = CIRCLE('',#15389,0.475);
#15389 = AXIS2_PLACEMENT_3D('',#15390,#15391,#15392);
#15390 = CARTESIAN_POINT('',(30.,-34.,0.));
#15391 = DIRECTION('',(-0.,0.,-1.));
#15392 = DIRECTION('',(-0.,-1.,0.));
#15393 = FACE_BOUND('',#15394,.F.);
#15394 = EDGE_LOOP('',(#15395));
#15395 = ORIENTED_EDGE('',*,*,#15396,.T.);
#15396 = EDGE_CURVE('',#15397,#15397,#15399,.T.);
#15397 = VERTEX_POINT('',#15398);
#15398 = CARTESIAN_POINT('',(32.5,-34.475,0.));
#15399 = CIRCLE('',#15400,0.475);
#15400 = AXIS2_PLACEMENT_3D('',#15401,#15402,#15403);
#15401 = CARTESIAN_POINT('',(32.5,-34.,0.));
#15402 = DIRECTION('',(-0.,0.,-1.));
#15403 = DIRECTION('',(-0.,-1.,0.));
#15404 = FACE_BOUND('',#15405,.F.);
#15405 = EDGE_LOOP('',(#15406));
#15406 = ORIENTED_EDGE('',*,*,#15407,.T.);
#15407 = EDGE_CURVE('',#15408,#15408,#15410,.T.);
#15408 = VERTEX_POINT('',#15409);
#15409 = CARTESIAN_POINT('',(35.,-34.475,0.));
#15410 = CIRCLE('',#15411,0.475);
#15411 = AXIS2_PLACEMENT_3D('',#15412,#15413,#15414);
#15412 = CARTESIAN_POINT('',(35.,-34.,0.));
#15413 = DIRECTION('',(-0.,0.,-1.));
#15414 = DIRECTION('',(-0.,-1.,0.));
#15415 = FACE_BOUND('',#15416,.F.);
#15416 = EDGE_LOOP('',(#15417));
#15417 = ORIENTED_EDGE('',*,*,#15418,.T.);
#15418 = EDGE_CURVE('',#15419,#15419,#15421,.T.);
#15419 = VERTEX_POINT('',#15420);
#15420 = CARTESIAN_POINT('',(37.5,-34.475,0.));
#15421 = CIRCLE('',#15422,0.475);
#15422 = AXIS2_PLACEMENT_3D('',#15423,#15424,#15425);
#15423 = CARTESIAN_POINT('',(37.5,-34.,0.));
#15424 = DIRECTION('',(-0.,0.,-1.));
#15425 = DIRECTION('',(-0.,-1.,0.));
#15426 = FACE_BOUND('',#15427,.F.);
#15427 = EDGE_LOOP('',(#15428));
#15428 = ORIENTED_EDGE('',*,*,#15429,.T.);
#15429 = EDGE_CURVE('',#15430,#15430,#15432,.T.);
#15430 = VERTEX_POINT('',#15431);
#15431 = CARTESIAN_POINT('',(40.,-34.475,0.));
#15432 = CIRCLE('',#15433,0.475);
#15433 = AXIS2_PLACEMENT_3D('',#15434,#15435,#15436);
#15434 = CARTESIAN_POINT('',(40.,-34.,0.));
#15435 = DIRECTION('',(-0.,0.,-1.));
#15436 = DIRECTION('',(-0.,-1.,0.));
#15437 = FACE_BOUND('',#15438,.F.);
#15438 = EDGE_LOOP('',(#15439));
#15439 = ORIENTED_EDGE('',*,*,#15440,.T.);
#15440 = EDGE_CURVE('',#15441,#15441,#15443,.T.);
#15441 = VERTEX_POINT('',#15442);
#15442 = CARTESIAN_POINT('',(60.,-35.35,0.));
#15443 = CIRCLE('',#15444,1.35);
#15444 = AXIS2_PLACEMENT_3D('',#15445,#15446,#15447);
#15445 = CARTESIAN_POINT('',(60.,-34.,0.));
#15446 = DIRECTION('',(-0.,0.,-1.));
#15447 = DIRECTION('',(-0.,-1.,0.));
#15448 = FACE_BOUND('',#15449,.F.);
#15449 = EDGE_LOOP('',(#15450,#15461,#15469,#15478));
#15450 = ORIENTED_EDGE('',*,*,#15451,.T.);
#15451 = EDGE_CURVE('',#15452,#15454,#15456,.T.);
#15452 = VERTEX_POINT('',#15453);
#15453 = CARTESIAN_POINT('',(52.15,-27.35,0.));
#15454 = VERTEX_POINT('',#15455);
#15455 = CARTESIAN_POINT('',(52.15,-28.85,0.));
#15456 = CIRCLE('',#15457,0.75);
#15457 = AXIS2_PLACEMENT_3D('',#15458,#15459,#15460);
#15458 = CARTESIAN_POINT('',(52.15,-28.1,0.));
#15459 = DIRECTION('',(-0.,0.,-1.));
#15460 = DIRECTION('',(-0.,-1.,0.));
#15461 = ORIENTED_EDGE('',*,*,#15462,.T.);
#15462 = EDGE_CURVE('',#15454,#15463,#15465,.T.);
#15463 = VERTEX_POINT('',#15464);
#15464 = CARTESIAN_POINT('',(50.85,-28.85,0.));
#15465 = LINE('',#15466,#15467);
#15466 = CARTESIAN_POINT('',(25.425,-28.85,0.));
#15467 = VECTOR('',#15468,1.);
#15468 = DIRECTION('',(-1.,0.,0.));
#15469 = ORIENTED_EDGE('',*,*,#15470,.T.);
#15470 = EDGE_CURVE('',#15463,#15471,#15473,.T.);
#15471 = VERTEX_POINT('',#15472);
#15472 = CARTESIAN_POINT('',(50.85,-27.35,0.));
#15473 = CIRCLE('',#15474,0.75);
#15474 = AXIS2_PLACEMENT_3D('',#15475,#15476,#15477);
#15475 = CARTESIAN_POINT('',(50.85,-28.1,0.));
#15476 = DIRECTION('',(-0.,0.,-1.));
#15477 = DIRECTION('',(0.,1.,0.));
#15478 = ORIENTED_EDGE('',*,*,#15479,.T.);
#15479 = EDGE_CURVE('',#15471,#15452,#15480,.T.);
#15480 = LINE('',#15481,#15482);
#15481 = CARTESIAN_POINT('',(26.075,-27.35,0.));
#15482 = VECTOR('',#15483,1.);
#15483 = DIRECTION('',(1.,0.,-0.));
#15484 = FACE_BOUND('',#15485,.F.);
#15485 = EDGE_LOOP('',(#15486));
#15486 = ORIENTED_EDGE('',*,*,#15487,.T.);
#15487 = EDGE_CURVE('',#15488,#15488,#15490,.T.);
#15488 = VERTEX_POINT('',#15489);
#15489 = CARTESIAN_POINT('',(44.,-25.5,0.));
#15490 = CIRCLE('',#15491,0.5);
#15491 = AXIS2_PLACEMENT_3D('',#15492,#15493,#15494);
#15492 = CARTESIAN_POINT('',(44.,-25.,0.));
#15493 = DIRECTION('',(-0.,0.,-1.));
#15494 = DIRECTION('',(-0.,-1.,0.));
#15495 = FACE_BOUND('',#15496,.F.);
#15496 = EDGE_LOOP('',(#15497));
#15497 = ORIENTED_EDGE('',*,*,#15498,.T.);
#15498 = EDGE_CURVE('',#15499,#15499,#15501,.T.);
#15499 = VERTEX_POINT('',#15500);
#15500 = CARTESIAN_POINT('',(44.,-23.,0.));
#15501 = CIRCLE('',#15502,0.5);
#15502 = AXIS2_PLACEMENT_3D('',#15503,#15504,#15505);
#15503 = CARTESIAN_POINT('',(44.,-22.5,0.));
#15504 = DIRECTION('',(-0.,0.,-1.));
#15505 = DIRECTION('',(-0.,-1.,0.));
#15506 = FACE_BOUND('',#15507,.F.);
#15507 = EDGE_LOOP('',(#15508));
#15508 = ORIENTED_EDGE('',*,*,#15509,.T.);
#15509 = EDGE_CURVE('',#15510,#15510,#15512,.T.);
#15510 = VERTEX_POINT('',#15511);
#15511 = CARTESIAN_POINT('',(44.,-20.5,0.));
#15512 = CIRCLE('',#15513,0.5);
#15513 = AXIS2_PLACEMENT_3D('',#15514,#15515,#15516);
#15514 = CARTESIAN_POINT('',(44.,-20.,0.));
#15515 = DIRECTION('',(-0.,0.,-1.));
#15516 = DIRECTION('',(-0.,-1.,0.));
#15517 = FACE_BOUND('',#15518,.F.);
#15518 = EDGE_LOOP('',(#15519));
#15519 = ORIENTED_EDGE('',*,*,#15520,.T.);
#15520 = EDGE_CURVE('',#15521,#15521,#15523,.T.);
#15521 = VERTEX_POINT('',#15522);
#15522 = CARTESIAN_POINT('',(58.5,-25.5,0.));
#15523 = CIRCLE('',#15524,0.5);
#15524 = AXIS2_PLACEMENT_3D('',#15525,#15526,#15527);
#15525 = CARTESIAN_POINT('',(58.5,-25.,0.));
#15526 = DIRECTION('',(-0.,0.,-1.));
#15527 = DIRECTION('',(-0.,-1.,0.));
#15528 = FACE_BOUND('',#15529,.F.);
#15529 = EDGE_LOOP('',(#15530));
#15530 = ORIENTED_EDGE('',*,*,#15531,.T.);
#15531 = EDGE_CURVE('',#15532,#15532,#15534,.T.);
#15532 = VERTEX_POINT('',#15533);
#15533 = CARTESIAN_POINT('',(58.5,-20.5,0.));
#15534 = CIRCLE('',#15535,0.5);
#15535 = AXIS2_PLACEMENT_3D('',#15536,#15537,#15538);
#15536 = CARTESIAN_POINT('',(58.5,-20.,0.));
#15537 = DIRECTION('',(-0.,0.,-1.));
#15538 = DIRECTION('',(-0.,-1.,0.));
#15539 = FACE_BOUND('',#15540,.F.);
#15540 = EDGE_LOOP('',(#15541));
#15541 = ORIENTED_EDGE('',*,*,#15542,.T.);
#15542 = EDGE_CURVE('',#15543,#15543,#15545,.T.);
#15543 = VERTEX_POINT('',#15544);
#15544 = CARTESIAN_POINT('',(12.,-18.12,0.));
#15545 = CIRCLE('',#15546,0.5);
#15546 = AXIS2_PLACEMENT_3D('',#15547,#15548,#15549);
#15547 = CARTESIAN_POINT('',(12.,-17.62,0.));
#15548 = DIRECTION('',(-0.,0.,-1.));
#15549 = DIRECTION('',(-0.,-1.,0.));
#15550 = FACE_BOUND('',#15551,.F.);
#15551 = EDGE_LOOP('',(#15552));
#15552 = ORIENTED_EDGE('',*,*,#15553,.T.);
#15553 = EDGE_CURVE('',#15554,#15554,#15556,.T.);
#15554 = VERTEX_POINT('',#15555);
#15555 = CARTESIAN_POINT('',(12.,-15.58,0.));
#15556 = CIRCLE('',#15557,0.5);
#15557 = AXIS2_PLACEMENT_3D('',#15558,#15559,#15560);
#15558 = CARTESIAN_POINT('',(12.,-15.08,0.));
#15559 = DIRECTION('',(-0.,0.,-1.));
#15560 = DIRECTION('',(-0.,-1.,0.));
#15561 = FACE_BOUND('',#15562,.F.);
#15562 = EDGE_LOOP('',(#15563));
#15563 = ORIENTED_EDGE('',*,*,#15564,.T.);
#15564 = EDGE_CURVE('',#15565,#15565,#15567,.T.);
#15565 = VERTEX_POINT('',#15566);
#15566 = CARTESIAN_POINT('',(12.,-13.04,0.));
#15567 = CIRCLE('',#15568,0.5);
#15568 = AXIS2_PLACEMENT_3D('',#15569,#15570,#15571);
#15569 = CARTESIAN_POINT('',(12.,-12.54,0.));
#15570 = DIRECTION('',(-0.,0.,-1.));
#15571 = DIRECTION('',(-0.,-1.,0.));
#15572 = FACE_BOUND('',#15573,.F.);
#15573 = EDGE_LOOP('',(#15574));
#15574 = ORIENTED_EDGE('',*,*,#15575,.T.);
#15575 = EDGE_CURVE('',#15576,#15576,#15578,.T.);
#15576 = VERTEX_POINT('',#15577);
#15577 = CARTESIAN_POINT('',(12.,-10.5,0.));
#15578 = CIRCLE('',#15579,0.5);
#15579 = AXIS2_PLACEMENT_3D('',#15580,#15581,#15582);
#15580 = CARTESIAN_POINT('',(12.,-10.,0.));
#15581 = DIRECTION('',(-0.,0.,-1.));
#15582 = DIRECTION('',(-0.,-1.,0.));
#15583 = FACE_BOUND('',#15584,.F.);
#15584 = EDGE_LOOP('',(#15585));
#15585 = ORIENTED_EDGE('',*,*,#15586,.T.);
#15586 = EDGE_CURVE('',#15587,#15587,#15589,.T.);
#15587 = VERTEX_POINT('',#15588);
#15588 = CARTESIAN_POINT('',(4.,-5.35,0.));
#15589 = CIRCLE('',#15590,1.35);
#15590 = AXIS2_PLACEMENT_3D('',#15591,#15592,#15593);
#15591 = CARTESIAN_POINT('',(4.,-4.,0.));
#15592 = DIRECTION('',(-0.,0.,-1.));
#15593 = DIRECTION('',(-0.,-1.,0.));
#15594 = FACE_BOUND('',#15595,.F.);
#15595 = EDGE_LOOP('',(#15596,#15607,#15615,#15624));
#15596 = ORIENTED_EDGE('',*,*,#15597,.T.);
#15597 = EDGE_CURVE('',#15598,#15600,#15602,.T.);
#15598 = VERTEX_POINT('',#15599);
#15599 = CARTESIAN_POINT('',(52.15,-16.15,0.));
#15600 = VERTEX_POINT('',#15601);
#15601 = CARTESIAN_POINT('',(52.15,-17.65,0.));
#15602 = CIRCLE('',#15603,0.75);
#15603 = AXIS2_PLACEMENT_3D('',#15604,#15605,#15606);
#15604 = CARTESIAN_POINT('',(52.15,-16.9,0.));
#15605 = DIRECTION('',(-0.,0.,-1.));
#15606 = DIRECTION('',(-0.,-1.,0.));
#15607 = ORIENTED_EDGE('',*,*,#15608,.T.);
#15608 = EDGE_CURVE('',#15600,#15609,#15611,.T.);
#15609 = VERTEX_POINT('',#15610);
#15610 = CARTESIAN_POINT('',(50.85,-17.65,0.));
#15611 = LINE('',#15612,#15613);
#15612 = CARTESIAN_POINT('',(25.425,-17.65,0.));
#15613 = VECTOR('',#15614,1.);
#15614 = DIRECTION('',(-1.,0.,0.));
#15615 = ORIENTED_EDGE('',*,*,#15616,.T.);
#15616 = EDGE_CURVE('',#15609,#15617,#15619,.T.);
#15617 = VERTEX_POINT('',#15618);
#15618 = CARTESIAN_POINT('',(50.85,-16.15,0.));
#15619 = CIRCLE('',#15620,0.75);
#15620 = AXIS2_PLACEMENT_3D('',#15621,#15622,#15623);
#15621 = CARTESIAN_POINT('',(50.85,-16.9,0.));
#15622 = DIRECTION('',(-0.,0.,-1.));
#15623 = DIRECTION('',(0.,1.,0.));
#15624 = ORIENTED_EDGE('',*,*,#15625,.T.);
#15625 = EDGE_CURVE('',#15617,#15598,#15626,.T.);
#15626 = LINE('',#15627,#15628);
#15627 = CARTESIAN_POINT('',(26.075,-16.15,0.));
#15628 = VECTOR('',#15629,1.);
#15629 = DIRECTION('',(1.,0.,-0.));
#15630 = FACE_BOUND('',#15631,.F.);
#15631 = EDGE_LOOP('',(#15632));
#15632 = ORIENTED_EDGE('',*,*,#15633,.T.);
#15633 = EDGE_CURVE('',#15634,#15634,#15636,.T.);
#15634 = VERTEX_POINT('',#15635);
#15635 = CARTESIAN_POINT('',(60.,-5.35,0.));
#15636 = CIRCLE('',#15637,1.35);
#15637 = AXIS2_PLACEMENT_3D('',#15638,#15639,#15640);
#15638 = CARTESIAN_POINT('',(60.,-4.,0.));
#15639 = DIRECTION('',(-0.,0.,-1.));
#15640 = DIRECTION('',(-0.,-1.,0.));
#15641 = PLANE('',#15642);
#15642 = AXIS2_PLACEMENT_3D('',#15643,#15644,#15645);
#15643 = CARTESIAN_POINT('',(0.,0.,0.));
#15644 = DIRECTION('',(0.,0.,1.));
#15645 = DIRECTION('',(1.,0.,-0.));
#15646 = ADVANCED_FACE('',(#15647,#15658,#15669,#15680,#15691,#15702,
    #15713,#15724,#15735,#15746,#15757,#15768,#15779,#15815,#15826,
    #15837,#15848,#15859,#15870,#15881,#15892,#15903,#15914,#15925,
    #15961),#15972,.T.);
#15647 = FACE_BOUND('',#15648,.T.);
#15648 = EDGE_LOOP('',(#15649,#15650,#15651,#15657));
#15649 = ORIENTED_EDGE('',*,*,#15227,.F.);
#15650 = ORIENTED_EDGE('',*,*,#15267,.F.);
#15651 = ORIENTED_EDGE('',*,*,#15652,.F.);
#15652 = EDGE_CURVE('',#15290,#15260,#15653,.T.);
#15653 = LINE('',#15654,#15655);
#15654 = CARTESIAN_POINT('',(0.,0.,1.51));
#15655 = VECTOR('',#15656,1.);
#15656 = DIRECTION('',(1.,0.,0.));
#15657 = ORIENTED_EDGE('',*,*,#15289,.F.);
#15658 = FACE_BOUND('',#15659,.T.);
#15659 = EDGE_LOOP('',(#15660));
#15660 = ORIENTED_EDGE('',*,*,#15661,.T.);
#15661 = EDGE_CURVE('',#15662,#15662,#15664,.T.);
#15662 = VERTEX_POINT('',#15663);
#15663 = CARTESIAN_POINT('',(4.,-35.35,1.51));
#15664 = CIRCLE('',#15665,1.35);
#15665 = AXIS2_PLACEMENT_3D('',#15666,#15667,#15668);
#15666 = CARTESIAN_POINT('',(4.,-34.,1.51));
#15667 = DIRECTION('',(-0.,0.,-1.));
#15668 = DIRECTION('',(-0.,-1.,0.));
#15669 = FACE_BOUND('',#15670,.T.);
#15670 = EDGE_LOOP('',(#15671));
#15671 = ORIENTED_EDGE('',*,*,#15672,.T.);
#15672 = EDGE_CURVE('',#15673,#15673,#15675,.T.);
#15673 = VERTEX_POINT('',#15674);
#15674 = CARTESIAN_POINT('',(20.,-34.475,1.51));
#15675 = CIRCLE('',#15676,0.475);
#15676 = AXIS2_PLACEMENT_3D('',#15677,#15678,#15679);
#15677 = CARTESIAN_POINT('',(20.,-34.,1.51));
#15678 = DIRECTION('',(-0.,0.,-1.));
#15679 = DIRECTION('',(-0.,-1.,0.));
#15680 = FACE_BOUND('',#15681,.T.);
#15681 = EDGE_LOOP('',(#15682));
#15682 = ORIENTED_EDGE('',*,*,#15683,.T.);
#15683 = EDGE_CURVE('',#15684,#15684,#15686,.T.);
#15684 = VERTEX_POINT('',#15685);
#15685 = CARTESIAN_POINT('',(22.5,-34.475,1.51));
#15686 = CIRCLE('',#15687,0.475);
#15687 = AXIS2_PLACEMENT_3D('',#15688,#15689,#15690);
#15688 = CARTESIAN_POINT('',(22.5,-34.,1.51));
#15689 = DIRECTION('',(-0.,0.,-1.));
#15690 = DIRECTION('',(-0.,-1.,0.));
#15691 = FACE_BOUND('',#15692,.T.);
#15692 = EDGE_LOOP('',(#15693));
#15693 = ORIENTED_EDGE('',*,*,#15694,.T.);
#15694 = EDGE_CURVE('',#15695,#15695,#15697,.T.);
#15695 = VERTEX_POINT('',#15696);
#15696 = CARTESIAN_POINT('',(25.,-34.475,1.51));
#15697 = CIRCLE('',#15698,0.475);
#15698 = AXIS2_PLACEMENT_3D('',#15699,#15700,#15701);
#15699 = CARTESIAN_POINT('',(25.,-34.,1.51));
#15700 = DIRECTION('',(-0.,0.,-1.));
#15701 = DIRECTION('',(-0.,-1.,0.));
#15702 = FACE_BOUND('',#15703,.T.);
#15703 = EDGE_LOOP('',(#15704));
#15704 = ORIENTED_EDGE('',*,*,#15705,.T.);
#15705 = EDGE_CURVE('',#15706,#15706,#15708,.T.);
#15706 = VERTEX_POINT('',#15707);
#15707 = CARTESIAN_POINT('',(27.5,-34.475,1.51));
#15708 = CIRCLE('',#15709,0.475);
#15709 = AXIS2_PLACEMENT_3D('',#15710,#15711,#15712);
#15710 = CARTESIAN_POINT('',(27.5,-34.,1.51));
#15711 = DIRECTION('',(-0.,0.,-1.));
#15712 = DIRECTION('',(-0.,-1.,0.));
#15713 = FACE_BOUND('',#15714,.T.);
#15714 = EDGE_LOOP('',(#15715));
#15715 = ORIENTED_EDGE('',*,*,#15716,.T.);
#15716 = EDGE_CURVE('',#15717,#15717,#15719,.T.);
#15717 = VERTEX_POINT('',#15718);
#15718 = CARTESIAN_POINT('',(30.,-34.475,1.51));
#15719 = CIRCLE('',#15720,0.475);
#15720 = AXIS2_PLACEMENT_3D('',#15721,#15722,#15723);
#15721 = CARTESIAN_POINT('',(30.,-34.,1.51));
#15722 = DIRECTION('',(-0.,0.,-1.));
#15723 = DIRECTION('',(-0.,-1.,0.));
#15724 = FACE_BOUND('',#15725,.T.);
#15725 = EDGE_LOOP('',(#15726));
#15726 = ORIENTED_EDGE('',*,*,#15727,.T.);
#15727 = EDGE_CURVE('',#15728,#15728,#15730,.T.);
#15728 = VERTEX_POINT('',#15729);
#15729 = CARTESIAN_POINT('',(32.5,-34.475,1.51));
#15730 = CIRCLE('',#15731,0.475);
#15731 = AXIS2_PLACEMENT_3D('',#15732,#15733,#15734);
#15732 = CARTESIAN_POINT('',(32.5,-34.,1.51));
#15733 = DIRECTION('',(-0.,0.,-1.));
#15734 = DIRECTION('',(-0.,-1.,0.));
#15735 = FACE_BOUND('',#15736,.T.);
#15736 = EDGE_LOOP('',(#15737));
#15737 = ORIENTED_EDGE('',*,*,#15738,.T.);
#15738 = EDGE_CURVE('',#15739,#15739,#15741,.T.);
#15739 = VERTEX_POINT('',#15740);
#15740 = CARTESIAN_POINT('',(35.,-34.475,1.51));
#15741 = CIRCLE('',#15742,0.475);
#15742 = AXIS2_PLACEMENT_3D('',#15743,#15744,#15745);
#15743 = CARTESIAN_POINT('',(35.,-34.,1.51));
#15744 = DIRECTION('',(-0.,0.,-1.));
#15745 = DIRECTION('',(-0.,-1.,0.));
#15746 = FACE_BOUND('',#15747,.T.);
#15747 = EDGE_LOOP('',(#15748));
#15748 = ORIENTED_EDGE('',*,*,#15749,.T.);
#15749 = EDGE_CURVE('',#15750,#15750,#15752,.T.);
#15750 = VERTEX_POINT('',#15751);
#15751 = CARTESIAN_POINT('',(37.5,-34.475,1.51));
#15752 = CIRCLE('',#15753,0.475);
#15753 = AXIS2_PLACEMENT_3D('',#15754,#15755,#15756);
#15754 = CARTESIAN_POINT('',(37.5,-34.,1.51));
#15755 = DIRECTION('',(-0.,0.,-1.));
#15756 = DIRECTION('',(-0.,-1.,0.));
#15757 = FACE_BOUND('',#15758,.T.);
#15758 = EDGE_LOOP('',(#15759));
#15759 = ORIENTED_EDGE('',*,*,#15760,.T.);
#15760 = EDGE_CURVE('',#15761,#15761,#15763,.T.);
#15761 = VERTEX_POINT('',#15762);
#15762 = CARTESIAN_POINT('',(40.,-34.475,1.51));
#15763 = CIRCLE('',#15764,0.475);
#15764 = AXIS2_PLACEMENT_3D('',#15765,#15766,#15767);
#15765 = CARTESIAN_POINT('',(40.,-34.,1.51));
#15766 = DIRECTION('',(-0.,0.,-1.));
#15767 = DIRECTION('',(-0.,-1.,0.));
#15768 = FACE_BOUND('',#15769,.T.);
#15769 = EDGE_LOOP('',(#15770));
#15770 = ORIENTED_EDGE('',*,*,#15771,.T.);
#15771 = EDGE_CURVE('',#15772,#15772,#15774,.T.);
#15772 = VERTEX_POINT('',#15773);
#15773 = CARTESIAN_POINT('',(60.,-35.35,1.51));
#15774 = CIRCLE('',#15775,1.35);
#15775 = AXIS2_PLACEMENT_3D('',#15776,#15777,#15778);
#15776 = CARTESIAN_POINT('',(60.,-34.,1.51));
#15777 = DIRECTION('',(-0.,0.,-1.));
#15778 = DIRECTION('',(-0.,-1.,0.));
#15779 = FACE_BOUND('',#15780,.T.);
#15780 = EDGE_LOOP('',(#15781,#15792,#15800,#15809));
#15781 = ORIENTED_EDGE('',*,*,#15782,.T.);
#15782 = EDGE_CURVE('',#15783,#15785,#15787,.T.);
#15783 = VERTEX_POINT('',#15784);
#15784 = CARTESIAN_POINT('',(52.15,-27.35,1.51));
#15785 = VERTEX_POINT('',#15786);
#15786 = CARTESIAN_POINT('',(52.15,-28.85,1.51));
#15787 = CIRCLE('',#15788,0.75);
#15788 = AXIS2_PLACEMENT_3D('',#15789,#15790,#15791);
#15789 = CARTESIAN_POINT('',(52.15,-28.1,1.51));
#15790 = DIRECTION('',(-0.,0.,-1.));
#15791 = DIRECTION('',(-0.,-1.,0.));
#15792 = ORIENTED_EDGE('',*,*,#15793,.T.);
#15793 = EDGE_CURVE('',#15785,#15794,#15796,.T.);
#15794 = VERTEX_POINT('',#15795);
#15795 = CARTESIAN_POINT('',(50.85,-28.85,1.51));
#15796 = LINE('',#15797,#15798);
#15797 = CARTESIAN_POINT('',(25.425,-28.85,1.51));
#15798 = VECTOR('',#15799,1.);
#15799 = DIRECTION('',(-1.,0.,0.));
#15800 = ORIENTED_EDGE('',*,*,#15801,.T.);
#15801 = EDGE_CURVE('',#15794,#15802,#15804,.T.);
#15802 = VERTEX_POINT('',#15803);
#15803 = CARTESIAN_POINT('',(50.85,-27.35,1.51));
#15804 = CIRCLE('',#15805,0.75);
#15805 = AXIS2_PLACEMENT_3D('',#15806,#15807,#15808);
#15806 = CARTESIAN_POINT('',(50.85,-28.1,1.51));
#15807 = DIRECTION('',(-0.,0.,-1.));
#15808 = DIRECTION('',(0.,1.,0.));
#15809 = ORIENTED_EDGE('',*,*,#15810,.T.);
#15810 = EDGE_CURVE('',#15802,#15783,#15811,.T.);
#15811 = LINE('',#15812,#15813);
#15812 = CARTESIAN_POINT('',(26.075,-27.35,1.51));
#15813 = VECTOR('',#15814,1.);
#15814 = DIRECTION('',(1.,0.,-0.));
#15815 = FACE_BOUND('',#15816,.T.);
#15816 = EDGE_LOOP('',(#15817));
#15817 = ORIENTED_EDGE('',*,*,#15818,.T.);
#15818 = EDGE_CURVE('',#15819,#15819,#15821,.T.);
#15819 = VERTEX_POINT('',#15820);
#15820 = CARTESIAN_POINT('',(44.,-25.5,1.51));
#15821 = CIRCLE('',#15822,0.5);
#15822 = AXIS2_PLACEMENT_3D('',#15823,#15824,#15825);
#15823 = CARTESIAN_POINT('',(44.,-25.,1.51));
#15824 = DIRECTION('',(-0.,0.,-1.));
#15825 = DIRECTION('',(-0.,-1.,0.));
#15826 = FACE_BOUND('',#15827,.T.);
#15827 = EDGE_LOOP('',(#15828));
#15828 = ORIENTED_EDGE('',*,*,#15829,.T.);
#15829 = EDGE_CURVE('',#15830,#15830,#15832,.T.);
#15830 = VERTEX_POINT('',#15831);
#15831 = CARTESIAN_POINT('',(44.,-23.,1.51));
#15832 = CIRCLE('',#15833,0.5);
#15833 = AXIS2_PLACEMENT_3D('',#15834,#15835,#15836);
#15834 = CARTESIAN_POINT('',(44.,-22.5,1.51));
#15835 = DIRECTION('',(-0.,0.,-1.));
#15836 = DIRECTION('',(-0.,-1.,0.));
#15837 = FACE_BOUND('',#15838,.T.);
#15838 = EDGE_LOOP('',(#15839));
#15839 = ORIENTED_EDGE('',*,*,#15840,.T.);
#15840 = EDGE_CURVE('',#15841,#15841,#15843,.T.);
#15841 = VERTEX_POINT('',#15842);
#15842 = CARTESIAN_POINT('',(44.,-20.5,1.51));
#15843 = CIRCLE('',#15844,0.5);
#15844 = AXIS2_PLACEMENT_3D('',#15845,#15846,#15847);
#15845 = CARTESIAN_POINT('',(44.,-20.,1.51));
#15846 = DIRECTION('',(-0.,0.,-1.));
#15847 = DIRECTION('',(-0.,-1.,0.));
#15848 = FACE_BOUND('',#15849,.T.);
#15849 = EDGE_LOOP('',(#15850));
#15850 = ORIENTED_EDGE('',*,*,#15851,.T.);
#15851 = EDGE_CURVE('',#15852,#15852,#15854,.T.);
#15852 = VERTEX_POINT('',#15853);
#15853 = CARTESIAN_POINT('',(58.5,-25.5,1.51));
#15854 = CIRCLE('',#15855,0.5);
#15855 = AXIS2_PLACEMENT_3D('',#15856,#15857,#15858);
#15856 = CARTESIAN_POINT('',(58.5,-25.,1.51));
#15857 = DIRECTION('',(-0.,0.,-1.));
#15858 = DIRECTION('',(-0.,-1.,0.));
#15859 = FACE_BOUND('',#15860,.T.);
#15860 = EDGE_LOOP('',(#15861));
#15861 = ORIENTED_EDGE('',*,*,#15862,.T.);
#15862 = EDGE_CURVE('',#15863,#15863,#15865,.T.);
#15863 = VERTEX_POINT('',#15864);
#15864 = CARTESIAN_POINT('',(58.5,-20.5,1.51));
#15865 = CIRCLE('',#15866,0.5);
#15866 = AXIS2_PLACEMENT_3D('',#15867,#15868,#15869);
#15867 = CARTESIAN_POINT('',(58.5,-20.,1.51));
#15868 = DIRECTION('',(-0.,0.,-1.));
#15869 = DIRECTION('',(-0.,-1.,0.));
#15870 = FACE_BOUND('',#15871,.T.);
#15871 = EDGE_LOOP('',(#15872));
#15872 = ORIENTED_EDGE('',*,*,#15873,.T.);
#15873 = EDGE_CURVE('',#15874,#15874,#15876,.T.);
#15874 = VERTEX_POINT('',#15875);
#15875 = CARTESIAN_POINT('',(12.,-18.12,1.51));
#15876 = CIRCLE('',#15877,0.5);
#15877 = AXIS2_PLACEMENT_3D('',#15878,#15879,#15880);
#15878 = CARTESIAN_POINT('',(12.,-17.62,1.51));
#15879 = DIRECTION('',(-0.,0.,-1.));
#15880 = DIRECTION('',(-0.,-1.,0.));
#15881 = FACE_BOUND('',#15882,.T.);
#15882 = EDGE_LOOP('',(#15883));
#15883 = ORIENTED_EDGE('',*,*,#15884,.T.);
#15884 = EDGE_CURVE('',#15885,#15885,#15887,.T.);
#15885 = VERTEX_POINT('',#15886);
#15886 = CARTESIAN_POINT('',(12.,-15.58,1.51));
#15887 = CIRCLE('',#15888,0.5);
#15888 = AXIS2_PLACEMENT_3D('',#15889,#15890,#15891);
#15889 = CARTESIAN_POINT('',(12.,-15.08,1.51));
#15890 = DIRECTION('',(-0.,0.,-1.));
#15891 = DIRECTION('',(-0.,-1.,0.));
#15892 = FACE_BOUND('',#15893,.T.);
#15893 = EDGE_LOOP('',(#15894));
#15894 = ORIENTED_EDGE('',*,*,#15895,.T.);
#15895 = EDGE_CURVE('',#15896,#15896,#15898,.T.);
#15896 = VERTEX_POINT('',#15897);
#15897 = CARTESIAN_POINT('',(12.,-13.04,1.51));
#15898 = CIRCLE('',#15899,0.5);
#15899 = AXIS2_PLACEMENT_3D('',#15900,#15901,#15902);
#15900 = CARTESIAN_POINT('',(12.,-12.54,1.51));
#15901 = DIRECTION('',(-0.,0.,-1.));
#15902 = DIRECTION('',(-0.,-1.,0.));
#15903 = FACE_BOUND('',#15904,.T.);
#15904 = EDGE_LOOP('',(#15905));
#15905 = ORIENTED_EDGE('',*,*,#15906,.T.);
#15906 = EDGE_CURVE('',#15907,#15907,#15909,.T.);
#15907 = VERTEX_POINT('',#15908);
#15908 = CARTESIAN_POINT('',(12.,-10.5,1.51));
#15909 = CIRCLE('',#15910,0.5);
#15910 = AXIS2_PLACEMENT_3D('',#15911,#15912,#15913);
#15911 = CARTESIAN_POINT('',(12.,-10.,1.51));
#15912 = DIRECTION('',(-0.,0.,-1.));
#15913 = DIRECTION('',(-0.,-1.,0.));
#15914 = FACE_BOUND('',#15915,.T.);
#15915 = EDGE_LOOP('',(#15916));
#15916 = ORIENTED_EDGE('',*,*,#15917,.T.);
#15917 = EDGE_CURVE('',#15918,#15918,#15920,.T.);
#15918 = VERTEX_POINT('',#15919);
#15919 = CARTESIAN_POINT('',(4.,-5.35,1.51));
#15920 = CIRCLE('',#15921,1.35);
#15921 = AXIS2_PLACEMENT_3D('',#15922,#15923,#15924);
#15922 = CARTESIAN_POINT('',(4.,-4.,1.51));
#15923 = DIRECTION('',(-0.,0.,-1.));
#15924 = DIRECTION('',(-0.,-1.,0.));
#15925 = FACE_BOUND('',#15926,.T.);
#15926 = EDGE_LOOP('',(#15927,#15938,#15946,#15955));
#15927 = ORIENTED_EDGE('',*,*,#15928,.T.);
#15928 = EDGE_CURVE('',#15929,#15931,#15933,.T.);
#15929 = VERTEX_POINT('',#15930);
#15930 = CARTESIAN_POINT('',(52.15,-16.15,1.51));
#15931 = VERTEX_POINT('',#15932);
#15932 = CARTESIAN_POINT('',(52.15,-17.65,1.51));
#15933 = CIRCLE('',#15934,0.75);
#15934 = AXIS2_PLACEMENT_3D('',#15935,#15936,#15937);
#15935 = CARTESIAN_POINT('',(52.15,-16.9,1.51));
#15936 = DIRECTION('',(-0.,0.,-1.));
#15937 = DIRECTION('',(-0.,-1.,0.));
#15938 = ORIENTED_EDGE('',*,*,#15939,.T.);
#15939 = EDGE_CURVE('',#15931,#15940,#15942,.T.);
#15940 = VERTEX_POINT('',#15941);
#15941 = CARTESIAN_POINT('',(50.85,-17.65,1.51));
#15942 = LINE('',#15943,#15944);
#15943 = CARTESIAN_POINT('',(25.425,-17.65,1.51));
#15944 = VECTOR('',#15945,1.);
#15945 = DIRECTION('',(-1.,0.,0.));
#15946 = ORIENTED_EDGE('',*,*,#15947,.T.);
#15947 = EDGE_CURVE('',#15940,#15948,#15950,.T.);
#15948 = VERTEX_POINT('',#15949);
#15949 = CARTESIAN_POINT('',(50.85,-16.15,1.51));
#15950 = CIRCLE('',#15951,0.75);
#15951 = AXIS2_PLACEMENT_3D('',#15952,#15953,#15954);
#15952 = CARTESIAN_POINT('',(50.85,-16.9,1.51));
#15953 = DIRECTION('',(-0.,0.,-1.));
#15954 = DIRECTION('',(0.,1.,0.));
#15955 = ORIENTED_EDGE('',*,*,#15956,.T.);
#15956 = EDGE_CURVE('',#15948,#15929,#15957,.T.);
#15957 = LINE('',#15958,#15959);
#15958 = CARTESIAN_POINT('',(26.075,-16.15,1.51));
#15959 = VECTOR('',#15960,1.);
#15960 = DIRECTION('',(1.,0.,-0.));
#15961 = FACE_BOUND('',#15962,.T.);
#15962 = EDGE_LOOP('',(#15963));
#15963 = ORIENTED_EDGE('',*,*,#15964,.T.);
#15964 = EDGE_CURVE('',#15965,#15965,#15967,.T.);
#15965 = VERTEX_POINT('',#15966);
#15966 = CARTESIAN_POINT('',(60.,-5.35,1.51));
#15967 = CIRCLE('',#15968,1.35);
#15968 = AXIS2_PLACEMENT_3D('',#15969,#15970,#15971);
#15969 = CARTESIAN_POINT('',(60.,-4.,1.51));
#15970 = DIRECTION('',(-0.,0.,-1.));
#15971 = DIRECTION('',(-0.,-1.,0.));
#15972 = PLANE('',#15973);
#15973 = AXIS2_PLACEMENT_3D('',#15974,#15975,#15976);
#15974 = CARTESIAN_POINT('',(0.,0.,1.51));
#15975 = DIRECTION('',(0.,0.,1.));
#15976 = DIRECTION('',(1.,0.,-0.));
#15977 = ADVANCED_FACE('',(#15978),#15984,.T.);
#15978 = FACE_BOUND('',#15979,.T.);
#15979 = EDGE_LOOP('',(#15980,#15981,#15982,#15983));
#15980 = ORIENTED_EDGE('',*,*,#15297,.T.);
#15981 = ORIENTED_EDGE('',*,*,#15652,.T.);
#15982 = ORIENTED_EDGE('',*,*,#15257,.F.);
#15983 = ORIENTED_EDGE('',*,*,#15321,.F.);
#15984 = PLANE('',#15985);
#15985 = AXIS2_PLACEMENT_3D('',#15986,#15987,#15988);
#15986 = CARTESIAN_POINT('',(0.,0.,0.));
#15987 = DIRECTION('',(0.,1.,0.));
#15988 = DIRECTION('',(1.,0.,0.));
#15989 = ADVANCED_FACE('',(#15990),#16001,.F.);
#15990 = FACE_BOUND('',#15991,.T.);
#15991 = EDGE_LOOP('',(#15992,#15993,#15999,#16000));
#15992 = ORIENTED_EDGE('',*,*,#15330,.T.);
#15993 = ORIENTED_EDGE('',*,*,#15994,.T.);
#15994 = EDGE_CURVE('',#15331,#15662,#15995,.T.);
#15995 = LINE('',#15996,#15997);
#15996 = CARTESIAN_POINT('',(4.,-35.35,-4.6E-02));
#15997 = VECTOR('',#15998,1.);
#15998 = DIRECTION('',(0.,0.,1.));
#15999 = ORIENTED_EDGE('',*,*,#15661,.F.);
#16000 = ORIENTED_EDGE('',*,*,#15994,.F.);
#16001 = CYLINDRICAL_SURFACE('',#16002,1.35);
#16002 = AXIS2_PLACEMENT_3D('',#16003,#16004,#16005);
#16003 = CARTESIAN_POINT('',(4.,-34.,-4.6E-02));
#16004 = DIRECTION('',(-0.,-0.,-1.));
#16005 = DIRECTION('',(-0.,-1.,0.));
#16006 = ADVANCED_FACE('',(#16007),#16018,.F.);
#16007 = FACE_BOUND('',#16008,.T.);
#16008 = EDGE_LOOP('',(#16009,#16010,#16016,#16017));
#16009 = ORIENTED_EDGE('',*,*,#15341,.T.);
#16010 = ORIENTED_EDGE('',*,*,#16011,.T.);
#16011 = EDGE_CURVE('',#15342,#15673,#16012,.T.);
#16012 = LINE('',#16013,#16014);
#16013 = CARTESIAN_POINT('',(20.,-34.475,-4.6E-02));
#16014 = VECTOR('',#16015,1.);
#16015 = DIRECTION('',(0.,0.,1.));
#16016 = ORIENTED_EDGE('',*,*,#15672,.F.);
#16017 = ORIENTED_EDGE('',*,*,#16011,.F.);
#16018 = CYLINDRICAL_SURFACE('',#16019,0.475);
#16019 = AXIS2_PLACEMENT_3D('',#16020,#16021,#16022);
#16020 = CARTESIAN_POINT('',(20.,-34.,-4.6E-02));
#16021 = DIRECTION('',(-0.,-0.,-1.));
#16022 = DIRECTION('',(-0.,-1.,0.));
#16023 = ADVANCED_FACE('',(#16024),#16035,.F.);
#16024 = FACE_BOUND('',#16025,.T.);
#16025 = EDGE_LOOP('',(#16026,#16027,#16033,#16034));
#16026 = ORIENTED_EDGE('',*,*,#15352,.T.);
#16027 = ORIENTED_EDGE('',*,*,#16028,.T.);
#16028 = EDGE_CURVE('',#15353,#15684,#16029,.T.);
#16029 = LINE('',#16030,#16031);
#16030 = CARTESIAN_POINT('',(22.5,-34.475,-4.6E-02));
#16031 = VECTOR('',#16032,1.);
#16032 = DIRECTION('',(0.,0.,1.));
#16033 = ORIENTED_EDGE('',*,*,#15683,.F.);
#16034 = ORIENTED_EDGE('',*,*,#16028,.F.);
#16035 = CYLINDRICAL_SURFACE('',#16036,0.475);
#16036 = AXIS2_PLACEMENT_3D('',#16037,#16038,#16039);
#16037 = CARTESIAN_POINT('',(22.5,-34.,-4.6E-02));
#16038 = DIRECTION('',(-0.,-0.,-1.));
#16039 = DIRECTION('',(-0.,-1.,0.));
#16040 = ADVANCED_FACE('',(#16041),#16052,.F.);
#16041 = FACE_BOUND('',#16042,.T.);
#16042 = EDGE_LOOP('',(#16043,#16044,#16050,#16051));
#16043 = ORIENTED_EDGE('',*,*,#15363,.T.);
#16044 = ORIENTED_EDGE('',*,*,#16045,.T.);
#16045 = EDGE_CURVE('',#15364,#15695,#16046,.T.);
#16046 = LINE('',#16047,#16048);
#16047 = CARTESIAN_POINT('',(25.,-34.475,-4.6E-02));
#16048 = VECTOR('',#16049,1.);
#16049 = DIRECTION('',(0.,0.,1.));
#16050 = ORIENTED_EDGE('',*,*,#15694,.F.);
#16051 = ORIENTED_EDGE('',*,*,#16045,.F.);
#16052 = CYLINDRICAL_SURFACE('',#16053,0.475);
#16053 = AXIS2_PLACEMENT_3D('',#16054,#16055,#16056);
#16054 = CARTESIAN_POINT('',(25.,-34.,-4.6E-02));
#16055 = DIRECTION('',(-0.,-0.,-1.));
#16056 = DIRECTION('',(-0.,-1.,0.));
#16057 = ADVANCED_FACE('',(#16058),#16069,.F.);
#16058 = FACE_BOUND('',#16059,.T.);
#16059 = EDGE_LOOP('',(#16060,#16061,#16067,#16068));
#16060 = ORIENTED_EDGE('',*,*,#15374,.T.);
#16061 = ORIENTED_EDGE('',*,*,#16062,.T.);
#16062 = EDGE_CURVE('',#15375,#15706,#16063,.T.);
#16063 = LINE('',#16064,#16065);
#16064 = CARTESIAN_POINT('',(27.5,-34.475,-4.6E-02));
#16065 = VECTOR('',#16066,1.);
#16066 = DIRECTION('',(0.,0.,1.));
#16067 = ORIENTED_EDGE('',*,*,#15705,.F.);
#16068 = ORIENTED_EDGE('',*,*,#16062,.F.);
#16069 = CYLINDRICAL_SURFACE('',#16070,0.475);
#16070 = AXIS2_PLACEMENT_3D('',#16071,#16072,#16073);
#16071 = CARTESIAN_POINT('',(27.5,-34.,-4.6E-02));
#16072 = DIRECTION('',(-0.,-0.,-1.));
#16073 = DIRECTION('',(-0.,-1.,0.));
#16074 = ADVANCED_FACE('',(#16075),#16086,.F.);
#16075 = FACE_BOUND('',#16076,.T.);
#16076 = EDGE_LOOP('',(#16077,#16078,#16084,#16085));
#16077 = ORIENTED_EDGE('',*,*,#15385,.T.);
#16078 = ORIENTED_EDGE('',*,*,#16079,.T.);
#16079 = EDGE_CURVE('',#15386,#15717,#16080,.T.);
#16080 = LINE('',#16081,#16082);
#16081 = CARTESIAN_POINT('',(30.,-34.475,-4.6E-02));
#16082 = VECTOR('',#16083,1.);
#16083 = DIRECTION('',(0.,0.,1.));
#16084 = ORIENTED_EDGE('',*,*,#15716,.F.);
#16085 = ORIENTED_EDGE('',*,*,#16079,.F.);
#16086 = CYLINDRICAL_SURFACE('',#16087,0.475);
#16087 = AXIS2_PLACEMENT_3D('',#16088,#16089,#16090);
#16088 = CARTESIAN_POINT('',(30.,-34.,-4.6E-02));
#16089 = DIRECTION('',(-0.,-0.,-1.));
#16090 = DIRECTION('',(-0.,-1.,0.));
#16091 = ADVANCED_FACE('',(#16092),#16103,.F.);
#16092 = FACE_BOUND('',#16093,.T.);
#16093 = EDGE_LOOP('',(#16094,#16095,#16101,#16102));
#16094 = ORIENTED_EDGE('',*,*,#15396,.T.);
#16095 = ORIENTED_EDGE('',*,*,#16096,.T.);
#16096 = EDGE_CURVE('',#15397,#15728,#16097,.T.);
#16097 = LINE('',#16098,#16099);
#16098 = CARTESIAN_POINT('',(32.5,-34.475,-4.6E-02));
#16099 = VECTOR('',#16100,1.);
#16100 = DIRECTION('',(0.,0.,1.));
#16101 = ORIENTED_EDGE('',*,*,#15727,.F.);
#16102 = ORIENTED_EDGE('',*,*,#16096,.F.);
#16103 = CYLINDRICAL_SURFACE('',#16104,0.475);
#16104 = AXIS2_PLACEMENT_3D('',#16105,#16106,#16107);
#16105 = CARTESIAN_POINT('',(32.5,-34.,-4.6E-02));
#16106 = DIRECTION('',(-0.,-0.,-1.));
#16107 = DIRECTION('',(-0.,-1.,0.));
#16108 = ADVANCED_FACE('',(#16109),#16120,.F.);
#16109 = FACE_BOUND('',#16110,.T.);
#16110 = EDGE_LOOP('',(#16111,#16112,#16118,#16119));
#16111 = ORIENTED_EDGE('',*,*,#15407,.T.);
#16112 = ORIENTED_EDGE('',*,*,#16113,.T.);
#16113 = EDGE_CURVE('',#15408,#15739,#16114,.T.);
#16114 = LINE('',#16115,#16116);
#16115 = CARTESIAN_POINT('',(35.,-34.475,-4.6E-02));
#16116 = VECTOR('',#16117,1.);
#16117 = DIRECTION('',(0.,0.,1.));
#16118 = ORIENTED_EDGE('',*,*,#15738,.F.);
#16119 = ORIENTED_EDGE('',*,*,#16113,.F.);
#16120 = CYLINDRICAL_SURFACE('',#16121,0.475);
#16121 = AXIS2_PLACEMENT_3D('',#16122,#16123,#16124);
#16122 = CARTESIAN_POINT('',(35.,-34.,-4.6E-02));
#16123 = DIRECTION('',(-0.,-0.,-1.));
#16124 = DIRECTION('',(-0.,-1.,0.));
#16125 = ADVANCED_FACE('',(#16126),#16137,.F.);
#16126 = FACE_BOUND('',#16127,.T.);
#16127 = EDGE_LOOP('',(#16128,#16129,#16135,#16136));
#16128 = ORIENTED_EDGE('',*,*,#15418,.T.);
#16129 = ORIENTED_EDGE('',*,*,#16130,.T.);
#16130 = EDGE_CURVE('',#15419,#15750,#16131,.T.);
#16131 = LINE('',#16132,#16133);
#16132 = CARTESIAN_POINT('',(37.5,-34.475,-4.6E-02));
#16133 = VECTOR('',#16134,1.);
#16134 = DIRECTION('',(0.,0.,1.));
#16135 = ORIENTED_EDGE('',*,*,#15749,.F.);
#16136 = ORIENTED_EDGE('',*,*,#16130,.F.);
#16137 = CYLINDRICAL_SURFACE('',#16138,0.475);
#16138 = AXIS2_PLACEMENT_3D('',#16139,#16140,#16141);
#16139 = CARTESIAN_POINT('',(37.5,-34.,-4.6E-02));
#16140 = DIRECTION('',(-0.,-0.,-1.));
#16141 = DIRECTION('',(-0.,-1.,0.));
#16142 = ADVANCED_FACE('',(#16143),#16154,.F.);
#16143 = FACE_BOUND('',#16144,.T.);
#16144 = EDGE_LOOP('',(#16145,#16146,#16152,#16153));
#16145 = ORIENTED_EDGE('',*,*,#15429,.T.);
#16146 = ORIENTED_EDGE('',*,*,#16147,.T.);
#16147 = EDGE_CURVE('',#15430,#15761,#16148,.T.);
#16148 = LINE('',#16149,#16150);
#16149 = CARTESIAN_POINT('',(40.,-34.475,-4.6E-02));
#16150 = VECTOR('',#16151,1.);
#16151 = DIRECTION('',(0.,0.,1.));
#16152 = ORIENTED_EDGE('',*,*,#15760,.F.);
#16153 = ORIENTED_EDGE('',*,*,#16147,.F.);
#16154 = CYLINDRICAL_SURFACE('',#16155,0.475);
#16155 = AXIS2_PLACEMENT_3D('',#16156,#16157,#16158);
#16156 = CARTESIAN_POINT('',(40.,-34.,-4.6E-02));
#16157 = DIRECTION('',(-0.,-0.,-1.));
#16158 = DIRECTION('',(-0.,-1.,0.));
#16159 = ADVANCED_FACE('',(#16160),#16171,.F.);
#16160 = FACE_BOUND('',#16161,.T.);
#16161 = EDGE_LOOP('',(#16162,#16163,#16169,#16170));
#16162 = ORIENTED_EDGE('',*,*,#15440,.T.);
#16163 = ORIENTED_EDGE('',*,*,#16164,.T.);
#16164 = EDGE_CURVE('',#15441,#15772,#16165,.T.);
#16165 = LINE('',#16166,#16167);
#16166 = CARTESIAN_POINT('',(60.,-35.35,-4.6E-02));
#16167 = VECTOR('',#16168,1.);
#16168 = DIRECTION('',(0.,0.,1.));
#16169 = ORIENTED_EDGE('',*,*,#15771,.F.);
#16170 = ORIENTED_EDGE('',*,*,#16164,.F.);
#16171 = CYLINDRICAL_SURFACE('',#16172,1.35);
#16172 = AXIS2_PLACEMENT_3D('',#16173,#16174,#16175);
#16173 = CARTESIAN_POINT('',(60.,-34.,-4.6E-02));
#16174 = DIRECTION('',(-0.,-0.,-1.));
#16175 = DIRECTION('',(-0.,-1.,0.));
#16176 = ADVANCED_FACE('',(#16177),#16193,.F.);
#16177 = FACE_BOUND('',#16178,.T.);
#16178 = EDGE_LOOP('',(#16179,#16180,#16186,#16187));
#16179 = ORIENTED_EDGE('',*,*,#15451,.T.);
#16180 = ORIENTED_EDGE('',*,*,#16181,.T.);
#16181 = EDGE_CURVE('',#15454,#15785,#16182,.T.);
#16182 = LINE('',#16183,#16184);
#16183 = CARTESIAN_POINT('',(52.15,-28.85,-4.6E-02));
#16184 = VECTOR('',#16185,1.);
#16185 = DIRECTION('',(0.,0.,1.));
#16186 = ORIENTED_EDGE('',*,*,#15782,.F.);
#16187 = ORIENTED_EDGE('',*,*,#16188,.F.);
#16188 = EDGE_CURVE('',#15452,#15783,#16189,.T.);
#16189 = LINE('',#16190,#16191);
#16190 = CARTESIAN_POINT('',(52.15,-27.35,-4.6E-02));
#16191 = VECTOR('',#16192,1.);
#16192 = DIRECTION('',(0.,0.,1.));
#16193 = CYLINDRICAL_SURFACE('',#16194,0.75);
#16194 = AXIS2_PLACEMENT_3D('',#16195,#16196,#16197);
#16195 = CARTESIAN_POINT('',(52.15,-28.1,-4.6E-02));
#16196 = DIRECTION('',(-0.,-0.,-1.));
#16197 = DIRECTION('',(-0.,-1.,0.));
#16198 = ADVANCED_FACE('',(#16199),#16210,.T.);
#16199 = FACE_BOUND('',#16200,.T.);
#16200 = EDGE_LOOP('',(#16201,#16202,#16203,#16204));
#16201 = ORIENTED_EDGE('',*,*,#15479,.T.);
#16202 = ORIENTED_EDGE('',*,*,#16188,.T.);
#16203 = ORIENTED_EDGE('',*,*,#15810,.F.);
#16204 = ORIENTED_EDGE('',*,*,#16205,.F.);
#16205 = EDGE_CURVE('',#15471,#15802,#16206,.T.);
#16206 = LINE('',#16207,#16208);
#16207 = CARTESIAN_POINT('',(50.85,-27.35,-4.6E-02));
#16208 = VECTOR('',#16209,1.);
#16209 = DIRECTION('',(0.,0.,1.));
#16210 = PLANE('',#16211);
#16211 = AXIS2_PLACEMENT_3D('',#16212,#16213,#16214);
#16212 = CARTESIAN_POINT('',(52.15,-27.35,-4.6E-02));
#16213 = DIRECTION('',(0.,-1.,0.));
#16214 = DIRECTION('',(-1.,0.,0.));
#16215 = ADVANCED_FACE('',(#16216),#16227,.F.);
#16216 = FACE_BOUND('',#16217,.T.);
#16217 = EDGE_LOOP('',(#16218,#16219,#16220,#16221));
#16218 = ORIENTED_EDGE('',*,*,#15470,.T.);
#16219 = ORIENTED_EDGE('',*,*,#16205,.T.);
#16220 = ORIENTED_EDGE('',*,*,#15801,.F.);
#16221 = ORIENTED_EDGE('',*,*,#16222,.F.);
#16222 = EDGE_CURVE('',#15463,#15794,#16223,.T.);
#16223 = LINE('',#16224,#16225);
#16224 = CARTESIAN_POINT('',(50.85,-28.85,-4.6E-02));
#16225 = VECTOR('',#16226,1.);
#16226 = DIRECTION('',(0.,0.,1.));
#16227 = CYLINDRICAL_SURFACE('',#16228,0.75);
#16228 = AXIS2_PLACEMENT_3D('',#16229,#16230,#16231);
#16229 = CARTESIAN_POINT('',(50.85,-28.1,-4.6E-02));
#16230 = DIRECTION('',(-0.,0.,-1.));
#16231 = DIRECTION('',(0.,1.,0.));
#16232 = ADVANCED_FACE('',(#16233),#16239,.T.);
#16233 = FACE_BOUND('',#16234,.T.);
#16234 = EDGE_LOOP('',(#16235,#16236,#16237,#16238));
#16235 = ORIENTED_EDGE('',*,*,#15462,.T.);
#16236 = ORIENTED_EDGE('',*,*,#16222,.T.);
#16237 = ORIENTED_EDGE('',*,*,#15793,.F.);
#16238 = ORIENTED_EDGE('',*,*,#16181,.F.);
#16239 = PLANE('',#16240);
#16240 = AXIS2_PLACEMENT_3D('',#16241,#16242,#16243);
#16241 = CARTESIAN_POINT('',(50.85,-28.85,-4.6E-02));
#16242 = DIRECTION('',(0.,1.,0.));
#16243 = DIRECTION('',(1.,0.,0.));
#16244 = ADVANCED_FACE('',(#16245),#16256,.F.);
#16245 = FACE_BOUND('',#16246,.T.);
#16246 = EDGE_LOOP('',(#16247,#16248,#16254,#16255));
#16247 = ORIENTED_EDGE('',*,*,#15487,.T.);
#16248 = ORIENTED_EDGE('',*,*,#16249,.T.);
#16249 = EDGE_CURVE('',#15488,#15819,#16250,.T.);
#16250 = LINE('',#16251,#16252);
#16251 = CARTESIAN_POINT('',(44.,-25.5,-4.6E-02));
#16252 = VECTOR('',#16253,1.);
#16253 = DIRECTION('',(0.,0.,1.));
#16254 = ORIENTED_EDGE('',*,*,#15818,.F.);
#16255 = ORIENTED_EDGE('',*,*,#16249,.F.);
#16256 = CYLINDRICAL_SURFACE('',#16257,0.5);
#16257 = AXIS2_PLACEMENT_3D('',#16258,#16259,#16260);
#16258 = CARTESIAN_POINT('',(44.,-25.,-4.6E-02));
#16259 = DIRECTION('',(-0.,-0.,-1.));
#16260 = DIRECTION('',(-0.,-1.,0.));
#16261 = ADVANCED_FACE('',(#16262),#16273,.F.);
#16262 = FACE_BOUND('',#16263,.T.);
#16263 = EDGE_LOOP('',(#16264,#16265,#16271,#16272));
#16264 = ORIENTED_EDGE('',*,*,#15498,.T.);
#16265 = ORIENTED_EDGE('',*,*,#16266,.T.);
#16266 = EDGE_CURVE('',#15499,#15830,#16267,.T.);
#16267 = LINE('',#16268,#16269);
#16268 = CARTESIAN_POINT('',(44.,-23.,-4.6E-02));
#16269 = VECTOR('',#16270,1.);
#16270 = DIRECTION('',(0.,0.,1.));
#16271 = ORIENTED_EDGE('',*,*,#15829,.F.);
#16272 = ORIENTED_EDGE('',*,*,#16266,.F.);
#16273 = CYLINDRICAL_SURFACE('',#16274,0.5);
#16274 = AXIS2_PLACEMENT_3D('',#16275,#16276,#16277);
#16275 = CARTESIAN_POINT('',(44.,-22.5,-4.6E-02));
#16276 = DIRECTION('',(-0.,-0.,-1.));
#16277 = DIRECTION('',(-0.,-1.,0.));
#16278 = ADVANCED_FACE('',(#16279),#16290,.F.);
#16279 = FACE_BOUND('',#16280,.T.);
#16280 = EDGE_LOOP('',(#16281,#16282,#16288,#16289));
#16281 = ORIENTED_EDGE('',*,*,#15509,.T.);
#16282 = ORIENTED_EDGE('',*,*,#16283,.T.);
#16283 = EDGE_CURVE('',#15510,#15841,#16284,.T.);
#16284 = LINE('',#16285,#16286);
#16285 = CARTESIAN_POINT('',(44.,-20.5,-4.6E-02));
#16286 = VECTOR('',#16287,1.);
#16287 = DIRECTION('',(0.,0.,1.));
#16288 = ORIENTED_EDGE('',*,*,#15840,.F.);
#16289 = ORIENTED_EDGE('',*,*,#16283,.F.);
#16290 = CYLINDRICAL_SURFACE('',#16291,0.5);
#16291 = AXIS2_PLACEMENT_3D('',#16292,#16293,#16294);
#16292 = CARTESIAN_POINT('',(44.,-20.,-4.6E-02));
#16293 = DIRECTION('',(-0.,-0.,-1.));
#16294 = DIRECTION('',(-0.,-1.,0.));
#16295 = ADVANCED_FACE('',(#16296),#16307,.F.);
#16296 = FACE_BOUND('',#16297,.T.);
#16297 = EDGE_LOOP('',(#16298,#16299,#16305,#16306));
#16298 = ORIENTED_EDGE('',*,*,#15520,.T.);
#16299 = ORIENTED_EDGE('',*,*,#16300,.T.);
#16300 = EDGE_CURVE('',#15521,#15852,#16301,.T.);
#16301 = LINE('',#16302,#16303);
#16302 = CARTESIAN_POINT('',(58.5,-25.5,-4.6E-02));
#16303 = VECTOR('',#16304,1.);
#16304 = DIRECTION('',(0.,0.,1.));
#16305 = ORIENTED_EDGE('',*,*,#15851,.F.);
#16306 = ORIENTED_EDGE('',*,*,#16300,.F.);
#16307 = CYLINDRICAL_SURFACE('',#16308,0.5);
#16308 = AXIS2_PLACEMENT_3D('',#16309,#16310,#16311);
#16309 = CARTESIAN_POINT('',(58.5,-25.,-4.6E-02));
#16310 = DIRECTION('',(-0.,-0.,-1.));
#16311 = DIRECTION('',(-0.,-1.,0.));
#16312 = ADVANCED_FACE('',(#16313),#16324,.F.);
#16313 = FACE_BOUND('',#16314,.T.);
#16314 = EDGE_LOOP('',(#16315,#16316,#16322,#16323));
#16315 = ORIENTED_EDGE('',*,*,#15531,.T.);
#16316 = ORIENTED_EDGE('',*,*,#16317,.T.);
#16317 = EDGE_CURVE('',#15532,#15863,#16318,.T.);
#16318 = LINE('',#16319,#16320);
#16319 = CARTESIAN_POINT('',(58.5,-20.5,-4.6E-02));
#16320 = VECTOR('',#16321,1.);
#16321 = DIRECTION('',(0.,0.,1.));
#16322 = ORIENTED_EDGE('',*,*,#15862,.F.);
#16323 = ORIENTED_EDGE('',*,*,#16317,.F.);
#16324 = CYLINDRICAL_SURFACE('',#16325,0.5);
#16325 = AXIS2_PLACEMENT_3D('',#16326,#16327,#16328);
#16326 = CARTESIAN_POINT('',(58.5,-20.,-4.6E-02));
#16327 = DIRECTION('',(-0.,-0.,-1.));
#16328 = DIRECTION('',(-0.,-1.,0.));
#16329 = ADVANCED_FACE('',(#16330),#16341,.F.);
#16330 = FACE_BOUND('',#16331,.T.);
#16331 = EDGE_LOOP('',(#16332,#16333,#16339,#16340));
#16332 = ORIENTED_EDGE('',*,*,#15542,.T.);
#16333 = ORIENTED_EDGE('',*,*,#16334,.T.);
#16334 = EDGE_CURVE('',#15543,#15874,#16335,.T.);
#16335 = LINE('',#16336,#16337);
#16336 = CARTESIAN_POINT('',(12.,-18.12,-4.6E-02));
#16337 = VECTOR('',#16338,1.);
#16338 = DIRECTION('',(0.,0.,1.));
#16339 = ORIENTED_EDGE('',*,*,#15873,.F.);
#16340 = ORIENTED_EDGE('',*,*,#16334,.F.);
#16341 = CYLINDRICAL_SURFACE('',#16342,0.5);
#16342 = AXIS2_PLACEMENT_3D('',#16343,#16344,#16345);
#16343 = CARTESIAN_POINT('',(12.,-17.62,-4.6E-02));
#16344 = DIRECTION('',(-0.,-0.,-1.));
#16345 = DIRECTION('',(-0.,-1.,0.));
#16346 = ADVANCED_FACE('',(#16347),#16358,.F.);
#16347 = FACE_BOUND('',#16348,.T.);
#16348 = EDGE_LOOP('',(#16349,#16350,#16356,#16357));
#16349 = ORIENTED_EDGE('',*,*,#15553,.T.);
#16350 = ORIENTED_EDGE('',*,*,#16351,.T.);
#16351 = EDGE_CURVE('',#15554,#15885,#16352,.T.);
#16352 = LINE('',#16353,#16354);
#16353 = CARTESIAN_POINT('',(12.,-15.58,-4.6E-02));
#16354 = VECTOR('',#16355,1.);
#16355 = DIRECTION('',(0.,0.,1.));
#16356 = ORIENTED_EDGE('',*,*,#15884,.F.);
#16357 = ORIENTED_EDGE('',*,*,#16351,.F.);
#16358 = CYLINDRICAL_SURFACE('',#16359,0.5);
#16359 = AXIS2_PLACEMENT_3D('',#16360,#16361,#16362);
#16360 = CARTESIAN_POINT('',(12.,-15.08,-4.6E-02));
#16361 = DIRECTION('',(-0.,-0.,-1.));
#16362 = DIRECTION('',(-0.,-1.,0.));
#16363 = ADVANCED_FACE('',(#16364),#16375,.F.);
#16364 = FACE_BOUND('',#16365,.T.);
#16365 = EDGE_LOOP('',(#16366,#16367,#16373,#16374));
#16366 = ORIENTED_EDGE('',*,*,#15564,.T.);
#16367 = ORIENTED_EDGE('',*,*,#16368,.T.);
#16368 = EDGE_CURVE('',#15565,#15896,#16369,.T.);
#16369 = LINE('',#16370,#16371);
#16370 = CARTESIAN_POINT('',(12.,-13.04,-4.6E-02));
#16371 = VECTOR('',#16372,1.);
#16372 = DIRECTION('',(0.,0.,1.));
#16373 = ORIENTED_EDGE('',*,*,#15895,.F.);
#16374 = ORIENTED_EDGE('',*,*,#16368,.F.);
#16375 = CYLINDRICAL_SURFACE('',#16376,0.5);
#16376 = AXIS2_PLACEMENT_3D('',#16377,#16378,#16379);
#16377 = CARTESIAN_POINT('',(12.,-12.54,-4.6E-02));
#16378 = DIRECTION('',(-0.,-0.,-1.));
#16379 = DIRECTION('',(-0.,-1.,0.));
#16380 = ADVANCED_FACE('',(#16381),#16392,.F.);
#16381 = FACE_BOUND('',#16382,.T.);
#16382 = EDGE_LOOP('',(#16383,#16384,#16390,#16391));
#16383 = ORIENTED_EDGE('',*,*,#15575,.T.);
#16384 = ORIENTED_EDGE('',*,*,#16385,.T.);
#16385 = EDGE_CURVE('',#15576,#15907,#16386,.T.);
#16386 = LINE('',#16387,#16388);
#16387 = CARTESIAN_POINT('',(12.,-10.5,-4.6E-02));
#16388 = VECTOR('',#16389,1.);
#16389 = DIRECTION('',(0.,0.,1.));
#16390 = ORIENTED_EDGE('',*,*,#15906,.F.);
#16391 = ORIENTED_EDGE('',*,*,#16385,.F.);
#16392 = CYLINDRICAL_SURFACE('',#16393,0.5);
#16393 = AXIS2_PLACEMENT_3D('',#16394,#16395,#16396);
#16394 = CARTESIAN_POINT('',(12.,-10.,-4.6E-02));
#16395 = DIRECTION('',(-0.,-0.,-1.));
#16396 = DIRECTION('',(-0.,-1.,0.));
#16397 = ADVANCED_FACE('',(#16398),#16409,.F.);
#16398 = FACE_BOUND('',#16399,.T.);
#16399 = EDGE_LOOP('',(#16400,#16401,#16407,#16408));
#16400 = ORIENTED_EDGE('',*,*,#15586,.T.);
#16401 = ORIENTED_EDGE('',*,*,#16402,.T.);
#16402 = EDGE_CURVE('',#15587,#15918,#16403,.T.);
#16403 = LINE('',#16404,#16405);
#16404 = CARTESIAN_POINT('',(4.,-5.35,-4.6E-02));
#16405 = VECTOR('',#16406,1.);
#16406 = DIRECTION('',(0.,0.,1.));
#16407 = ORIENTED_EDGE('',*,*,#15917,.F.);
#16408 = ORIENTED_EDGE('',*,*,#16402,.F.);
#16409 = CYLINDRICAL_SURFACE('',#16410,1.35);
#16410 = AXIS2_PLACEMENT_3D('',#16411,#16412,#16413);
#16411 = CARTESIAN_POINT('',(4.,-4.,-4.6E-02));
#16412 = DIRECTION('',(-0.,-0.,-1.));
#16413 = DIRECTION('',(-0.,-1.,0.));
#16414 = ADVANCED_FACE('',(#16415),#16431,.F.);
#16415 = FACE_BOUND('',#16416,.T.);
#16416 = EDGE_LOOP('',(#16417,#16418,#16424,#16425));
#16417 = ORIENTED_EDGE('',*,*,#15597,.T.);
#16418 = ORIENTED_EDGE('',*,*,#16419,.T.);
#16419 = EDGE_CURVE('',#15600,#15931,#16420,.T.);
#16420 = LINE('',#16421,#16422);
#16421 = CARTESIAN_POINT('',(52.15,-17.65,-4.6E-02));
#16422 = VECTOR('',#16423,1.);
#16423 = DIRECTION('',(0.,0.,1.));
#16424 = ORIENTED_EDGE('',*,*,#15928,.F.);
#16425 = ORIENTED_EDGE('',*,*,#16426,.F.);
#16426 = EDGE_CURVE('',#15598,#15929,#16427,.T.);
#16427 = LINE('',#16428,#16429);
#16428 = CARTESIAN_POINT('',(52.15,-16.15,-4.6E-02));
#16429 = VECTOR('',#16430,1.);
#16430 = DIRECTION('',(0.,0.,1.));
#16431 = CYLINDRICAL_SURFACE('',#16432,0.75);
#16432 = AXIS2_PLACEMENT_3D('',#16433,#16434,#16435);
#16433 = CARTESIAN_POINT('',(52.15,-16.9,-4.6E-02));
#16434 = DIRECTION('',(-0.,-0.,-1.));
#16435 = DIRECTION('',(-0.,-1.,0.));
#16436 = ADVANCED_FACE('',(#16437),#16448,.T.);
#16437 = FACE_BOUND('',#16438,.T.);
#16438 = EDGE_LOOP('',(#16439,#16440,#16441,#16442));
#16439 = ORIENTED_EDGE('',*,*,#15625,.T.);
#16440 = ORIENTED_EDGE('',*,*,#16426,.T.);
#16441 = ORIENTED_EDGE('',*,*,#15956,.F.);
#16442 = ORIENTED_EDGE('',*,*,#16443,.F.);
#16443 = EDGE_CURVE('',#15617,#15948,#16444,.T.);
#16444 = LINE('',#16445,#16446);
#16445 = CARTESIAN_POINT('',(50.85,-16.15,-4.6E-02));
#16446 = VECTOR('',#16447,1.);
#16447 = DIRECTION('',(0.,0.,1.));
#16448 = PLANE('',#16449);
#16449 = AXIS2_PLACEMENT_3D('',#16450,#16451,#16452);
#16450 = CARTESIAN_POINT('',(52.15,-16.15,-4.6E-02));
#16451 = DIRECTION('',(0.,-1.,0.));
#16452 = DIRECTION('',(-1.,0.,0.));
#16453 = ADVANCED_FACE('',(#16454),#16465,.F.);
#16454 = FACE_BOUND('',#16455,.T.);
#16455 = EDGE_LOOP('',(#16456,#16457,#16458,#16459));
#16456 = ORIENTED_EDGE('',*,*,#15616,.T.);
#16457 = ORIENTED_EDGE('',*,*,#16443,.T.);
#16458 = ORIENTED_EDGE('',*,*,#15947,.F.);
#16459 = ORIENTED_EDGE('',*,*,#16460,.F.);
#16460 = EDGE_CURVE('',#15609,#15940,#16461,.T.);
#16461 = LINE('',#16462,#16463);
#16462 = CARTESIAN_POINT('',(50.85,-17.65,-4.6E-02));
#16463 = VECTOR('',#16464,1.);
#16464 = DIRECTION('',(0.,0.,1.));
#16465 = CYLINDRICAL_SURFACE('',#16466,0.75);
#16466 = AXIS2_PLACEMENT_3D('',#16467,#16468,#16469);
#16467 = CARTESIAN_POINT('',(50.85,-16.9,-4.6E-02));
#16468 = DIRECTION('',(-0.,0.,-1.));
#16469 = DIRECTION('',(0.,1.,0.));
#16470 = ADVANCED_FACE('',(#16471),#16477,.T.);
#16471 = FACE_BOUND('',#16472,.T.);
#16472 = EDGE_LOOP('',(#16473,#16474,#16475,#16476));
#16473 = ORIENTED_EDGE('',*,*,#15608,.T.);
#16474 = ORIENTED_EDGE('',*,*,#16460,.T.);
#16475 = ORIENTED_EDGE('',*,*,#15939,.F.);
#16476 = ORIENTED_EDGE('',*,*,#16419,.F.);
#16477 = PLANE('',#16478);
#16478 = AXIS2_PLACEMENT_3D('',#16479,#16480,#16481);
#16479 = CARTESIAN_POINT('',(50.85,-17.65,-4.6E-02));
#16480 = DIRECTION('',(0.,1.,0.));
#16481 = DIRECTION('',(1.,0.,0.));
#16482 = ADVANCED_FACE('',(#16483),#16494,.F.);
#16483 = FACE_BOUND('',#16484,.T.);
#16484 = EDGE_LOOP('',(#16485,#16486,#16492,#16493));
#16485 = ORIENTED_EDGE('',*,*,#15633,.T.);
#16486 = ORIENTED_EDGE('',*,*,#16487,.T.);
#16487 = EDGE_CURVE('',#15634,#15965,#16488,.T.);
#16488 = LINE('',#16489,#16490);
#16489 = CARTESIAN_POINT('',(60.,-5.35,-4.6E-02));
#16490 = VECTOR('',#16491,1.);
#16491 = DIRECTION('',(0.,0.,1.));
#16492 = ORIENTED_EDGE('',*,*,#15964,.F.);
#16493 = ORIENTED_EDGE('',*,*,#16487,.F.);
#16494 = CYLINDRICAL_SURFACE('',#16495,1.35);
#16495 = AXIS2_PLACEMENT_3D('',#16496,#16497,#16498);
#16496 = CARTESIAN_POINT('',(60.,-4.,-4.6E-02));
#16497 = DIRECTION('',(-0.,-0.,-1.));
#16498 = DIRECTION('',(-0.,-1.,0.));
#16499 = ( GEOMETRIC_REPRESENTATION_CONTEXT(3) 
GLOBAL_UNCERTAINTY_ASSIGNED_CONTEXT((#16503)) 
GLOBAL_UNIT_ASSIGNED_CONTEXT((#16500,#16501,#16502)) 
REPRESENTATION_CONTEXT('Context #1',
  '3D Context with UNIT and UNCERTAINTY') );
#16500 = ( LENGTH_UNIT() NAMED_UNIT(*) SI_UNIT(.MILLI.,.METRE.) );
#16501 = ( NAMED_UNIT(*) PLANE_ANGLE_UNIT() SI_UNIT($,.RADIAN.) );
#16502 = ( NAMED_UNIT(*) SI_UNIT($,.STERADIAN.) SOLID_ANGLE_UNIT() );
#16503 = UNCERTAINTY_MEASURE_WITH_UNIT(LENGTH_MEASURE(1.E-07),#16500,
  'distance_accuracy_value','confusion accuracy');
#16504 = CONTEXT_DEPENDENT_SHAPE_REPRESENTATION(#16505,#16507);
#16505 = ( REPRESENTATION_RELATIONSHIP('','',#15210,#10) 
REPRESENTATION_RELATIONSHIP_WITH_TRANSFORMATION(#16506) 
SHAPE_REPRESENTATION_RELATIONSHIP() );
#16506 = ITEM_DEFINED_TRANSFORMATION('','',#11,#63);
#16507 = PRODUCT_DEFINITION_SHAPE('Placement','Placement of an item',
  #16508);
#16508 = NEXT_ASSEMBLY_USAGE_OCCURRENCE('13','=>[0:1:1:7]','',#5,#15205,
  $);
#16509 = PRODUCT_RELATED_PRODUCT_CATEGORY('part',$,(#15207));
#16510 = MECHANICAL_DESIGN_GEOMETRIC_PRESENTATION_REPRESENTATION('',(
    #16511),#16499);
#16511 = STYLED_ITEM('color',(#16512),#15211);
#16512 = PRESENTATION_STYLE_ASSIGNMENT((#16513));
#16513 = SURFACE_STYLE_USAGE(.BOTH.,#16514);
#16514 = SURFACE_SIDE_STYLE('',(#16515));
#16515 = SURFACE_STYLE_FILL_AREA(#16516);
#16516 = FILL_AREA_STYLE('',(#16517));
#16517 = FILL_AREA_STYLE_COLOUR('',#16518);
#16518 = COLOUR_RGB('',0.313304153717,0.484529207832,0.410020903123);
#16519 = MECHANICAL_DESIGN_GEOMETRIC_PRESENTATION_REPRESENTATION('',(
    #16520,#16528,#16535,#16542,#16549,#16556,#16563,#16570,#16577,
    #16584,#16591,#16598,#16605,#16612,#16619,#16626,#16633,#16640,
    #16647,#16654,#16661,#16668,#16675,#16682,#16689,#16696,#16703,
    #16710,#16717,#16725,#16732,#16739,#16746,#16753,#16760,#16767,
    #16774,#16781,#16788,#16795,#16802,#16809,#16816,#16823,#16830,
    #16837,#16844,#16851,#16858,#16865,#16872,#16879,#16886,#16893,
    #16900,#16907,#16914,#16921,#16928,#16935,#16942,#16949,#16956,
    #16963,#16970,#16977,#16984,#16991,#16998,#17005,#17012,#17019,
    #17026,#17033,#17040,#17047,#17054,#17061,#17068,#17075,#17082,
    #17089,#17096,#17103,#17110,#17117,#17124,#17131,#17138,#17145,
    #17152,#17159,#17166,#17173,#17180,#17187,#17194,#17201,#17208,
    #17215),#4408);
#16520 = STYLED_ITEM('color',(#16521),#1630);
#16521 = PRESENTATION_STYLE_ASSIGNMENT((#16522));
#16522 = SURFACE_STYLE_USAGE(.BOTH.,#16523);
#16523 = SURFACE_SIDE_STYLE('',(#16524));
#16524 = SURFACE_STYLE_FILL_AREA(#16525);
#16525 = FILL_AREA_STYLE('',(#16526));
#16526 = FILL_AREA_STYLE_COLOUR('',#16527);
#16527 = COLOUR_RGB('',0.147999998088,0.144999993226,0.144999993226);
#16528 = STYLED_ITEM('color',(#16529),#1670);
#16529 = PRESENTATION_STYLE_ASSIGNMENT((#16530));
#16530 = SURFACE_STYLE_USAGE(.BOTH.,#16531);
#16531 = SURFACE_SIDE_STYLE('',(#16532));
#16532 = SURFACE_STYLE_FILL_AREA(#16533);
#16533 = FILL_AREA_STYLE('',(#16534));
#16534 = FILL_AREA_STYLE_COLOUR('',#16527);
#16535 = STYLED_ITEM('color',(#16536),#1701);
#16536 = PRESENTATION_STYLE_ASSIGNMENT((#16537));
#16537 = SURFACE_STYLE_USAGE(.BOTH.,#16538);
#16538 = SURFACE_SIDE_STYLE('',(#16539));
#16539 = SURFACE_STYLE_FILL_AREA(#16540);
#16540 = FILL_AREA_STYLE('',(#16541));
#16541 = FILL_AREA_STYLE_COLOUR('',#16527);
#16542 = STYLED_ITEM('color',(#16543),#1732);
#16543 = PRESENTATION_STYLE_ASSIGNMENT((#16544));
#16544 = SURFACE_STYLE_USAGE(.BOTH.,#16545);
#16545 = SURFACE_SIDE_STYLE('',(#16546));
#16546 = SURFACE_STYLE_FILL_AREA(#16547);
#16547 = FILL_AREA_STYLE('',(#16548));
#16548 = FILL_AREA_STYLE_COLOUR('',#16527);
#16549 = STYLED_ITEM('color',(#16550),#2061);
#16550 = PRESENTATION_STYLE_ASSIGNMENT((#16551));
#16551 = SURFACE_STYLE_USAGE(.BOTH.,#16552);
#16552 = SURFACE_SIDE_STYLE('',(#16553));
#16553 = SURFACE_STYLE_FILL_AREA(#16554);
#16554 = FILL_AREA_STYLE('',(#16555));
#16555 = FILL_AREA_STYLE_COLOUR('',#16527);
#16556 = STYLED_ITEM('color',(#16557),#2390);
#16557 = PRESENTATION_STYLE_ASSIGNMENT((#16558));
#16558 = SURFACE_STYLE_USAGE(.BOTH.,#16559);
#16559 = SURFACE_SIDE_STYLE('',(#16560));
#16560 = SURFACE_STYLE_FILL_AREA(#16561);
#16561 = FILL_AREA_STYLE('',(#16562));
#16562 = FILL_AREA_STYLE_COLOUR('',#16527);
#16563 = STYLED_ITEM('color',(#16564),#2407);
#16564 = PRESENTATION_STYLE_ASSIGNMENT((#16565));
#16565 = SURFACE_STYLE_USAGE(.BOTH.,#16566);
#16566 = SURFACE_SIDE_STYLE('',(#16567));
#16567 = SURFACE_STYLE_FILL_AREA(#16568);
#16568 = FILL_AREA_STYLE('',(#16569));
#16569 = FILL_AREA_STYLE_COLOUR('',#16527);
#16570 = STYLED_ITEM('color',(#16571),#2424);
#16571 = PRESENTATION_STYLE_ASSIGNMENT((#16572));
#16572 = SURFACE_STYLE_USAGE(.BOTH.,#16573);
#16573 = SURFACE_SIDE_STYLE('',(#16574));
#16574 = SURFACE_STYLE_FILL_AREA(#16575);
#16575 = FILL_AREA_STYLE('',(#16576));
#16576 = FILL_AREA_STYLE_COLOUR('',#16527);
#16577 = STYLED_ITEM('color',(#16578),#2441);
#16578 = PRESENTATION_STYLE_ASSIGNMENT((#16579));
#16579 = SURFACE_STYLE_USAGE(.BOTH.,#16580);
#16580 = SURFACE_SIDE_STYLE('',(#16581));
#16581 = SURFACE_STYLE_FILL_AREA(#16582);
#16582 = FILL_AREA_STYLE('',(#16583));
#16583 = FILL_AREA_STYLE_COLOUR('',#16527);
#16584 = STYLED_ITEM('color',(#16585),#2458);
#16585 = PRESENTATION_STYLE_ASSIGNMENT((#16586));
#16586 = SURFACE_STYLE_USAGE(.BOTH.,#16587);
#16587 = SURFACE_SIDE_STYLE('',(#16588));
#16588 = SURFACE_STYLE_FILL_AREA(#16589);
#16589 = FILL_AREA_STYLE('',(#16590));
#16590 = FILL_AREA_STYLE_COLOUR('',#16527);
#16591 = STYLED_ITEM('color',(#16592),#2475);
#16592 = PRESENTATION_STYLE_ASSIGNMENT((#16593));
#16593 = SURFACE_STYLE_USAGE(.BOTH.,#16594);
#16594 = SURFACE_SIDE_STYLE('',(#16595));
#16595 = SURFACE_STYLE_FILL_AREA(#16596);
#16596 = FILL_AREA_STYLE('',(#16597));
#16597 = FILL_AREA_STYLE_COLOUR('',#16527);
#16598 = STYLED_ITEM('color',(#16599),#2492);
#16599 = PRESENTATION_STYLE_ASSIGNMENT((#16600));
#16600 = SURFACE_STYLE_USAGE(.BOTH.,#16601);
#16601 = SURFACE_SIDE_STYLE('',(#16602));
#16602 = SURFACE_STYLE_FILL_AREA(#16603);
#16603 = FILL_AREA_STYLE('',(#16604));
#16604 = FILL_AREA_STYLE_COLOUR('',#16527);
#16605 = STYLED_ITEM('color',(#16606),#2509);
#16606 = PRESENTATION_STYLE_ASSIGNMENT((#16607));
#16607 = SURFACE_STYLE_USAGE(.BOTH.,#16608);
#16608 = SURFACE_SIDE_STYLE('',(#16609));
#16609 = SURFACE_STYLE_FILL_AREA(#16610);
#16610 = FILL_AREA_STYLE('',(#16611));
#16611 = FILL_AREA_STYLE_COLOUR('',#16527);
#16612 = STYLED_ITEM('color',(#16613),#2526);
#16613 = PRESENTATION_STYLE_ASSIGNMENT((#16614));
#16614 = SURFACE_STYLE_USAGE(.BOTH.,#16615);
#16615 = SURFACE_SIDE_STYLE('',(#16616));
#16616 = SURFACE_STYLE_FILL_AREA(#16617);
#16617 = FILL_AREA_STYLE('',(#16618));
#16618 = FILL_AREA_STYLE_COLOUR('',#16527);
#16619 = STYLED_ITEM('color',(#16620),#2543);
#16620 = PRESENTATION_STYLE_ASSIGNMENT((#16621));
#16621 = SURFACE_STYLE_USAGE(.BOTH.,#16622);
#16622 = SURFACE_SIDE_STYLE('',(#16623));
#16623 = SURFACE_STYLE_FILL_AREA(#16624);
#16624 = FILL_AREA_STYLE('',(#16625));
#16625 = FILL_AREA_STYLE_COLOUR('',#16527);
#16626 = STYLED_ITEM('color',(#16627),#2560);
#16627 = PRESENTATION_STYLE_ASSIGNMENT((#16628));
#16628 = SURFACE_STYLE_USAGE(.BOTH.,#16629);
#16629 = SURFACE_SIDE_STYLE('',(#16630));
#16630 = SURFACE_STYLE_FILL_AREA(#16631);
#16631 = FILL_AREA_STYLE('',(#16632));
#16632 = FILL_AREA_STYLE_COLOUR('',#16527);
#16633 = STYLED_ITEM('color',(#16634),#2577);
#16634 = PRESENTATION_STYLE_ASSIGNMENT((#16635));
#16635 = SURFACE_STYLE_USAGE(.BOTH.,#16636);
#16636 = SURFACE_SIDE_STYLE('',(#16637));
#16637 = SURFACE_STYLE_FILL_AREA(#16638);
#16638 = FILL_AREA_STYLE('',(#16639));
#16639 = FILL_AREA_STYLE_COLOUR('',#16527);
#16640 = STYLED_ITEM('color',(#16641),#2594);
#16641 = PRESENTATION_STYLE_ASSIGNMENT((#16642));
#16642 = SURFACE_STYLE_USAGE(.BOTH.,#16643);
#16643 = SURFACE_SIDE_STYLE('',(#16644));
#16644 = SURFACE_STYLE_FILL_AREA(#16645);
#16645 = FILL_AREA_STYLE('',(#16646));
#16646 = FILL_AREA_STYLE_COLOUR('',#16527);
#16647 = STYLED_ITEM('color',(#16648),#2611);
#16648 = PRESENTATION_STYLE_ASSIGNMENT((#16649));
#16649 = SURFACE_STYLE_USAGE(.BOTH.,#16650);
#16650 = SURFACE_SIDE_STYLE('',(#16651));
#16651 = SURFACE_STYLE_FILL_AREA(#16652);
#16652 = FILL_AREA_STYLE('',(#16653));
#16653 = FILL_AREA_STYLE_COLOUR('',#16527);
#16654 = STYLED_ITEM('color',(#16655),#2628);
#16655 = PRESENTATION_STYLE_ASSIGNMENT((#16656));
#16656 = SURFACE_STYLE_USAGE(.BOTH.,#16657);
#16657 = SURFACE_SIDE_STYLE('',(#16658));
#16658 = SURFACE_STYLE_FILL_AREA(#16659);
#16659 = FILL_AREA_STYLE('',(#16660));
#16660 = FILL_AREA_STYLE_COLOUR('',#16527);
#16661 = STYLED_ITEM('color',(#16662),#2645);
#16662 = PRESENTATION_STYLE_ASSIGNMENT((#16663));
#16663 = SURFACE_STYLE_USAGE(.BOTH.,#16664);
#16664 = SURFACE_SIDE_STYLE('',(#16665));
#16665 = SURFACE_STYLE_FILL_AREA(#16666);
#16666 = FILL_AREA_STYLE('',(#16667));
#16667 = FILL_AREA_STYLE_COLOUR('',#16527);
#16668 = STYLED_ITEM('color',(#16669),#2662);
#16669 = PRESENTATION_STYLE_ASSIGNMENT((#16670));
#16670 = SURFACE_STYLE_USAGE(.BOTH.,#16671);
#16671 = SURFACE_SIDE_STYLE('',(#16672));
#16672 = SURFACE_STYLE_FILL_AREA(#16673);
#16673 = FILL_AREA_STYLE('',(#16674));
#16674 = FILL_AREA_STYLE_COLOUR('',#16527);
#16675 = STYLED_ITEM('color',(#16676),#2679);
#16676 = PRESENTATION_STYLE_ASSIGNMENT((#16677));
#16677 = SURFACE_STYLE_USAGE(.BOTH.,#16678);
#16678 = SURFACE_SIDE_STYLE('',(#16679));
#16679 = SURFACE_STYLE_FILL_AREA(#16680);
#16680 = FILL_AREA_STYLE('',(#16681));
#16681 = FILL_AREA_STYLE_COLOUR('',#16527);
#16682 = STYLED_ITEM('color',(#16683),#2696);
#16683 = PRESENTATION_STYLE_ASSIGNMENT((#16684));
#16684 = SURFACE_STYLE_USAGE(.BOTH.,#16685);
#16685 = SURFACE_SIDE_STYLE('',(#16686));
#16686 = SURFACE_STYLE_FILL_AREA(#16687);
#16687 = FILL_AREA_STYLE('',(#16688));
#16688 = FILL_AREA_STYLE_COLOUR('',#16527);
#16689 = STYLED_ITEM('color',(#16690),#2713);
#16690 = PRESENTATION_STYLE_ASSIGNMENT((#16691));
#16691 = SURFACE_STYLE_USAGE(.BOTH.,#16692);
#16692 = SURFACE_SIDE_STYLE('',(#16693));
#16693 = SURFACE_STYLE_FILL_AREA(#16694);
#16694 = FILL_AREA_STYLE('',(#16695));
#16695 = FILL_AREA_STYLE_COLOUR('',#16527);
#16696 = STYLED_ITEM('color',(#16697),#2730);
#16697 = PRESENTATION_STYLE_ASSIGNMENT((#16698));
#16698 = SURFACE_STYLE_USAGE(.BOTH.,#16699);
#16699 = SURFACE_SIDE_STYLE('',(#16700));
#16700 = SURFACE_STYLE_FILL_AREA(#16701);
#16701 = FILL_AREA_STYLE('',(#16702));
#16702 = FILL_AREA_STYLE_COLOUR('',#16527);
#16703 = STYLED_ITEM('color',(#16704),#2747);
#16704 = PRESENTATION_STYLE_ASSIGNMENT((#16705));
#16705 = SURFACE_STYLE_USAGE(.BOTH.,#16706);
#16706 = SURFACE_SIDE_STYLE('',(#16707));
#16707 = SURFACE_STYLE_FILL_AREA(#16708);
#16708 = FILL_AREA_STYLE('',(#16709));
#16709 = FILL_AREA_STYLE_COLOUR('',#16527);
#16710 = STYLED_ITEM('color',(#16711),#2764);
#16711 = PRESENTATION_STYLE_ASSIGNMENT((#16712));
#16712 = SURFACE_STYLE_USAGE(.BOTH.,#16713);
#16713 = SURFACE_SIDE_STYLE('',(#16714));
#16714 = SURFACE_STYLE_FILL_AREA(#16715);
#16715 = FILL_AREA_STYLE('',(#16716));
#16716 = FILL_AREA_STYLE_COLOUR('',#16527);
#16717 = STYLED_ITEM('color',(#16718),#2776);
#16718 = PRESENTATION_STYLE_ASSIGNMENT((#16719));
#16719 = SURFACE_STYLE_USAGE(.BOTH.,#16720);
#16720 = SURFACE_SIDE_STYLE('',(#16721));
#16721 = SURFACE_STYLE_FILL_AREA(#16722);
#16722 = FILL_AREA_STYLE('',(#16723));
#16723 = FILL_AREA_STYLE_COLOUR('',#16724);
#16724 = COLOUR_RGB('',0.859000020776,0.737999965183,0.495999988746);
#16725 = STYLED_ITEM('color',(#16726),#2807);
#16726 = PRESENTATION_STYLE_ASSIGNMENT((#16727));
#16727 = SURFACE_STYLE_USAGE(.BOTH.,#16728);
#16728 = SURFACE_SIDE_STYLE('',(#16729));
#16729 = SURFACE_STYLE_FILL_AREA(#16730);
#16730 = FILL_AREA_STYLE('',(#16731));
#16731 = FILL_AREA_STYLE_COLOUR('',#16724);
#16732 = STYLED_ITEM('color',(#16733),#2831);
#16733 = PRESENTATION_STYLE_ASSIGNMENT((#16734));
#16734 = SURFACE_STYLE_USAGE(.BOTH.,#16735);
#16735 = SURFACE_SIDE_STYLE('',(#16736));
#16736 = SURFACE_STYLE_FILL_AREA(#16737);
#16737 = FILL_AREA_STYLE('',(#16738));
#16738 = FILL_AREA_STYLE_COLOUR('',#16724);
#16739 = STYLED_ITEM('color',(#16740),#2855);
#16740 = PRESENTATION_STYLE_ASSIGNMENT((#16741));
#16741 = SURFACE_STYLE_USAGE(.BOTH.,#16742);
#16742 = SURFACE_SIDE_STYLE('',(#16743));
#16743 = SURFACE_STYLE_FILL_AREA(#16744);
#16744 = FILL_AREA_STYLE('',(#16745));
#16745 = FILL_AREA_STYLE_COLOUR('',#16724);
#16746 = STYLED_ITEM('color',(#16747),#2872);
#16747 = PRESENTATION_STYLE_ASSIGNMENT((#16748));
#16748 = SURFACE_STYLE_USAGE(.BOTH.,#16749);
#16749 = SURFACE_SIDE_STYLE('',(#16750));
#16750 = SURFACE_STYLE_FILL_AREA(#16751);
#16751 = FILL_AREA_STYLE('',(#16752));
#16752 = FILL_AREA_STYLE_COLOUR('',#16724);
#16753 = STYLED_ITEM('color',(#16754),#2903);
#16754 = PRESENTATION_STYLE_ASSIGNMENT((#16755));
#16755 = SURFACE_STYLE_USAGE(.BOTH.,#16756);
#16756 = SURFACE_SIDE_STYLE('',(#16757));
#16757 = SURFACE_STYLE_FILL_AREA(#16758);
#16758 = FILL_AREA_STYLE('',(#16759));
#16759 = FILL_AREA_STYLE_COLOUR('',#16724);
#16760 = STYLED_ITEM('color',(#16761),#2927);
#16761 = PRESENTATION_STYLE_ASSIGNMENT((#16762));
#16762 = SURFACE_STYLE_USAGE(.BOTH.,#16763);
#16763 = SURFACE_SIDE_STYLE('',(#16764));
#16764 = SURFACE_STYLE_FILL_AREA(#16765);
#16765 = FILL_AREA_STYLE('',(#16766));
#16766 = FILL_AREA_STYLE_COLOUR('',#16724);
#16767 = STYLED_ITEM('color',(#16768),#2951);
#16768 = PRESENTATION_STYLE_ASSIGNMENT((#16769));
#16769 = SURFACE_STYLE_USAGE(.BOTH.,#16770);
#16770 = SURFACE_SIDE_STYLE('',(#16771));
#16771 = SURFACE_STYLE_FILL_AREA(#16772);
#16772 = FILL_AREA_STYLE('',(#16773));
#16773 = FILL_AREA_STYLE_COLOUR('',#16724);
#16774 = STYLED_ITEM('color',(#16775),#2968);
#16775 = PRESENTATION_STYLE_ASSIGNMENT((#16776));
#16776 = SURFACE_STYLE_USAGE(.BOTH.,#16777);
#16777 = SURFACE_SIDE_STYLE('',(#16778));
#16778 = SURFACE_STYLE_FILL_AREA(#16779);
#16779 = FILL_AREA_STYLE('',(#16780));
#16780 = FILL_AREA_STYLE_COLOUR('',#16724);
#16781 = STYLED_ITEM('color',(#16782),#2999);
#16782 = PRESENTATION_STYLE_ASSIGNMENT((#16783));
#16783 = SURFACE_STYLE_USAGE(.BOTH.,#16784);
#16784 = SURFACE_SIDE_STYLE('',(#16785));
#16785 = SURFACE_STYLE_FILL_AREA(#16786);
#16786 = FILL_AREA_STYLE('',(#16787));
#16787 = FILL_AREA_STYLE_COLOUR('',#16724);
#16788 = STYLED_ITEM('color',(#16789),#3023);
#16789 = PRESENTATION_STYLE_ASSIGNMENT((#16790));
#16790 = SURFACE_STYLE_USAGE(.BOTH.,#16791);
#16791 = SURFACE_SIDE_STYLE('',(#16792));
#16792 = SURFACE_STYLE_FILL_AREA(#16793);
#16793 = FILL_AREA_STYLE('',(#16794));
#16794 = FILL_AREA_STYLE_COLOUR('',#16724);
#16795 = STYLED_ITEM('color',(#16796),#3047);
#16796 = PRESENTATION_STYLE_ASSIGNMENT((#16797));
#16797 = SURFACE_STYLE_USAGE(.BOTH.,#16798);
#16798 = SURFACE_SIDE_STYLE('',(#16799));
#16799 = SURFACE_STYLE_FILL_AREA(#16800);
#16800 = FILL_AREA_STYLE('',(#16801));
#16801 = FILL_AREA_STYLE_COLOUR('',#16724);
#16802 = STYLED_ITEM('color',(#16803),#3064);
#16803 = PRESENTATION_STYLE_ASSIGNMENT((#16804));
#16804 = SURFACE_STYLE_USAGE(.BOTH.,#16805);
#16805 = SURFACE_SIDE_STYLE('',(#16806));
#16806 = SURFACE_STYLE_FILL_AREA(#16807);
#16807 = FILL_AREA_STYLE('',(#16808));
#16808 = FILL_AREA_STYLE_COLOUR('',#16724);
#16809 = STYLED_ITEM('color',(#16810),#3095);
#16810 = PRESENTATION_STYLE_ASSIGNMENT((#16811));
#16811 = SURFACE_STYLE_USAGE(.BOTH.,#16812);
#16812 = SURFACE_SIDE_STYLE('',(#16813));
#16813 = SURFACE_STYLE_FILL_AREA(#16814);
#16814 = FILL_AREA_STYLE('',(#16815));
#16815 = FILL_AREA_STYLE_COLOUR('',#16724);
#16816 = STYLED_ITEM('color',(#16817),#3119);
#16817 = PRESENTATION_STYLE_ASSIGNMENT((#16818));
#16818 = SURFACE_STYLE_USAGE(.BOTH.,#16819);
#16819 = SURFACE_SIDE_STYLE('',(#16820));
#16820 = SURFACE_STYLE_FILL_AREA(#16821);
#16821 = FILL_AREA_STYLE('',(#16822));
#16822 = FILL_AREA_STYLE_COLOUR('',#16724);
#16823 = STYLED_ITEM('color',(#16824),#3143);
#16824 = PRESENTATION_STYLE_ASSIGNMENT((#16825));
#16825 = SURFACE_STYLE_USAGE(.BOTH.,#16826);
#16826 = SURFACE_SIDE_STYLE('',(#16827));
#16827 = SURFACE_STYLE_FILL_AREA(#16828);
#16828 = FILL_AREA_STYLE('',(#16829));
#16829 = FILL_AREA_STYLE_COLOUR('',#16724);
#16830 = STYLED_ITEM('color',(#16831),#3160);
#16831 = PRESENTATION_STYLE_ASSIGNMENT((#16832));
#16832 = SURFACE_STYLE_USAGE(.BOTH.,#16833);
#16833 = SURFACE_SIDE_STYLE('',(#16834));
#16834 = SURFACE_STYLE_FILL_AREA(#16835);
#16835 = FILL_AREA_STYLE('',(#16836));
#16836 = FILL_AREA_STYLE_COLOUR('',#16724);
#16837 = STYLED_ITEM('color',(#16838),#3191);
#16838 = PRESENTATION_STYLE_ASSIGNMENT((#16839));
#16839 = SURFACE_STYLE_USAGE(.BOTH.,#16840);
#16840 = SURFACE_SIDE_STYLE('',(#16841));
#16841 = SURFACE_STYLE_FILL_AREA(#16842);
#16842 = FILL_AREA_STYLE('',(#16843));
#16843 = FILL_AREA_STYLE_COLOUR('',#16724);
#16844 = STYLED_ITEM('color',(#16845),#3215);
#16845 = PRESENTATION_STYLE_ASSIGNMENT((#16846));
#16846 = SURFACE_STYLE_USAGE(.BOTH.,#16847);
#16847 = SURFACE_SIDE_STYLE('',(#16848));
#16848 = SURFACE_STYLE_FILL_AREA(#16849);
#16849 = FILL_AREA_STYLE('',(#16850));
#16850 = FILL_AREA_STYLE_COLOUR('',#16724);
#16851 = STYLED_ITEM('color',(#16852),#3239);
#16852 = PRESENTATION_STYLE_ASSIGNMENT((#16853));
#16853 = SURFACE_STYLE_USAGE(.BOTH.,#16854);
#16854 = SURFACE_SIDE_STYLE('',(#16855));
#16855 = SURFACE_STYLE_FILL_AREA(#16856);
#16856 = FILL_AREA_STYLE('',(#16857));
#16857 = FILL_AREA_STYLE_COLOUR('',#16724);
#16858 = STYLED_ITEM('color',(#16859),#3256);
#16859 = PRESENTATION_STYLE_ASSIGNMENT((#16860));
#16860 = SURFACE_STYLE_USAGE(.BOTH.,#16861);
#16861 = SURFACE_SIDE_STYLE('',(#16862));
#16862 = SURFACE_STYLE_FILL_AREA(#16863);
#16863 = FILL_AREA_STYLE('',(#16864));
#16864 = FILL_AREA_STYLE_COLOUR('',#16724);
#16865 = STYLED_ITEM('color',(#16866),#3287);
#16866 = PRESENTATION_STYLE_ASSIGNMENT((#16867));
#16867 = SURFACE_STYLE_USAGE(.BOTH.,#16868);
#16868 = SURFACE_SIDE_STYLE('',(#16869));
#16869 = SURFACE_STYLE_FILL_AREA(#16870);
#16870 = FILL_AREA_STYLE('',(#16871));
#16871 = FILL_AREA_STYLE_COLOUR('',#16724);
#16872 = STYLED_ITEM('color',(#16873),#3311);
#16873 = PRESENTATION_STYLE_ASSIGNMENT((#16874));
#16874 = SURFACE_STYLE_USAGE(.BOTH.,#16875);
#16875 = SURFACE_SIDE_STYLE('',(#16876));
#16876 = SURFACE_STYLE_FILL_AREA(#16877);
#16877 = FILL_AREA_STYLE('',(#16878));
#16878 = FILL_AREA_STYLE_COLOUR('',#16724);
#16879 = STYLED_ITEM('color',(#16880),#3335);
#16880 = PRESENTATION_STYLE_ASSIGNMENT((#16881));
#16881 = SURFACE_STYLE_USAGE(.BOTH.,#16882);
#16882 = SURFACE_SIDE_STYLE('',(#16883));
#16883 = SURFACE_STYLE_FILL_AREA(#16884);
#16884 = FILL_AREA_STYLE('',(#16885));
#16885 = FILL_AREA_STYLE_COLOUR('',#16724);
#16886 = STYLED_ITEM('color',(#16887),#3352);
#16887 = PRESENTATION_STYLE_ASSIGNMENT((#16888));
#16888 = SURFACE_STYLE_USAGE(.BOTH.,#16889);
#16889 = SURFACE_SIDE_STYLE('',(#16890));
#16890 = SURFACE_STYLE_FILL_AREA(#16891);
#16891 = FILL_AREA_STYLE('',(#16892));
#16892 = FILL_AREA_STYLE_COLOUR('',#16724);
#16893 = STYLED_ITEM('color',(#16894),#3383);
#16894 = PRESENTATION_STYLE_ASSIGNMENT((#16895));
#16895 = SURFACE_STYLE_USAGE(.BOTH.,#16896);
#16896 = SURFACE_SIDE_STYLE('',(#16897));
#16897 = SURFACE_STYLE_FILL_AREA(#16898);
#16898 = FILL_AREA_STYLE('',(#16899));
#16899 = FILL_AREA_STYLE_COLOUR('',#16724);
#16900 = STYLED_ITEM('color',(#16901),#3407);
#16901 = PRESENTATION_STYLE_ASSIGNMENT((#16902));
#16902 = SURFACE_STYLE_USAGE(.BOTH.,#16903);
#16903 = SURFACE_SIDE_STYLE('',(#16904));
#16904 = SURFACE_STYLE_FILL_AREA(#16905);
#16905 = FILL_AREA_STYLE('',(#16906));
#16906 = FILL_AREA_STYLE_COLOUR('',#16724);
#16907 = STYLED_ITEM('color',(#16908),#3431);
#16908 = PRESENTATION_STYLE_ASSIGNMENT((#16909));
#16909 = SURFACE_STYLE_USAGE(.BOTH.,#16910);
#16910 = SURFACE_SIDE_STYLE('',(#16911));
#16911 = SURFACE_STYLE_FILL_AREA(#16912);
#16912 = FILL_AREA_STYLE('',(#16913));
#16913 = FILL_AREA_STYLE_COLOUR('',#16724);
#16914 = STYLED_ITEM('color',(#16915),#3448);
#16915 = PRESENTATION_STYLE_ASSIGNMENT((#16916));
#16916 = SURFACE_STYLE_USAGE(.BOTH.,#16917);
#16917 = SURFACE_SIDE_STYLE('',(#16918));
#16918 = SURFACE_STYLE_FILL_AREA(#16919);
#16919 = FILL_AREA_STYLE('',(#16920));
#16920 = FILL_AREA_STYLE_COLOUR('',#16724);
#16921 = STYLED_ITEM('color',(#16922),#3479);
#16922 = PRESENTATION_STYLE_ASSIGNMENT((#16923));
#16923 = SURFACE_STYLE_USAGE(.BOTH.,#16924);
#16924 = SURFACE_SIDE_STYLE('',(#16925));
#16925 = SURFACE_STYLE_FILL_AREA(#16926);
#16926 = FILL_AREA_STYLE('',(#16927));
#16927 = FILL_AREA_STYLE_COLOUR('',#16724);
#16928 = STYLED_ITEM('color',(#16929),#3503);
#16929 = PRESENTATION_STYLE_ASSIGNMENT((#16930));
#16930 = SURFACE_STYLE_USAGE(.BOTH.,#16931);
#16931 = SURFACE_SIDE_STYLE('',(#16932));
#16932 = SURFACE_STYLE_FILL_AREA(#16933);
#16933 = FILL_AREA_STYLE('',(#16934));
#16934 = FILL_AREA_STYLE_COLOUR('',#16724);
#16935 = STYLED_ITEM('color',(#16936),#3527);
#16936 = PRESENTATION_STYLE_ASSIGNMENT((#16937));
#16937 = SURFACE_STYLE_USAGE(.BOTH.,#16938);
#16938 = SURFACE_SIDE_STYLE('',(#16939));
#16939 = SURFACE_STYLE_FILL_AREA(#16940);
#16940 = FILL_AREA_STYLE('',(#16941));
#16941 = FILL_AREA_STYLE_COLOUR('',#16724);
#16942 = STYLED_ITEM('color',(#16943),#3544);
#16943 = PRESENTATION_STYLE_ASSIGNMENT((#16944));
#16944 = SURFACE_STYLE_USAGE(.BOTH.,#16945);
#16945 = SURFACE_SIDE_STYLE('',(#16946));
#16946 = SURFACE_STYLE_FILL_AREA(#16947);
#16947 = FILL_AREA_STYLE('',(#16948));
#16948 = FILL_AREA_STYLE_COLOUR('',#16724);
#16949 = STYLED_ITEM('color',(#16950),#3575);
#16950 = PRESENTATION_STYLE_ASSIGNMENT((#16951));
#16951 = SURFACE_STYLE_USAGE(.BOTH.,#16952);
#16952 = SURFACE_SIDE_STYLE('',(#16953));
#16953 = SURFACE_STYLE_FILL_AREA(#16954);
#16954 = FILL_AREA_STYLE('',(#16955));
#16955 = FILL_AREA_STYLE_COLOUR('',#16724);
#16956 = STYLED_ITEM('color',(#16957),#3599);
#16957 = PRESENTATION_STYLE_ASSIGNMENT((#16958));
#16958 = SURFACE_STYLE_USAGE(.BOTH.,#16959);
#16959 = SURFACE_SIDE_STYLE('',(#16960));
#16960 = SURFACE_STYLE_FILL_AREA(#16961);
#16961 = FILL_AREA_STYLE('',(#16962));
#16962 = FILL_AREA_STYLE_COLOUR('',#16724);
#16963 = STYLED_ITEM('color',(#16964),#3623);
#16964 = PRESENTATION_STYLE_ASSIGNMENT((#16965));
#16965 = SURFACE_STYLE_USAGE(.BOTH.,#16966);
#16966 = SURFACE_SIDE_STYLE('',(#16967));
#16967 = SURFACE_STYLE_FILL_AREA(#16968);
#16968 = FILL_AREA_STYLE('',(#16969));
#16969 = FILL_AREA_STYLE_COLOUR('',#16724);
#16970 = STYLED_ITEM('color',(#16971),#3640);
#16971 = PRESENTATION_STYLE_ASSIGNMENT((#16972));
#16972 = SURFACE_STYLE_USAGE(.BOTH.,#16973);
#16973 = SURFACE_SIDE_STYLE('',(#16974));
#16974 = SURFACE_STYLE_FILL_AREA(#16975);
#16975 = FILL_AREA_STYLE('',(#16976));
#16976 = FILL_AREA_STYLE_COLOUR('',#16724);
#16977 = STYLED_ITEM('color',(#16978),#3671);
#16978 = PRESENTATION_STYLE_ASSIGNMENT((#16979));
#16979 = SURFACE_STYLE_USAGE(.BOTH.,#16980);
#16980 = SURFACE_SIDE_STYLE('',(#16981));
#16981 = SURFACE_STYLE_FILL_AREA(#16982);
#16982 = FILL_AREA_STYLE('',(#16983));
#16983 = FILL_AREA_STYLE_COLOUR('',#16724);
#16984 = STYLED_ITEM('color',(#16985),#3695);
#16985 = PRESENTATION_STYLE_ASSIGNMENT((#16986));
#16986 = SURFACE_STYLE_USAGE(.BOTH.,#16987);
#16987 = SURFACE_SIDE_STYLE('',(#16988));
#16988 = SURFACE_STYLE_FILL_AREA(#16989);
#16989 = FILL_AREA_STYLE('',(#16990));
#16990 = FILL_AREA_STYLE_COLOUR('',#16724);
#16991 = STYLED_ITEM('color',(#16992),#3719);
#16992 = PRESENTATION_STYLE_ASSIGNMENT((#16993));
#16993 = SURFACE_STYLE_USAGE(.BOTH.,#16994);
#16994 = SURFACE_SIDE_STYLE('',(#16995));
#16995 = SURFACE_STYLE_FILL_AREA(#16996);
#16996 = FILL_AREA_STYLE('',(#16997));
#16997 = FILL_AREA_STYLE_COLOUR('',#16724);
#16998 = STYLED_ITEM('color',(#16999),#3736);
#16999 = PRESENTATION_STYLE_ASSIGNMENT((#17000));
#17000 = SURFACE_STYLE_USAGE(.BOTH.,#17001);
#17001 = SURFACE_SIDE_STYLE('',(#17002));
#17002 = SURFACE_STYLE_FILL_AREA(#17003);
#17003 = FILL_AREA_STYLE('',(#17004));
#17004 = FILL_AREA_STYLE_COLOUR('',#16724);
#17005 = STYLED_ITEM('color',(#17006),#3767);
#17006 = PRESENTATION_STYLE_ASSIGNMENT((#17007));
#17007 = SURFACE_STYLE_USAGE(.BOTH.,#17008);
#17008 = SURFACE_SIDE_STYLE('',(#17009));
#17009 = SURFACE_STYLE_FILL_AREA(#17010);
#17010 = FILL_AREA_STYLE('',(#17011));
#17011 = FILL_AREA_STYLE_COLOUR('',#16724);
#17012 = STYLED_ITEM('color',(#17013),#3791);
#17013 = PRESENTATION_STYLE_ASSIGNMENT((#17014));
#17014 = SURFACE_STYLE_USAGE(.BOTH.,#17015);
#17015 = SURFACE_SIDE_STYLE('',(#17016));
#17016 = SURFACE_STYLE_FILL_AREA(#17017);
#17017 = FILL_AREA_STYLE('',(#17018));
#17018 = FILL_AREA_STYLE_COLOUR('',#16724);
#17019 = STYLED_ITEM('color',(#17020),#3815);
#17020 = PRESENTATION_STYLE_ASSIGNMENT((#17021));
#17021 = SURFACE_STYLE_USAGE(.BOTH.,#17022);
#17022 = SURFACE_SIDE_STYLE('',(#17023));
#17023 = SURFACE_STYLE_FILL_AREA(#17024);
#17024 = FILL_AREA_STYLE('',(#17025));
#17025 = FILL_AREA_STYLE_COLOUR('',#16724);
#17026 = STYLED_ITEM('color',(#17027),#3832);
#17027 = PRESENTATION_STYLE_ASSIGNMENT((#17028));
#17028 = SURFACE_STYLE_USAGE(.BOTH.,#17029);
#17029 = SURFACE_SIDE_STYLE('',(#17030));
#17030 = SURFACE_STYLE_FILL_AREA(#17031);
#17031 = FILL_AREA_STYLE('',(#17032));
#17032 = FILL_AREA_STYLE_COLOUR('',#16724);
#17033 = STYLED_ITEM('color',(#17034),#3863);
#17034 = PRESENTATION_STYLE_ASSIGNMENT((#17035));
#17035 = SURFACE_STYLE_USAGE(.BOTH.,#17036);
#17036 = SURFACE_SIDE_STYLE('',(#17037));
#17037 = SURFACE_STYLE_FILL_AREA(#17038);
#17038 = FILL_AREA_STYLE('',(#17039));
#17039 = FILL_AREA_STYLE_COLOUR('',#16724);
#17040 = STYLED_ITEM('color',(#17041),#3887);
#17041 = PRESENTATION_STYLE_ASSIGNMENT((#17042));
#17042 = SURFACE_STYLE_USAGE(.BOTH.,#17043);
#17043 = SURFACE_SIDE_STYLE('',(#17044));
#17044 = SURFACE_STYLE_FILL_AREA(#17045);
#17045 = FILL_AREA_STYLE('',(#17046));
#17046 = FILL_AREA_STYLE_COLOUR('',#16724);
#17047 = STYLED_ITEM('color',(#17048),#3911);
#17048 = PRESENTATION_STYLE_ASSIGNMENT((#17049));
#17049 = SURFACE_STYLE_USAGE(.BOTH.,#17050);
#17050 = SURFACE_SIDE_STYLE('',(#17051));
#17051 = SURFACE_STYLE_FILL_AREA(#17052);
#17052 = FILL_AREA_STYLE('',(#17053));
#17053 = FILL_AREA_STYLE_COLOUR('',#16724);
#17054 = STYLED_ITEM('color',(#17055),#3928);
#17055 = PRESENTATION_STYLE_ASSIGNMENT((#17056));
#17056 = SURFACE_STYLE_USAGE(.BOTH.,#17057);
#17057 = SURFACE_SIDE_STYLE('',(#17058));
#17058 = SURFACE_STYLE_FILL_AREA(#17059);
#17059 = FILL_AREA_STYLE('',(#17060));
#17060 = FILL_AREA_STYLE_COLOUR('',#16724);
#17061 = STYLED_ITEM('color',(#17062),#3959);
#17062 = PRESENTATION_STYLE_ASSIGNMENT((#17063));
#17063 = SURFACE_STYLE_USAGE(.BOTH.,#17064);
#17064 = SURFACE_SIDE_STYLE('',(#17065));
#17065 = SURFACE_STYLE_FILL_AREA(#17066);
#17066 = FILL_AREA_STYLE('',(#17067));
#17067 = FILL_AREA_STYLE_COLOUR('',#16724);
#17068 = STYLED_ITEM('color',(#17069),#3983);
#17069 = PRESENTATION_STYLE_ASSIGNMENT((#17070));
#17070 = SURFACE_STYLE_USAGE(.BOTH.,#17071);
#17071 = SURFACE_SIDE_STYLE('',(#17072));
#17072 = SURFACE_STYLE_FILL_AREA(#17073);
#17073 = FILL_AREA_STYLE('',(#17074));
#17074 = FILL_AREA_STYLE_COLOUR('',#16724);
#17075 = STYLED_ITEM('color',(#17076),#4007);
#17076 = PRESENTATION_STYLE_ASSIGNMENT((#17077));
#17077 = SURFACE_STYLE_USAGE(.BOTH.,#17078);
#17078 = SURFACE_SIDE_STYLE('',(#17079));
#17079 = SURFACE_STYLE_FILL_AREA(#17080);
#17080 = FILL_AREA_STYLE('',(#17081));
#17081 = FILL_AREA_STYLE_COLOUR('',#16724);
#17082 = STYLED_ITEM('color',(#17083),#4024);
#17083 = PRESENTATION_STYLE_ASSIGNMENT((#17084));
#17084 = SURFACE_STYLE_USAGE(.BOTH.,#17085);
#17085 = SURFACE_SIDE_STYLE('',(#17086));
#17086 = SURFACE_STYLE_FILL_AREA(#17087);
#17087 = FILL_AREA_STYLE('',(#17088));
#17088 = FILL_AREA_STYLE_COLOUR('',#16724);
#17089 = STYLED_ITEM('color',(#17090),#4055);
#17090 = PRESENTATION_STYLE_ASSIGNMENT((#17091));
#17091 = SURFACE_STYLE_USAGE(.BOTH.,#17092);
#17092 = SURFACE_SIDE_STYLE('',(#17093));
#17093 = SURFACE_STYLE_FILL_AREA(#17094);
#17094 = FILL_AREA_STYLE('',(#17095));
#17095 = FILL_AREA_STYLE_COLOUR('',#16724);
#17096 = STYLED_ITEM('color',(#17097),#4079);
#17097 = PRESENTATION_STYLE_ASSIGNMENT((#17098));
#17098 = SURFACE_STYLE_USAGE(.BOTH.,#17099);
#17099 = SURFACE_SIDE_STYLE('',(#17100));
#17100 = SURFACE_STYLE_FILL_AREA(#17101);
#17101 = FILL_AREA_STYLE('',(#17102));
#17102 = FILL_AREA_STYLE_COLOUR('',#16724);
#17103 = STYLED_ITEM('color',(#17104),#4103);
#17104 = PRESENTATION_STYLE_ASSIGNMENT((#17105));
#17105 = SURFACE_STYLE_USAGE(.BOTH.,#17106);
#17106 = SURFACE_SIDE_STYLE('',(#17107));
#17107 = SURFACE_STYLE_FILL_AREA(#17108);
#17108 = FILL_AREA_STYLE('',(#17109));
#17109 = FILL_AREA_STYLE_COLOUR('',#16724);
#17110 = STYLED_ITEM('color',(#17111),#4120);
#17111 = PRESENTATION_STYLE_ASSIGNMENT((#17112));
#17112 = SURFACE_STYLE_USAGE(.BOTH.,#17113);
#17113 = SURFACE_SIDE_STYLE('',(#17114));
#17114 = SURFACE_STYLE_FILL_AREA(#17115);
#17115 = FILL_AREA_STYLE('',(#17116));
#17116 = FILL_AREA_STYLE_COLOUR('',#16724);
#17117 = STYLED_ITEM('color',(#17118),#4151);
#17118 = PRESENTATION_STYLE_ASSIGNMENT((#17119));
#17119 = SURFACE_STYLE_USAGE(.BOTH.,#17120);
#17120 = SURFACE_SIDE_STYLE('',(#17121));
#17121 = SURFACE_STYLE_FILL_AREA(#17122);
#17122 = FILL_AREA_STYLE('',(#17123));
#17123 = FILL_AREA_STYLE_COLOUR('',#16724);
#17124 = STYLED_ITEM('color',(#17125),#4175);
#17125 = PRESENTATION_STYLE_ASSIGNMENT((#17126));
#17126 = SURFACE_STYLE_USAGE(.BOTH.,#17127);
#17127 = SURFACE_SIDE_STYLE('',(#17128));
#17128 = SURFACE_STYLE_FILL_AREA(#17129);
#17129 = FILL_AREA_STYLE('',(#17130));
#17130 = FILL_AREA_STYLE_COLOUR('',#16724);
#17131 = STYLED_ITEM('color',(#17132),#4199);
#17132 = PRESENTATION_STYLE_ASSIGNMENT((#17133));
#17133 = SURFACE_STYLE_USAGE(.BOTH.,#17134);
#17134 = SURFACE_SIDE_STYLE('',(#17135));
#17135 = SURFACE_STYLE_FILL_AREA(#17136);
#17136 = FILL_AREA_STYLE('',(#17137));
#17137 = FILL_AREA_STYLE_COLOUR('',#16724);
#17138 = STYLED_ITEM('color',(#17139),#4216);
#17139 = PRESENTATION_STYLE_ASSIGNMENT((#17140));
#17140 = SURFACE_STYLE_USAGE(.BOTH.,#17141);
#17141 = SURFACE_SIDE_STYLE('',(#17142));
#17142 = SURFACE_STYLE_FILL_AREA(#17143);
#17143 = FILL_AREA_STYLE('',(#17144));
#17144 = FILL_AREA_STYLE_COLOUR('',#16724);
#17145 = STYLED_ITEM('color',(#17146),#4247);
#17146 = PRESENTATION_STYLE_ASSIGNMENT((#17147));
#17147 = SURFACE_STYLE_USAGE(.BOTH.,#17148);
#17148 = SURFACE_SIDE_STYLE('',(#17149));
#17149 = SURFACE_STYLE_FILL_AREA(#17150);
#17150 = FILL_AREA_STYLE('',(#17151));
#17151 = FILL_AREA_STYLE_COLOUR('',#16724);
#17152 = STYLED_ITEM('color',(#17153),#4271);
#17153 = PRESENTATION_STYLE_ASSIGNMENT((#17154));
#17154 = SURFACE_STYLE_USAGE(.BOTH.,#17155);
#17155 = SURFACE_SIDE_STYLE('',(#17156));
#17156 = SURFACE_STYLE_FILL_AREA(#17157);
#17157 = FILL_AREA_STYLE('',(#17158));
#17158 = FILL_AREA_STYLE_COLOUR('',#16724);
#17159 = STYLED_ITEM('color',(#17160),#4295);
#17160 = PRESENTATION_STYLE_ASSIGNMENT((#17161));
#17161 = SURFACE_STYLE_USAGE(.BOTH.,#17162);
#17162 = SURFACE_SIDE_STYLE('',(#17163));
#17163 = SURFACE_STYLE_FILL_AREA(#17164);
#17164 = FILL_AREA_STYLE('',(#17165));
#17165 = FILL_AREA_STYLE_COLOUR('',#16724);
#17166 = STYLED_ITEM('color',(#17167),#4312);
#17167 = PRESENTATION_STYLE_ASSIGNMENT((#17168));
#17168 = SURFACE_STYLE_USAGE(.BOTH.,#17169);
#17169 = SURFACE_SIDE_STYLE('',(#17170));
#17170 = SURFACE_STYLE_FILL_AREA(#17171);
#17171 = FILL_AREA_STYLE('',(#17172));
#17172 = FILL_AREA_STYLE_COLOUR('',#16724);
#17173 = STYLED_ITEM('color',(#17174),#4324);
#17174 = PRESENTATION_STYLE_ASSIGNMENT((#17175));
#17175 = SURFACE_STYLE_USAGE(.BOTH.,#17176);
#17176 = SURFACE_SIDE_STYLE('',(#17177));
#17177 = SURFACE_STYLE_FILL_AREA(#17178);
#17178 = FILL_AREA_STYLE('',(#17179));
#17179 = FILL_AREA_STYLE_COLOUR('',#16724);
#17180 = STYLED_ITEM('color',(#17181),#4336);
#17181 = PRESENTATION_STYLE_ASSIGNMENT((#17182));
#17182 = SURFACE_STYLE_USAGE(.BOTH.,#17183);
#17183 = SURFACE_SIDE_STYLE('',(#17184));
#17184 = SURFACE_STYLE_FILL_AREA(#17185);
#17185 = FILL_AREA_STYLE('',(#17186));
#17186 = FILL_AREA_STYLE_COLOUR('',#16724);
#17187 = STYLED_ITEM('color',(#17188),#4348);
#17188 = PRESENTATION_STYLE_ASSIGNMENT((#17189));
#17189 = SURFACE_STYLE_USAGE(.BOTH.,#17190);
#17190 = SURFACE_SIDE_STYLE('',(#17191));
#17191 = SURFACE_STYLE_FILL_AREA(#17192);
#17192 = FILL_AREA_STYLE('',(#17193));
#17193 = FILL_AREA_STYLE_COLOUR('',#16724);
#17194 = STYLED_ITEM('color',(#17195),#4360);
#17195 = PRESENTATION_STYLE_ASSIGNMENT((#17196));
#17196 = SURFACE_STYLE_USAGE(.BOTH.,#17197);
#17197 = SURFACE_SIDE_STYLE('',(#17198));
#17198 = SURFACE_STYLE_FILL_AREA(#17199);
#17199 = FILL_AREA_STYLE('',(#17200));
#17200 = FILL_AREA_STYLE_COLOUR('',#16724);
#17201 = STYLED_ITEM('color',(#17202),#4372);
#17202 = PRESENTATION_STYLE_ASSIGNMENT((#17203));
#17203 = SURFACE_STYLE_USAGE(.BOTH.,#17204);
#17204 = SURFACE_SIDE_STYLE('',(#17205));
#17205 = SURFACE_STYLE_FILL_AREA(#17206);
#17206 = FILL_AREA_STYLE('',(#17207));
#17207 = FILL_AREA_STYLE_COLOUR('',#16724);
#17208 = STYLED_ITEM('color',(#17209),#4384);
#17209 = PRESENTATION_STYLE_ASSIGNMENT((#17210));
#17210 = SURFACE_STYLE_USAGE(.BOTH.,#17211);
#17211 = SURFACE_SIDE_STYLE('',(#17212));
#17212 = SURFACE_STYLE_FILL_AREA(#17213);
#17213 = FILL_AREA_STYLE('',(#17214));
#17214 = FILL_AREA_STYLE_COLOUR('',#16724);
#17215 = STYLED_ITEM('color',(#17216),#4396);
#17216 = PRESENTATION_STYLE_ASSIGNMENT((#17217));
#17217 = SURFACE_STYLE_USAGE(.BOTH.,#17218);
#17218 = SURFACE_SIDE_STYLE('',(#17219));
#17219 = SURFACE_STYLE_FILL_AREA(#17220);
#17220 = FILL_AREA_STYLE('',(#17221));
#17221 = FILL_AREA_STYLE_COLOUR('',#16724);
#17222 = MECHANICAL_DESIGN_GEOMETRIC_PRESENTATION_REPRESENTATION('',(
    #17223,#17231,#17238,#17245,#17252,#17259,#17266,#17273,#17280,
    #17287,#17294,#17301,#17308,#17315,#17322,#17329,#17336,#17343,
    #17350,#17357,#17364,#17371,#17378,#17385,#17392,#17399,#17406,
    #17413,#17420,#17427,#17434,#17441,#17448,#17455,#17462,#17469,
    #17476,#17483,#17490,#17497,#17504,#17511,#17518,#17525,#17532,
    #17539,#17546,#17553,#17560,#17567,#17574,#17581,#17588,#17595,
    #17602,#17609,#17616,#17623,#17630,#17637,#17644,#17651,#17658,
    #17665,#17672,#17679,#17686,#17693,#17700,#17707,#17714,#17721,
    #17728,#17735,#17742,#17749,#17756,#17763,#17770,#17777,#17784,
    #17791,#17798,#17805,#17812,#17819,#17826,#17833,#17840,#17847,
    #17854,#17861,#17868,#17875,#17883,#17890,#17897,#17904,#17911,
    #17918,#17925,#17932,#17939,#17946,#17953,#17960,#17967,#17974,
    #17981,#17988,#17995,#18002,#18009,#18016,#18023,#18030,#18037,
    #18044,#18051,#18058,#18065,#18072,#18079,#18086,#18093,#18100,
    #18107,#18114,#18121,#18128,#18135,#18142,#18149,#18156,#18163,
    #18170,#18177,#18184,#18191,#18198,#18205,#18212,#18219,#18226,
    #18233,#18240,#18247,#18254,#18261,#18268,#18275,#18282,#18289,
    #18296,#18303,#18310,#18317,#18324,#18331,#18338,#18345,#18352,
    #18359,#18366,#18373,#18380,#18387,#18394,#18401,#18408,#18415,
    #18422,#18429,#18436,#18443,#18450,#18457,#18464,#18471,#18478,
    #18485,#18492,#18499,#18506,#18513,#18520,#18527,#18534,#18541,
    #18548,#18555,#18562,#18569,#18576,#18583,#18590,#18597,#18604,
    #18611,#18618,#18625,#18632,#18639,#18646,#18653,#18660,#18667,
    #18674,#18681,#18688,#18695,#18702,#18709,#18716,#18723,#18730,
    #18737,#18744,#18751,#18758,#18765,#18772,#18779,#18786,#18793,
    #18800,#18807,#18814,#18821,#18828,#18835,#18842,#18849,#18856,
    #18863,#18870,#18877,#18884,#18891,#18898,#18905,#18912,#18919,
    #18926,#18933,#18940,#18947,#18954,#18961,#18968,#18975,#18982,
    #18989,#18996,#19003,#19010,#19017,#19024,#19031,#19038,#19045,
    #19052,#19059,#19066,#19073,#19080,#19087,#19094,#19101,#19108,
    #19115,#19122,#19129,#19136,#19143,#19150,#19157,#19164,#19171,
    #19178,#19185,#19192,#19199,#19206,#19213,#19220,#19227,#19234,
    #19241,#19248,#19255,#19262,#19269,#19276,#19283,#19290,#19297,
    #19304,#19311,#19318,#19325,#19332,#19339,#19346,#19353),#15187);
#17223 = STYLED_ITEM('color',(#17224),#6136);
#17224 = PRESENTATION_STYLE_ASSIGNMENT((#17225));
#17225 = SURFACE_STYLE_USAGE(.BOTH.,#17226);
#17226 = SURFACE_SIDE_STYLE('',(#17227));
#17227 = SURFACE_STYLE_FILL_AREA(#17228);
#17228 = FILL_AREA_STYLE('',(#17229));
#17229 = FILL_AREA_STYLE_COLOUR('',#17230);
#17230 = COLOUR_RGB('',0.894117649055,0.890196087049,0.811764731185);
#17231 = STYLED_ITEM('color',(#17232),#6464);
#17232 = PRESENTATION_STYLE_ASSIGNMENT((#17233));
#17233 = SURFACE_STYLE_USAGE(.BOTH.,#17234);
#17234 = SURFACE_SIDE_STYLE('',(#17235));
#17235 = SURFACE_STYLE_FILL_AREA(#17236);
#17236 = FILL_AREA_STYLE('',(#17237));
#17237 = FILL_AREA_STYLE_COLOUR('',#17230);
#17238 = STYLED_ITEM('color',(#17239),#6511);
#17239 = PRESENTATION_STYLE_ASSIGNMENT((#17240));
#17240 = SURFACE_STYLE_USAGE(.BOTH.,#17241);
#17241 = SURFACE_SIDE_STYLE('',(#17242));
#17242 = SURFACE_STYLE_FILL_AREA(#17243);
#17243 = FILL_AREA_STYLE('',(#17244));
#17244 = FILL_AREA_STYLE_COLOUR('',#17230);
#17245 = STYLED_ITEM('color',(#17246),#6551);
#17246 = PRESENTATION_STYLE_ASSIGNMENT((#17247));
#17247 = SURFACE_STYLE_USAGE(.BOTH.,#17248);
#17248 = SURFACE_SIDE_STYLE('',(#17249));
#17249 = SURFACE_STYLE_FILL_AREA(#17250);
#17250 = FILL_AREA_STYLE('',(#17251));
#17251 = FILL_AREA_STYLE_COLOUR('',#17230);
#17252 = STYLED_ITEM('color',(#17253),#6575);
#17253 = PRESENTATION_STYLE_ASSIGNMENT((#17254));
#17254 = SURFACE_STYLE_USAGE(.BOTH.,#17255);
#17255 = SURFACE_SIDE_STYLE('',(#17256));
#17256 = SURFACE_STYLE_FILL_AREA(#17257);
#17257 = FILL_AREA_STYLE('',(#17258));
#17258 = FILL_AREA_STYLE_COLOUR('',#17230);
#17259 = STYLED_ITEM('color',(#17260),#6615);
#17260 = PRESENTATION_STYLE_ASSIGNMENT((#17261));
#17261 = SURFACE_STYLE_USAGE(.BOTH.,#17262);
#17262 = SURFACE_SIDE_STYLE('',(#17263));
#17263 = SURFACE_STYLE_FILL_AREA(#17264);
#17264 = FILL_AREA_STYLE('',(#17265));
#17265 = FILL_AREA_STYLE_COLOUR('',#17230);
#17266 = STYLED_ITEM('color',(#17267),#6639);
#17267 = PRESENTATION_STYLE_ASSIGNMENT((#17268));
#17268 = SURFACE_STYLE_USAGE(.BOTH.,#17269);
#17269 = SURFACE_SIDE_STYLE('',(#17270));
#17270 = SURFACE_STYLE_FILL_AREA(#17271);
#17271 = FILL_AREA_STYLE('',(#17272));
#17272 = FILL_AREA_STYLE_COLOUR('',#17230);
#17273 = STYLED_ITEM('color',(#17274),#6679);
#17274 = PRESENTATION_STYLE_ASSIGNMENT((#17275));
#17275 = SURFACE_STYLE_USAGE(.BOTH.,#17276);
#17276 = SURFACE_SIDE_STYLE('',(#17277));
#17277 = SURFACE_STYLE_FILL_AREA(#17278);
#17278 = FILL_AREA_STYLE('',(#17279));
#17279 = FILL_AREA_STYLE_COLOUR('',#17230);
#17280 = STYLED_ITEM('color',(#17281),#6703);
#17281 = PRESENTATION_STYLE_ASSIGNMENT((#17282));
#17282 = SURFACE_STYLE_USAGE(.BOTH.,#17283);
#17283 = SURFACE_SIDE_STYLE('',(#17284));
#17284 = SURFACE_STYLE_FILL_AREA(#17285);
#17285 = FILL_AREA_STYLE('',(#17286));
#17286 = FILL_AREA_STYLE_COLOUR('',#17230);
#17287 = STYLED_ITEM('color',(#17288),#6743);
#17288 = PRESENTATION_STYLE_ASSIGNMENT((#17289));
#17289 = SURFACE_STYLE_USAGE(.BOTH.,#17290);
#17290 = SURFACE_SIDE_STYLE('',(#17291));
#17291 = SURFACE_STYLE_FILL_AREA(#17292);
#17292 = FILL_AREA_STYLE('',(#17293));
#17293 = FILL_AREA_STYLE_COLOUR('',#17230);
#17294 = STYLED_ITEM('color',(#17295),#6767);
#17295 = PRESENTATION_STYLE_ASSIGNMENT((#17296));
#17296 = SURFACE_STYLE_USAGE(.BOTH.,#17297);
#17297 = SURFACE_SIDE_STYLE('',(#17298));
#17298 = SURFACE_STYLE_FILL_AREA(#17299);
#17299 = FILL_AREA_STYLE('',(#17300));
#17300 = FILL_AREA_STYLE_COLOUR('',#17230);
#17301 = STYLED_ITEM('color',(#17302),#6807);
#17302 = PRESENTATION_STYLE_ASSIGNMENT((#17303));
#17303 = SURFACE_STYLE_USAGE(.BOTH.,#17304);
#17304 = SURFACE_SIDE_STYLE('',(#17305));
#17305 = SURFACE_STYLE_FILL_AREA(#17306);
#17306 = FILL_AREA_STYLE('',(#17307));
#17307 = FILL_AREA_STYLE_COLOUR('',#17230);
#17308 = STYLED_ITEM('color',(#17309),#6831);
#17309 = PRESENTATION_STYLE_ASSIGNMENT((#17310));
#17310 = SURFACE_STYLE_USAGE(.BOTH.,#17311);
#17311 = SURFACE_SIDE_STYLE('',(#17312));
#17312 = SURFACE_STYLE_FILL_AREA(#17313);
#17313 = FILL_AREA_STYLE('',(#17314));
#17314 = FILL_AREA_STYLE_COLOUR('',#17230);
#17315 = STYLED_ITEM('color',(#17316),#6871);
#17316 = PRESENTATION_STYLE_ASSIGNMENT((#17317));
#17317 = SURFACE_STYLE_USAGE(.BOTH.,#17318);
#17318 = SURFACE_SIDE_STYLE('',(#17319));
#17319 = SURFACE_STYLE_FILL_AREA(#17320);
#17320 = FILL_AREA_STYLE('',(#17321));
#17321 = FILL_AREA_STYLE_COLOUR('',#17230);
#17322 = STYLED_ITEM('color',(#17323),#6895);
#17323 = PRESENTATION_STYLE_ASSIGNMENT((#17324));
#17324 = SURFACE_STYLE_USAGE(.BOTH.,#17325);
#17325 = SURFACE_SIDE_STYLE('',(#17326));
#17326 = SURFACE_STYLE_FILL_AREA(#17327);
#17327 = FILL_AREA_STYLE('',(#17328));
#17328 = FILL_AREA_STYLE_COLOUR('',#17230);
#17329 = STYLED_ITEM('color',(#17330),#6935);
#17330 = PRESENTATION_STYLE_ASSIGNMENT((#17331));
#17331 = SURFACE_STYLE_USAGE(.BOTH.,#17332);
#17332 = SURFACE_SIDE_STYLE('',(#17333));
#17333 = SURFACE_STYLE_FILL_AREA(#17334);
#17334 = FILL_AREA_STYLE('',(#17335));
#17335 = FILL_AREA_STYLE_COLOUR('',#17230);
#17336 = STYLED_ITEM('color',(#17337),#6959);
#17337 = PRESENTATION_STYLE_ASSIGNMENT((#17338));
#17338 = SURFACE_STYLE_USAGE(.BOTH.,#17339);
#17339 = SURFACE_SIDE_STYLE('',(#17340));
#17340 = SURFACE_STYLE_FILL_AREA(#17341);
#17341 = FILL_AREA_STYLE('',(#17342));
#17342 = FILL_AREA_STYLE_COLOUR('',#17230);
#17343 = STYLED_ITEM('color',(#17344),#6999);
#17344 = PRESENTATION_STYLE_ASSIGNMENT((#17345));
#17345 = SURFACE_STYLE_USAGE(.BOTH.,#17346);
#17346 = SURFACE_SIDE_STYLE('',(#17347));
#17347 = SURFACE_STYLE_FILL_AREA(#17348);
#17348 = FILL_AREA_STYLE('',(#17349));
#17349 = FILL_AREA_STYLE_COLOUR('',#17230);
#17350 = STYLED_ITEM('color',(#17351),#7023);
#17351 = PRESENTATION_STYLE_ASSIGNMENT((#17352));
#17352 = SURFACE_STYLE_USAGE(.BOTH.,#17353);
#17353 = SURFACE_SIDE_STYLE('',(#17354));
#17354 = SURFACE_STYLE_FILL_AREA(#17355);
#17355 = FILL_AREA_STYLE('',(#17356));
#17356 = FILL_AREA_STYLE_COLOUR('',#17230);
#17357 = STYLED_ITEM('color',(#17358),#7063);
#17358 = PRESENTATION_STYLE_ASSIGNMENT((#17359));
#17359 = SURFACE_STYLE_USAGE(.BOTH.,#17360);
#17360 = SURFACE_SIDE_STYLE('',(#17361));
#17361 = SURFACE_STYLE_FILL_AREA(#17362);
#17362 = FILL_AREA_STYLE('',(#17363));
#17363 = FILL_AREA_STYLE_COLOUR('',#17230);
#17364 = STYLED_ITEM('color',(#17365),#7087);
#17365 = PRESENTATION_STYLE_ASSIGNMENT((#17366));
#17366 = SURFACE_STYLE_USAGE(.BOTH.,#17367);
#17367 = SURFACE_SIDE_STYLE('',(#17368));
#17368 = SURFACE_STYLE_FILL_AREA(#17369);
#17369 = FILL_AREA_STYLE('',(#17370));
#17370 = FILL_AREA_STYLE_COLOUR('',#17230);
#17371 = STYLED_ITEM('color',(#17372),#7127);
#17372 = PRESENTATION_STYLE_ASSIGNMENT((#17373));
#17373 = SURFACE_STYLE_USAGE(.BOTH.,#17374);
#17374 = SURFACE_SIDE_STYLE('',(#17375));
#17375 = SURFACE_STYLE_FILL_AREA(#17376);
#17376 = FILL_AREA_STYLE('',(#17377));
#17377 = FILL_AREA_STYLE_COLOUR('',#17230);
#17378 = STYLED_ITEM('color',(#17379),#7151);
#17379 = PRESENTATION_STYLE_ASSIGNMENT((#17380));
#17380 = SURFACE_STYLE_USAGE(.BOTH.,#17381);
#17381 = SURFACE_SIDE_STYLE('',(#17382));
#17382 = SURFACE_STYLE_FILL_AREA(#17383);
#17383 = FILL_AREA_STYLE('',(#17384));
#17384 = FILL_AREA_STYLE_COLOUR('',#17230);
#17385 = STYLED_ITEM('color',(#17386),#7191);
#17386 = PRESENTATION_STYLE_ASSIGNMENT((#17387));
#17387 = SURFACE_STYLE_USAGE(.BOTH.,#17388);
#17388 = SURFACE_SIDE_STYLE('',(#17389));
#17389 = SURFACE_STYLE_FILL_AREA(#17390);
#17390 = FILL_AREA_STYLE('',(#17391));
#17391 = FILL_AREA_STYLE_COLOUR('',#17230);
#17392 = STYLED_ITEM('color',(#17393),#7215);
#17393 = PRESENTATION_STYLE_ASSIGNMENT((#17394));
#17394 = SURFACE_STYLE_USAGE(.BOTH.,#17395);
#17395 = SURFACE_SIDE_STYLE('',(#17396));
#17396 = SURFACE_STYLE_FILL_AREA(#17397);
#17397 = FILL_AREA_STYLE('',(#17398));
#17398 = FILL_AREA_STYLE_COLOUR('',#17230);
#17399 = STYLED_ITEM('color',(#17400),#7255);
#17400 = PRESENTATION_STYLE_ASSIGNMENT((#17401));
#17401 = SURFACE_STYLE_USAGE(.BOTH.,#17402);
#17402 = SURFACE_SIDE_STYLE('',(#17403));
#17403 = SURFACE_STYLE_FILL_AREA(#17404);
#17404 = FILL_AREA_STYLE('',(#17405));
#17405 = FILL_AREA_STYLE_COLOUR('',#17230);
#17406 = STYLED_ITEM('color',(#17407),#7279);
#17407 = PRESENTATION_STYLE_ASSIGNMENT((#17408));
#17408 = SURFACE_STYLE_USAGE(.BOTH.,#17409);
#17409 = SURFACE_SIDE_STYLE('',(#17410));
#17410 = SURFACE_STYLE_FILL_AREA(#17411);
#17411 = FILL_AREA_STYLE('',(#17412));
#17412 = FILL_AREA_STYLE_COLOUR('',#17230);
#17413 = STYLED_ITEM('color',(#17414),#7319);
#17414 = PRESENTATION_STYLE_ASSIGNMENT((#17415));
#17415 = SURFACE_STYLE_USAGE(.BOTH.,#17416);
#17416 = SURFACE_SIDE_STYLE('',(#17417));
#17417 = SURFACE_STYLE_FILL_AREA(#17418);
#17418 = FILL_AREA_STYLE('',(#17419));
#17419 = FILL_AREA_STYLE_COLOUR('',#17230);
#17420 = STYLED_ITEM('color',(#17421),#7343);
#17421 = PRESENTATION_STYLE_ASSIGNMENT((#17422));
#17422 = SURFACE_STYLE_USAGE(.BOTH.,#17423);
#17423 = SURFACE_SIDE_STYLE('',(#17424));
#17424 = SURFACE_STYLE_FILL_AREA(#17425);
#17425 = FILL_AREA_STYLE('',(#17426));
#17426 = FILL_AREA_STYLE_COLOUR('',#17230);
#17427 = STYLED_ITEM('color',(#17428),#7383);
#17428 = PRESENTATION_STYLE_ASSIGNMENT((#17429));
#17429 = SURFACE_STYLE_USAGE(.BOTH.,#17430);
#17430 = SURFACE_SIDE_STYLE('',(#17431));
#17431 = SURFACE_STYLE_FILL_AREA(#17432);
#17432 = FILL_AREA_STYLE('',(#17433));
#17433 = FILL_AREA_STYLE_COLOUR('',#17230);
#17434 = STYLED_ITEM('color',(#17435),#7407);
#17435 = PRESENTATION_STYLE_ASSIGNMENT((#17436));
#17436 = SURFACE_STYLE_USAGE(.BOTH.,#17437);
#17437 = SURFACE_SIDE_STYLE('',(#17438));
#17438 = SURFACE_STYLE_FILL_AREA(#17439);
#17439 = FILL_AREA_STYLE('',(#17440));
#17440 = FILL_AREA_STYLE_COLOUR('',#17230);
#17441 = STYLED_ITEM('color',(#17442),#7447);
#17442 = PRESENTATION_STYLE_ASSIGNMENT((#17443));
#17443 = SURFACE_STYLE_USAGE(.BOTH.,#17444);
#17444 = SURFACE_SIDE_STYLE('',(#17445));
#17445 = SURFACE_STYLE_FILL_AREA(#17446);
#17446 = FILL_AREA_STYLE('',(#17447));
#17447 = FILL_AREA_STYLE_COLOUR('',#17230);
#17448 = STYLED_ITEM('color',(#17449),#7471);
#17449 = PRESENTATION_STYLE_ASSIGNMENT((#17450));
#17450 = SURFACE_STYLE_USAGE(.BOTH.,#17451);
#17451 = SURFACE_SIDE_STYLE('',(#17452));
#17452 = SURFACE_STYLE_FILL_AREA(#17453);
#17453 = FILL_AREA_STYLE('',(#17454));
#17454 = FILL_AREA_STYLE_COLOUR('',#17230);
#17455 = STYLED_ITEM('color',(#17456),#7511);
#17456 = PRESENTATION_STYLE_ASSIGNMENT((#17457));
#17457 = SURFACE_STYLE_USAGE(.BOTH.,#17458);
#17458 = SURFACE_SIDE_STYLE('',(#17459));
#17459 = SURFACE_STYLE_FILL_AREA(#17460);
#17460 = FILL_AREA_STYLE('',(#17461));
#17461 = FILL_AREA_STYLE_COLOUR('',#17230);
#17462 = STYLED_ITEM('color',(#17463),#7535);
#17463 = PRESENTATION_STYLE_ASSIGNMENT((#17464));
#17464 = SURFACE_STYLE_USAGE(.BOTH.,#17465);
#17465 = SURFACE_SIDE_STYLE('',(#17466));
#17466 = SURFACE_STYLE_FILL_AREA(#17467);
#17467 = FILL_AREA_STYLE('',(#17468));
#17468 = FILL_AREA_STYLE_COLOUR('',#17230);
#17469 = STYLED_ITEM('color',(#17470),#7575);
#17470 = PRESENTATION_STYLE_ASSIGNMENT((#17471));
#17471 = SURFACE_STYLE_USAGE(.BOTH.,#17472);
#17472 = SURFACE_SIDE_STYLE('',(#17473));
#17473 = SURFACE_STYLE_FILL_AREA(#17474);
#17474 = FILL_AREA_STYLE('',(#17475));
#17475 = FILL_AREA_STYLE_COLOUR('',#17230);
#17476 = STYLED_ITEM('color',(#17477),#7599);
#17477 = PRESENTATION_STYLE_ASSIGNMENT((#17478));
#17478 = SURFACE_STYLE_USAGE(.BOTH.,#17479);
#17479 = SURFACE_SIDE_STYLE('',(#17480));
#17480 = SURFACE_STYLE_FILL_AREA(#17481);
#17481 = FILL_AREA_STYLE('',(#17482));
#17482 = FILL_AREA_STYLE_COLOUR('',#17230);
#17483 = STYLED_ITEM('color',(#17484),#7639);
#17484 = PRESENTATION_STYLE_ASSIGNMENT((#17485));
#17485 = SURFACE_STYLE_USAGE(.BOTH.,#17486);
#17486 = SURFACE_SIDE_STYLE('',(#17487));
#17487 = SURFACE_STYLE_FILL_AREA(#17488);
#17488 = FILL_AREA_STYLE('',(#17489));
#17489 = FILL_AREA_STYLE_COLOUR('',#17230);
#17490 = STYLED_ITEM('color',(#17491),#7679);
#17491 = PRESENTATION_STYLE_ASSIGNMENT((#17492));
#17492 = SURFACE_STYLE_USAGE(.BOTH.,#17493);
#17493 = SURFACE_SIDE_STYLE('',(#17494));
#17494 = SURFACE_STYLE_FILL_AREA(#17495);
#17495 = FILL_AREA_STYLE('',(#17496));
#17496 = FILL_AREA_STYLE_COLOUR('',#17230);
#17497 = STYLED_ITEM('color',(#17498),#7719);
#17498 = PRESENTATION_STYLE_ASSIGNMENT((#17499));
#17499 = SURFACE_STYLE_USAGE(.BOTH.,#17500);
#17500 = SURFACE_SIDE_STYLE('',(#17501));
#17501 = SURFACE_STYLE_FILL_AREA(#17502);
#17502 = FILL_AREA_STYLE('',(#17503));
#17503 = FILL_AREA_STYLE_COLOUR('',#17230);
#17504 = STYLED_ITEM('color',(#17505),#7807);
#17505 = PRESENTATION_STYLE_ASSIGNMENT((#17506));
#17506 = SURFACE_STYLE_USAGE(.BOTH.,#17507);
#17507 = SURFACE_SIDE_STYLE('',(#17508));
#17508 = SURFACE_STYLE_FILL_AREA(#17509);
#17509 = FILL_AREA_STYLE('',(#17510));
#17510 = FILL_AREA_STYLE_COLOUR('',#17230);
#17511 = STYLED_ITEM('color',(#17512),#7840);
#17512 = PRESENTATION_STYLE_ASSIGNMENT((#17513));
#17513 = SURFACE_STYLE_USAGE(.BOTH.,#17514);
#17514 = SURFACE_SIDE_STYLE('',(#17515));
#17515 = SURFACE_STYLE_FILL_AREA(#17516);
#17516 = FILL_AREA_STYLE('',(#17517));
#17517 = FILL_AREA_STYLE_COLOUR('',#17230);
#17518 = STYLED_ITEM('color',(#17519),#7864);
#17519 = PRESENTATION_STYLE_ASSIGNMENT((#17520));
#17520 = SURFACE_STYLE_USAGE(.BOTH.,#17521);
#17521 = SURFACE_SIDE_STYLE('',(#17522));
#17522 = SURFACE_STYLE_FILL_AREA(#17523);
#17523 = FILL_AREA_STYLE('',(#17524));
#17524 = FILL_AREA_STYLE_COLOUR('',#17230);
#17525 = STYLED_ITEM('color',(#17526),#7936);
#17526 = PRESENTATION_STYLE_ASSIGNMENT((#17527));
#17527 = SURFACE_STYLE_USAGE(.BOTH.,#17528);
#17528 = SURFACE_SIDE_STYLE('',(#17529));
#17529 = SURFACE_STYLE_FILL_AREA(#17530);
#17530 = FILL_AREA_STYLE('',(#17531));
#17531 = FILL_AREA_STYLE_COLOUR('',#17230);
#17532 = STYLED_ITEM('color',(#17533),#8171);
#17533 = PRESENTATION_STYLE_ASSIGNMENT((#17534));
#17534 = SURFACE_STYLE_USAGE(.BOTH.,#17535);
#17535 = SURFACE_SIDE_STYLE('',(#17536));
#17536 = SURFACE_STYLE_FILL_AREA(#17537);
#17537 = FILL_AREA_STYLE('',(#17538));
#17538 = FILL_AREA_STYLE_COLOUR('',#17230);
#17539 = STYLED_ITEM('color',(#17540),#8188);
#17540 = PRESENTATION_STYLE_ASSIGNMENT((#17541));
#17541 = SURFACE_STYLE_USAGE(.BOTH.,#17542);
#17542 = SURFACE_SIDE_STYLE('',(#17543));
#17543 = SURFACE_STYLE_FILL_AREA(#17544);
#17544 = FILL_AREA_STYLE('',(#17545));
#17545 = FILL_AREA_STYLE_COLOUR('',#17230);
#17546 = STYLED_ITEM('color',(#17547),#8234);
#17547 = PRESENTATION_STYLE_ASSIGNMENT((#17548));
#17548 = SURFACE_STYLE_USAGE(.BOTH.,#17549);
#17549 = SURFACE_SIDE_STYLE('',(#17550));
#17550 = SURFACE_STYLE_FILL_AREA(#17551);
#17551 = FILL_AREA_STYLE('',(#17552));
#17552 = FILL_AREA_STYLE_COLOUR('',#17230);
#17553 = STYLED_ITEM('color',(#17554),#8251);
#17554 = PRESENTATION_STYLE_ASSIGNMENT((#17555));
#17555 = SURFACE_STYLE_USAGE(.BOTH.,#17556);
#17556 = SURFACE_SIDE_STYLE('',(#17557));
#17557 = SURFACE_STYLE_FILL_AREA(#17558);
#17558 = FILL_AREA_STYLE('',(#17559));
#17559 = FILL_AREA_STYLE_COLOUR('',#17230);
#17560 = STYLED_ITEM('color',(#17561),#8297);
#17561 = PRESENTATION_STYLE_ASSIGNMENT((#17562));
#17562 = SURFACE_STYLE_USAGE(.BOTH.,#17563);
#17563 = SURFACE_SIDE_STYLE('',(#17564));
#17564 = SURFACE_STYLE_FILL_AREA(#17565);
#17565 = FILL_AREA_STYLE('',(#17566));
#17566 = FILL_AREA_STYLE_COLOUR('',#17230);
#17567 = STYLED_ITEM('color',(#17568),#8314);
#17568 = PRESENTATION_STYLE_ASSIGNMENT((#17569));
#17569 = SURFACE_STYLE_USAGE(.BOTH.,#17570);
#17570 = SURFACE_SIDE_STYLE('',(#17571));
#17571 = SURFACE_STYLE_FILL_AREA(#17572);
#17572 = FILL_AREA_STYLE('',(#17573));
#17573 = FILL_AREA_STYLE_COLOUR('',#17230);
#17574 = STYLED_ITEM('color',(#17575),#8360);
#17575 = PRESENTATION_STYLE_ASSIGNMENT((#17576));
#17576 = SURFACE_STYLE_USAGE(.BOTH.,#17577);
#17577 = SURFACE_SIDE_STYLE('',(#17578));
#17578 = SURFACE_STYLE_FILL_AREA(#17579);
#17579 = FILL_AREA_STYLE('',(#17580));
#17580 = FILL_AREA_STYLE_COLOUR('',#17230);
#17581 = STYLED_ITEM('color',(#17582),#8377);
#17582 = PRESENTATION_STYLE_ASSIGNMENT((#17583));
#17583 = SURFACE_STYLE_USAGE(.BOTH.,#17584);
#17584 = SURFACE_SIDE_STYLE('',(#17585));
#17585 = SURFACE_STYLE_FILL_AREA(#17586);
#17586 = FILL_AREA_STYLE('',(#17587));
#17587 = FILL_AREA_STYLE_COLOUR('',#17230);
#17588 = STYLED_ITEM('color',(#17589),#8423);
#17589 = PRESENTATION_STYLE_ASSIGNMENT((#17590));
#17590 = SURFACE_STYLE_USAGE(.BOTH.,#17591);
#17591 = SURFACE_SIDE_STYLE('',(#17592));
#17592 = SURFACE_STYLE_FILL_AREA(#17593);
#17593 = FILL_AREA_STYLE('',(#17594));
#17594 = FILL_AREA_STYLE_COLOUR('',#17230);
#17595 = STYLED_ITEM('color',(#17596),#8440);
#17596 = PRESENTATION_STYLE_ASSIGNMENT((#17597));
#17597 = SURFACE_STYLE_USAGE(.BOTH.,#17598);
#17598 = SURFACE_SIDE_STYLE('',(#17599));
#17599 = SURFACE_STYLE_FILL_AREA(#17600);
#17600 = FILL_AREA_STYLE('',(#17601));
#17601 = FILL_AREA_STYLE_COLOUR('',#17230);
#17602 = STYLED_ITEM('color',(#17603),#8486);
#17603 = PRESENTATION_STYLE_ASSIGNMENT((#17604));
#17604 = SURFACE_STYLE_USAGE(.BOTH.,#17605);
#17605 = SURFACE_SIDE_STYLE('',(#17606));
#17606 = SURFACE_STYLE_FILL_AREA(#17607);
#17607 = FILL_AREA_STYLE('',(#17608));
#17608 = FILL_AREA_STYLE_COLOUR('',#17230);
#17609 = STYLED_ITEM('color',(#17610),#8503);
#17610 = PRESENTATION_STYLE_ASSIGNMENT((#17611));
#17611 = SURFACE_STYLE_USAGE(.BOTH.,#17612);
#17612 = SURFACE_SIDE_STYLE('',(#17613));
#17613 = SURFACE_STYLE_FILL_AREA(#17614);
#17614 = FILL_AREA_STYLE('',(#17615));
#17615 = FILL_AREA_STYLE_COLOUR('',#17230);
#17616 = STYLED_ITEM('color',(#17617),#8549);
#17617 = PRESENTATION_STYLE_ASSIGNMENT((#17618));
#17618 = SURFACE_STYLE_USAGE(.BOTH.,#17619);
#17619 = SURFACE_SIDE_STYLE('',(#17620));
#17620 = SURFACE_STYLE_FILL_AREA(#17621);
#17621 = FILL_AREA_STYLE('',(#17622));
#17622 = FILL_AREA_STYLE_COLOUR('',#17230);
#17623 = STYLED_ITEM('color',(#17624),#8566);
#17624 = PRESENTATION_STYLE_ASSIGNMENT((#17625));
#17625 = SURFACE_STYLE_USAGE(.BOTH.,#17626);
#17626 = SURFACE_SIDE_STYLE('',(#17627));
#17627 = SURFACE_STYLE_FILL_AREA(#17628);
#17628 = FILL_AREA_STYLE('',(#17629));
#17629 = FILL_AREA_STYLE_COLOUR('',#17230);
#17630 = STYLED_ITEM('color',(#17631),#8612);
#17631 = PRESENTATION_STYLE_ASSIGNMENT((#17632));
#17632 = SURFACE_STYLE_USAGE(.BOTH.,#17633);
#17633 = SURFACE_SIDE_STYLE('',(#17634));
#17634 = SURFACE_STYLE_FILL_AREA(#17635);
#17635 = FILL_AREA_STYLE('',(#17636));
#17636 = FILL_AREA_STYLE_COLOUR('',#17230);
#17637 = STYLED_ITEM('color',(#17638),#8629);
#17638 = PRESENTATION_STYLE_ASSIGNMENT((#17639));
#17639 = SURFACE_STYLE_USAGE(.BOTH.,#17640);
#17640 = SURFACE_SIDE_STYLE('',(#17641));
#17641 = SURFACE_STYLE_FILL_AREA(#17642);
#17642 = FILL_AREA_STYLE('',(#17643));
#17643 = FILL_AREA_STYLE_COLOUR('',#17230);
#17644 = STYLED_ITEM('color',(#17645),#8675);
#17645 = PRESENTATION_STYLE_ASSIGNMENT((#17646));
#17646 = SURFACE_STYLE_USAGE(.BOTH.,#17647);
#17647 = SURFACE_SIDE_STYLE('',(#17648));
#17648 = SURFACE_STYLE_FILL_AREA(#17649);
#17649 = FILL_AREA_STYLE('',(#17650));
#17650 = FILL_AREA_STYLE_COLOUR('',#17230);
#17651 = STYLED_ITEM('color',(#17652),#8692);
#17652 = PRESENTATION_STYLE_ASSIGNMENT((#17653));
#17653 = SURFACE_STYLE_USAGE(.BOTH.,#17654);
#17654 = SURFACE_SIDE_STYLE('',(#17655));
#17655 = SURFACE_STYLE_FILL_AREA(#17656);
#17656 = FILL_AREA_STYLE('',(#17657));
#17657 = FILL_AREA_STYLE_COLOUR('',#17230);
#17658 = STYLED_ITEM('color',(#17659),#8738);
#17659 = PRESENTATION_STYLE_ASSIGNMENT((#17660));
#17660 = SURFACE_STYLE_USAGE(.BOTH.,#17661);
#17661 = SURFACE_SIDE_STYLE('',(#17662));
#17662 = SURFACE_STYLE_FILL_AREA(#17663);
#17663 = FILL_AREA_STYLE('',(#17664));
#17664 = FILL_AREA_STYLE_COLOUR('',#17230);
#17665 = STYLED_ITEM('color',(#17666),#8762);
#17666 = PRESENTATION_STYLE_ASSIGNMENT((#17667));
#17667 = SURFACE_STYLE_USAGE(.BOTH.,#17668);
#17668 = SURFACE_SIDE_STYLE('',(#17669));
#17669 = SURFACE_STYLE_FILL_AREA(#17670);
#17670 = FILL_AREA_STYLE('',(#17671));
#17671 = FILL_AREA_STYLE_COLOUR('',#17230);
#17672 = STYLED_ITEM('color',(#17673),#8827);
#17673 = PRESENTATION_STYLE_ASSIGNMENT((#17674));
#17674 = SURFACE_STYLE_USAGE(.BOTH.,#17675);
#17675 = SURFACE_SIDE_STYLE('',(#17676));
#17676 = SURFACE_STYLE_FILL_AREA(#17677);
#17677 = FILL_AREA_STYLE('',(#17678));
#17678 = FILL_AREA_STYLE_COLOUR('',#17230);
#17679 = STYLED_ITEM('color',(#17680),#8844);
#17680 = PRESENTATION_STYLE_ASSIGNMENT((#17681));
#17681 = SURFACE_STYLE_USAGE(.BOTH.,#17682);
#17682 = SURFACE_SIDE_STYLE('',(#17683));
#17683 = SURFACE_STYLE_FILL_AREA(#17684);
#17684 = FILL_AREA_STYLE('',(#17685));
#17685 = FILL_AREA_STYLE_COLOUR('',#17230);
#17686 = STYLED_ITEM('color',(#17687),#8856);
#17687 = PRESENTATION_STYLE_ASSIGNMENT((#17688));
#17688 = SURFACE_STYLE_USAGE(.BOTH.,#17689);
#17689 = SURFACE_SIDE_STYLE('',(#17690));
#17690 = SURFACE_STYLE_FILL_AREA(#17691);
#17691 = FILL_AREA_STYLE('',(#17692));
#17692 = FILL_AREA_STYLE_COLOUR('',#17230);
#17693 = STYLED_ITEM('color',(#17694),#8887);
#17694 = PRESENTATION_STYLE_ASSIGNMENT((#17695));
#17695 = SURFACE_STYLE_USAGE(.BOTH.,#17696);
#17696 = SURFACE_SIDE_STYLE('',(#17697));
#17697 = SURFACE_STYLE_FILL_AREA(#17698);
#17698 = FILL_AREA_STYLE('',(#17699));
#17699 = FILL_AREA_STYLE_COLOUR('',#17230);
#17700 = STYLED_ITEM('color',(#17701),#8912);
#17701 = PRESENTATION_STYLE_ASSIGNMENT((#17702));
#17702 = SURFACE_STYLE_USAGE(.BOTH.,#17703);
#17703 = SURFACE_SIDE_STYLE('',(#17704));
#17704 = SURFACE_STYLE_FILL_AREA(#17705);
#17705 = FILL_AREA_STYLE('',(#17706));
#17706 = FILL_AREA_STYLE_COLOUR('',#17230);
#17707 = STYLED_ITEM('color',(#17708),#8929);
#17708 = PRESENTATION_STYLE_ASSIGNMENT((#17709));
#17709 = SURFACE_STYLE_USAGE(.BOTH.,#17710);
#17710 = SURFACE_SIDE_STYLE('',(#17711));
#17711 = SURFACE_STYLE_FILL_AREA(#17712);
#17712 = FILL_AREA_STYLE('',(#17713));
#17713 = FILL_AREA_STYLE_COLOUR('',#17230);
#17714 = STYLED_ITEM('color',(#17715),#8961);
#17715 = PRESENTATION_STYLE_ASSIGNMENT((#17716));
#17716 = SURFACE_STYLE_USAGE(.BOTH.,#17717);
#17717 = SURFACE_SIDE_STYLE('',(#17718));
#17718 = SURFACE_STYLE_FILL_AREA(#17719);
#17719 = FILL_AREA_STYLE('',(#17720));
#17720 = FILL_AREA_STYLE_COLOUR('',#17230);
#17721 = STYLED_ITEM('color',(#17722),#8985);
#17722 = PRESENTATION_STYLE_ASSIGNMENT((#17723));
#17723 = SURFACE_STYLE_USAGE(.BOTH.,#17724);
#17724 = SURFACE_SIDE_STYLE('',(#17725));
#17725 = SURFACE_STYLE_FILL_AREA(#17726);
#17726 = FILL_AREA_STYLE('',(#17727));
#17727 = FILL_AREA_STYLE_COLOUR('',#17230);
#17728 = STYLED_ITEM('color',(#17729),#9002);
#17729 = PRESENTATION_STYLE_ASSIGNMENT((#17730));
#17730 = SURFACE_STYLE_USAGE(.BOTH.,#17731);
#17731 = SURFACE_SIDE_STYLE('',(#17732));
#17732 = SURFACE_STYLE_FILL_AREA(#17733);
#17733 = FILL_AREA_STYLE('',(#17734));
#17734 = FILL_AREA_STYLE_COLOUR('',#17230);
#17735 = STYLED_ITEM('color',(#17736),#9014);
#17736 = PRESENTATION_STYLE_ASSIGNMENT((#17737));
#17737 = SURFACE_STYLE_USAGE(.BOTH.,#17738);
#17738 = SURFACE_SIDE_STYLE('',(#17739));
#17739 = SURFACE_STYLE_FILL_AREA(#17740);
#17740 = FILL_AREA_STYLE('',(#17741));
#17741 = FILL_AREA_STYLE_COLOUR('',#17230);
#17742 = STYLED_ITEM('color',(#17743),#9038);
#17743 = PRESENTATION_STYLE_ASSIGNMENT((#17744));
#17744 = SURFACE_STYLE_USAGE(.BOTH.,#17745);
#17745 = SURFACE_SIDE_STYLE('',(#17746));
#17746 = SURFACE_STYLE_FILL_AREA(#17747);
#17747 = FILL_AREA_STYLE('',(#17748));
#17748 = FILL_AREA_STYLE_COLOUR('',#17230);
#17749 = STYLED_ITEM('color',(#17750),#9063);
#17750 = PRESENTATION_STYLE_ASSIGNMENT((#17751));
#17751 = SURFACE_STYLE_USAGE(.BOTH.,#17752);
#17752 = SURFACE_SIDE_STYLE('',(#17753));
#17753 = SURFACE_STYLE_FILL_AREA(#17754);
#17754 = FILL_AREA_STYLE('',(#17755));
#17755 = FILL_AREA_STYLE_COLOUR('',#17230);
#17756 = STYLED_ITEM('color',(#17757),#9240);
#17757 = PRESENTATION_STYLE_ASSIGNMENT((#17758));
#17758 = SURFACE_STYLE_USAGE(.BOTH.,#17759);
#17759 = SURFACE_SIDE_STYLE('',(#17760));
#17760 = SURFACE_STYLE_FILL_AREA(#17761);
#17761 = FILL_AREA_STYLE('',(#17762));
#17762 = FILL_AREA_STYLE_COLOUR('',#17230);
#17763 = STYLED_ITEM('color',(#17764),#9257);
#17764 = PRESENTATION_STYLE_ASSIGNMENT((#17765));
#17765 = SURFACE_STYLE_USAGE(.BOTH.,#17766);
#17766 = SURFACE_SIDE_STYLE('',(#17767));
#17767 = SURFACE_STYLE_FILL_AREA(#17768);
#17768 = FILL_AREA_STYLE('',(#17769));
#17769 = FILL_AREA_STYLE_COLOUR('',#17230);
#17770 = STYLED_ITEM('color',(#17771),#9274);
#17771 = PRESENTATION_STYLE_ASSIGNMENT((#17772));
#17772 = SURFACE_STYLE_USAGE(.BOTH.,#17773);
#17773 = SURFACE_SIDE_STYLE('',(#17774));
#17774 = SURFACE_STYLE_FILL_AREA(#17775);
#17775 = FILL_AREA_STYLE('',(#17776));
#17776 = FILL_AREA_STYLE_COLOUR('',#17230);
#17777 = STYLED_ITEM('color',(#17778),#9291);
#17778 = PRESENTATION_STYLE_ASSIGNMENT((#17779));
#17779 = SURFACE_STYLE_USAGE(.BOTH.,#17780);
#17780 = SURFACE_SIDE_STYLE('',(#17781));
#17781 = SURFACE_STYLE_FILL_AREA(#17782);
#17782 = FILL_AREA_STYLE('',(#17783));
#17783 = FILL_AREA_STYLE_COLOUR('',#17230);
#17784 = STYLED_ITEM('color',(#17785),#9308);
#17785 = PRESENTATION_STYLE_ASSIGNMENT((#17786));
#17786 = SURFACE_STYLE_USAGE(.BOTH.,#17787);
#17787 = SURFACE_SIDE_STYLE('',(#17788));
#17788 = SURFACE_STYLE_FILL_AREA(#17789);
#17789 = FILL_AREA_STYLE('',(#17790));
#17790 = FILL_AREA_STYLE_COLOUR('',#17230);
#17791 = STYLED_ITEM('color',(#17792),#9325);
#17792 = PRESENTATION_STYLE_ASSIGNMENT((#17793));
#17793 = SURFACE_STYLE_USAGE(.BOTH.,#17794);
#17794 = SURFACE_SIDE_STYLE('',(#17795));
#17795 = SURFACE_STYLE_FILL_AREA(#17796);
#17796 = FILL_AREA_STYLE('',(#17797));
#17797 = FILL_AREA_STYLE_COLOUR('',#17230);
#17798 = STYLED_ITEM('color',(#17799),#9342);
#17799 = PRESENTATION_STYLE_ASSIGNMENT((#17800));
#17800 = SURFACE_STYLE_USAGE(.BOTH.,#17801);
#17801 = SURFACE_SIDE_STYLE('',(#17802));
#17802 = SURFACE_STYLE_FILL_AREA(#17803);
#17803 = FILL_AREA_STYLE('',(#17804));
#17804 = FILL_AREA_STYLE_COLOUR('',#17230);
#17805 = STYLED_ITEM('color',(#17806),#9359);
#17806 = PRESENTATION_STYLE_ASSIGNMENT((#17807));
#17807 = SURFACE_STYLE_USAGE(.BOTH.,#17808);
#17808 = SURFACE_SIDE_STYLE('',(#17809));
#17809 = SURFACE_STYLE_FILL_AREA(#17810);
#17810 = FILL_AREA_STYLE('',(#17811));
#17811 = FILL_AREA_STYLE_COLOUR('',#17230);
#17812 = STYLED_ITEM('color',(#17813),#9376);
#17813 = PRESENTATION_STYLE_ASSIGNMENT((#17814));
#17814 = SURFACE_STYLE_USAGE(.BOTH.,#17815);
#17815 = SURFACE_SIDE_STYLE('',(#17816));
#17816 = SURFACE_STYLE_FILL_AREA(#17817);
#17817 = FILL_AREA_STYLE('',(#17818));
#17818 = FILL_AREA_STYLE_COLOUR('',#17230);
#17819 = STYLED_ITEM('color',(#17820),#9393);
#17820 = PRESENTATION_STYLE_ASSIGNMENT((#17821));
#17821 = SURFACE_STYLE_USAGE(.BOTH.,#17822);
#17822 = SURFACE_SIDE_STYLE('',(#17823));
#17823 = SURFACE_STYLE_FILL_AREA(#17824);
#17824 = FILL_AREA_STYLE('',(#17825));
#17825 = FILL_AREA_STYLE_COLOUR('',#17230);
#17826 = STYLED_ITEM('color',(#17827),#9410);
#17827 = PRESENTATION_STYLE_ASSIGNMENT((#17828));
#17828 = SURFACE_STYLE_USAGE(.BOTH.,#17829);
#17829 = SURFACE_SIDE_STYLE('',(#17830));
#17830 = SURFACE_STYLE_FILL_AREA(#17831);
#17831 = FILL_AREA_STYLE('',(#17832));
#17832 = FILL_AREA_STYLE_COLOUR('',#17230);
#17833 = STYLED_ITEM('color',(#17834),#9427);
#17834 = PRESENTATION_STYLE_ASSIGNMENT((#17835));
#17835 = SURFACE_STYLE_USAGE(.BOTH.,#17836);
#17836 = SURFACE_SIDE_STYLE('',(#17837));
#17837 = SURFACE_STYLE_FILL_AREA(#17838);
#17838 = FILL_AREA_STYLE('',(#17839));
#17839 = FILL_AREA_STYLE_COLOUR('',#17230);
#17840 = STYLED_ITEM('color',(#17841),#9444);
#17841 = PRESENTATION_STYLE_ASSIGNMENT((#17842));
#17842 = SURFACE_STYLE_USAGE(.BOTH.,#17843);
#17843 = SURFACE_SIDE_STYLE('',(#17844));
#17844 = SURFACE_STYLE_FILL_AREA(#17845);
#17845 = FILL_AREA_STYLE('',(#17846));
#17846 = FILL_AREA_STYLE_COLOUR('',#17230);
#17847 = STYLED_ITEM('color',(#17848),#9461);
#17848 = PRESENTATION_STYLE_ASSIGNMENT((#17849));
#17849 = SURFACE_STYLE_USAGE(.BOTH.,#17850);
#17850 = SURFACE_SIDE_STYLE('',(#17851));
#17851 = SURFACE_STYLE_FILL_AREA(#17852);
#17852 = FILL_AREA_STYLE('',(#17853));
#17853 = FILL_AREA_STYLE_COLOUR('',#17230);
#17854 = STYLED_ITEM('color',(#17855),#9478);
#17855 = PRESENTATION_STYLE_ASSIGNMENT((#17856));
#17856 = SURFACE_STYLE_USAGE(.BOTH.,#17857);
#17857 = SURFACE_SIDE_STYLE('',(#17858));
#17858 = SURFACE_STYLE_FILL_AREA(#17859);
#17859 = FILL_AREA_STYLE('',(#17860));
#17860 = FILL_AREA_STYLE_COLOUR('',#17230);
#17861 = STYLED_ITEM('color',(#17862),#9495);
#17862 = PRESENTATION_STYLE_ASSIGNMENT((#17863));
#17863 = SURFACE_STYLE_USAGE(.BOTH.,#17864);
#17864 = SURFACE_SIDE_STYLE('',(#17865));
#17865 = SURFACE_STYLE_FILL_AREA(#17866);
#17866 = FILL_AREA_STYLE('',(#17867));
#17867 = FILL_AREA_STYLE_COLOUR('',#17230);
#17868 = STYLED_ITEM('color',(#17869),#9512);
#17869 = PRESENTATION_STYLE_ASSIGNMENT((#17870));
#17870 = SURFACE_STYLE_USAGE(.BOTH.,#17871);
#17871 = SURFACE_SIDE_STYLE('',(#17872));
#17872 = SURFACE_STYLE_FILL_AREA(#17873);
#17873 = FILL_AREA_STYLE('',(#17874));
#17874 = FILL_AREA_STYLE_COLOUR('',#17230);
#17875 = STYLED_ITEM('color',(#17876),#9524);
#17876 = PRESENTATION_STYLE_ASSIGNMENT((#17877));
#17877 = SURFACE_STYLE_USAGE(.BOTH.,#17878);
#17878 = SURFACE_SIDE_STYLE('',(#17879));
#17879 = SURFACE_STYLE_FILL_AREA(#17880);
#17880 = FILL_AREA_STYLE('',(#17881));
#17881 = FILL_AREA_STYLE_COLOUR('',#17882);
#17882 = COLOUR_RGB('',0.823529417451,0.819607860991,0.780392170416);
#17883 = STYLED_ITEM('color',(#17884),#9621);
#17884 = PRESENTATION_STYLE_ASSIGNMENT((#17885));
#17885 = SURFACE_STYLE_USAGE(.BOTH.,#17886);
#17886 = SURFACE_SIDE_STYLE('',(#17887));
#17887 = SURFACE_STYLE_FILL_AREA(#17888);
#17888 = FILL_AREA_STYLE('',(#17889));
#17889 = FILL_AREA_STYLE_COLOUR('',#17882);
#17890 = STYLED_ITEM('color',(#17891),#9645);
#17891 = PRESENTATION_STYLE_ASSIGNMENT((#17892));
#17892 = SURFACE_STYLE_USAGE(.BOTH.,#17893);
#17893 = SURFACE_SIDE_STYLE('',(#17894));
#17894 = SURFACE_STYLE_FILL_AREA(#17895);
#17895 = FILL_AREA_STYLE('',(#17896));
#17896 = FILL_AREA_STYLE_COLOUR('',#17882);
#17897 = STYLED_ITEM('color',(#17898),#9735);
#17898 = PRESENTATION_STYLE_ASSIGNMENT((#17899));
#17899 = SURFACE_STYLE_USAGE(.BOTH.,#17900);
#17900 = SURFACE_SIDE_STYLE('',(#17901));
#17901 = SURFACE_STYLE_FILL_AREA(#17902);
#17902 = FILL_AREA_STYLE('',(#17903));
#17903 = FILL_AREA_STYLE_COLOUR('',#17882);
#17904 = STYLED_ITEM('color',(#17905),#9752);
#17905 = PRESENTATION_STYLE_ASSIGNMENT((#17906));
#17906 = SURFACE_STYLE_USAGE(.BOTH.,#17907);
#17907 = SURFACE_SIDE_STYLE('',(#17908));
#17908 = SURFACE_STYLE_FILL_AREA(#17909);
#17909 = FILL_AREA_STYLE('',(#17910));
#17910 = FILL_AREA_STYLE_COLOUR('',#17882);
#17911 = STYLED_ITEM('color',(#17912),#9817);
#17912 = PRESENTATION_STYLE_ASSIGNMENT((#17913));
#17913 = SURFACE_STYLE_USAGE(.BOTH.,#17914);
#17914 = SURFACE_SIDE_STYLE('',(#17915));
#17915 = SURFACE_STYLE_FILL_AREA(#17916);
#17916 = FILL_AREA_STYLE('',(#17917));
#17917 = FILL_AREA_STYLE_COLOUR('',#17882);
#17918 = STYLED_ITEM('color',(#17919),#9841);
#17919 = PRESENTATION_STYLE_ASSIGNMENT((#17920));
#17920 = SURFACE_STYLE_USAGE(.BOTH.,#17921);
#17921 = SURFACE_SIDE_STYLE('',(#17922));
#17922 = SURFACE_STYLE_FILL_AREA(#17923);
#17923 = FILL_AREA_STYLE('',(#17924));
#17924 = FILL_AREA_STYLE_COLOUR('',#17882);
#17925 = STYLED_ITEM('color',(#17926),#9899);
#17926 = PRESENTATION_STYLE_ASSIGNMENT((#17927));
#17927 = SURFACE_STYLE_USAGE(.BOTH.,#17928);
#17928 = SURFACE_SIDE_STYLE('',(#17929));
#17929 = SURFACE_STYLE_FILL_AREA(#17930);
#17930 = FILL_AREA_STYLE('',(#17931));
#17931 = FILL_AREA_STYLE_COLOUR('',#17882);
#17932 = STYLED_ITEM('color',(#17933),#9916);
#17933 = PRESENTATION_STYLE_ASSIGNMENT((#17934));
#17934 = SURFACE_STYLE_USAGE(.BOTH.,#17935);
#17935 = SURFACE_SIDE_STYLE('',(#17936));
#17936 = SURFACE_STYLE_FILL_AREA(#17937);
#17937 = FILL_AREA_STYLE('',(#17938));
#17938 = FILL_AREA_STYLE_COLOUR('',#17882);
#17939 = STYLED_ITEM('color',(#17940),#9981);
#17940 = PRESENTATION_STYLE_ASSIGNMENT((#17941));
#17941 = SURFACE_STYLE_USAGE(.BOTH.,#17942);
#17942 = SURFACE_SIDE_STYLE('',(#17943));
#17943 = SURFACE_STYLE_FILL_AREA(#17944);
#17944 = FILL_AREA_STYLE('',(#17945));
#17945 = FILL_AREA_STYLE_COLOUR('',#17882);
#17946 = STYLED_ITEM('color',(#17947),#10005);
#17947 = PRESENTATION_STYLE_ASSIGNMENT((#17948));
#17948 = SURFACE_STYLE_USAGE(.BOTH.,#17949);
#17949 = SURFACE_SIDE_STYLE('',(#17950));
#17950 = SURFACE_STYLE_FILL_AREA(#17951);
#17951 = FILL_AREA_STYLE('',(#17952));
#17952 = FILL_AREA_STYLE_COLOUR('',#17882);
#17953 = STYLED_ITEM('color',(#17954),#10063);
#17954 = PRESENTATION_STYLE_ASSIGNMENT((#17955));
#17955 = SURFACE_STYLE_USAGE(.BOTH.,#17956);
#17956 = SURFACE_SIDE_STYLE('',(#17957));
#17957 = SURFACE_STYLE_FILL_AREA(#17958);
#17958 = FILL_AREA_STYLE('',(#17959));
#17959 = FILL_AREA_STYLE_COLOUR('',#17882);
#17960 = STYLED_ITEM('color',(#17961),#10080);
#17961 = PRESENTATION_STYLE_ASSIGNMENT((#17962));
#17962 = SURFACE_STYLE_USAGE(.BOTH.,#17963);
#17963 = SURFACE_SIDE_STYLE('',(#17964));
#17964 = SURFACE_STYLE_FILL_AREA(#17965);
#17965 = FILL_AREA_STYLE('',(#17966));
#17966 = FILL_AREA_STYLE_COLOUR('',#17882);
#17967 = STYLED_ITEM('color',(#17968),#10145);
#17968 = PRESENTATION_STYLE_ASSIGNMENT((#17969));
#17969 = SURFACE_STYLE_USAGE(.BOTH.,#17970);
#17970 = SURFACE_SIDE_STYLE('',(#17971));
#17971 = SURFACE_STYLE_FILL_AREA(#17972);
#17972 = FILL_AREA_STYLE('',(#17973));
#17973 = FILL_AREA_STYLE_COLOUR('',#17882);
#17974 = STYLED_ITEM('color',(#17975),#10169);
#17975 = PRESENTATION_STYLE_ASSIGNMENT((#17976));
#17976 = SURFACE_STYLE_USAGE(.BOTH.,#17977);
#17977 = SURFACE_SIDE_STYLE('',(#17978));
#17978 = SURFACE_STYLE_FILL_AREA(#17979);
#17979 = FILL_AREA_STYLE('',(#17980));
#17980 = FILL_AREA_STYLE_COLOUR('',#17882);
#17981 = STYLED_ITEM('color',(#17982),#10227);
#17982 = PRESENTATION_STYLE_ASSIGNMENT((#17983));
#17983 = SURFACE_STYLE_USAGE(.BOTH.,#17984);
#17984 = SURFACE_SIDE_STYLE('',(#17985));
#17985 = SURFACE_STYLE_FILL_AREA(#17986);
#17986 = FILL_AREA_STYLE('',(#17987));
#17987 = FILL_AREA_STYLE_COLOUR('',#17882);
#17988 = STYLED_ITEM('color',(#17989),#10244);
#17989 = PRESENTATION_STYLE_ASSIGNMENT((#17990));
#17990 = SURFACE_STYLE_USAGE(.BOTH.,#17991);
#17991 = SURFACE_SIDE_STYLE('',(#17992));
#17992 = SURFACE_STYLE_FILL_AREA(#17993);
#17993 = FILL_AREA_STYLE('',(#17994));
#17994 = FILL_AREA_STYLE_COLOUR('',#17882);
#17995 = STYLED_ITEM('color',(#17996),#10275);
#17996 = PRESENTATION_STYLE_ASSIGNMENT((#17997));
#17997 = SURFACE_STYLE_USAGE(.BOTH.,#17998);
#17998 = SURFACE_SIDE_STYLE('',(#17999));
#17999 = SURFACE_STYLE_FILL_AREA(#18000);
#18000 = FILL_AREA_STYLE('',(#18001));
#18001 = FILL_AREA_STYLE_COLOUR('',#17882);
#18002 = STYLED_ITEM('color',(#18003),#10333);
#18003 = PRESENTATION_STYLE_ASSIGNMENT((#18004));
#18004 = SURFACE_STYLE_USAGE(.BOTH.,#18005);
#18005 = SURFACE_SIDE_STYLE('',(#18006));
#18006 = SURFACE_STYLE_FILL_AREA(#18007);
#18007 = FILL_AREA_STYLE('',(#18008));
#18008 = FILL_AREA_STYLE_COLOUR('',#17882);
#18009 = STYLED_ITEM('color',(#18010),#10357);
#18010 = PRESENTATION_STYLE_ASSIGNMENT((#18011));
#18011 = SURFACE_STYLE_USAGE(.BOTH.,#18012);
#18012 = SURFACE_SIDE_STYLE('',(#18013));
#18013 = SURFACE_STYLE_FILL_AREA(#18014);
#18014 = FILL_AREA_STYLE('',(#18015));
#18015 = FILL_AREA_STYLE_COLOUR('',#17882);
#18016 = STYLED_ITEM('color',(#18017),#10408);
#18017 = PRESENTATION_STYLE_ASSIGNMENT((#18018));
#18018 = SURFACE_STYLE_USAGE(.BOTH.,#18019);
#18019 = SURFACE_SIDE_STYLE('',(#18020));
#18020 = SURFACE_STYLE_FILL_AREA(#18021);
#18021 = FILL_AREA_STYLE('',(#18022));
#18022 = FILL_AREA_STYLE_COLOUR('',#17882);
#18023 = STYLED_ITEM('color',(#18024),#10439);
#18024 = PRESENTATION_STYLE_ASSIGNMENT((#18025));
#18025 = SURFACE_STYLE_USAGE(.BOTH.,#18026);
#18026 = SURFACE_SIDE_STYLE('',(#18027));
#18027 = SURFACE_STYLE_FILL_AREA(#18028);
#18028 = FILL_AREA_STYLE('',(#18029));
#18029 = FILL_AREA_STYLE_COLOUR('',#17882);
#18030 = STYLED_ITEM('color',(#18031),#10497);
#18031 = PRESENTATION_STYLE_ASSIGNMENT((#18032));
#18032 = SURFACE_STYLE_USAGE(.BOTH.,#18033);
#18033 = SURFACE_SIDE_STYLE('',(#18034));
#18034 = SURFACE_STYLE_FILL_AREA(#18035);
#18035 = FILL_AREA_STYLE('',(#18036));
#18036 = FILL_AREA_STYLE_COLOUR('',#17882);
#18037 = STYLED_ITEM('color',(#18038),#10521);
#18038 = PRESENTATION_STYLE_ASSIGNMENT((#18039));
#18039 = SURFACE_STYLE_USAGE(.BOTH.,#18040);
#18040 = SURFACE_SIDE_STYLE('',(#18041));
#18041 = SURFACE_STYLE_FILL_AREA(#18042);
#18042 = FILL_AREA_STYLE('',(#18043));
#18043 = FILL_AREA_STYLE_COLOUR('',#17882);
#18044 = STYLED_ITEM('color',(#18045),#10572);
#18045 = PRESENTATION_STYLE_ASSIGNMENT((#18046));
#18046 = SURFACE_STYLE_USAGE(.BOTH.,#18047);
#18047 = SURFACE_SIDE_STYLE('',(#18048));
#18048 = SURFACE_STYLE_FILL_AREA(#18049);
#18049 = FILL_AREA_STYLE('',(#18050));
#18050 = FILL_AREA_STYLE_COLOUR('',#17882);
#18051 = STYLED_ITEM('color',(#18052),#10637);
#18052 = PRESENTATION_STYLE_ASSIGNMENT((#18053));
#18053 = SURFACE_STYLE_USAGE(.BOTH.,#18054);
#18054 = SURFACE_SIDE_STYLE('',(#18055));
#18055 = SURFACE_STYLE_FILL_AREA(#18056);
#18056 = FILL_AREA_STYLE('',(#18057));
#18057 = FILL_AREA_STYLE_COLOUR('',#17882);
#18058 = STYLED_ITEM('color',(#18059),#10661);
#18059 = PRESENTATION_STYLE_ASSIGNMENT((#18060));
#18060 = SURFACE_STYLE_USAGE(.BOTH.,#18061);
#18061 = SURFACE_SIDE_STYLE('',(#18062));
#18062 = SURFACE_STYLE_FILL_AREA(#18063);
#18063 = FILL_AREA_STYLE('',(#18064));
#18064 = FILL_AREA_STYLE_COLOUR('',#17882);
#18065 = STYLED_ITEM('color',(#18066),#10719);
#18066 = PRESENTATION_STYLE_ASSIGNMENT((#18067));
#18067 = SURFACE_STYLE_USAGE(.BOTH.,#18068);
#18068 = SURFACE_SIDE_STYLE('',(#18069));
#18069 = SURFACE_STYLE_FILL_AREA(#18070);
#18070 = FILL_AREA_STYLE('',(#18071));
#18071 = FILL_AREA_STYLE_COLOUR('',#17882);
#18072 = STYLED_ITEM('color',(#18073),#10736);
#18073 = PRESENTATION_STYLE_ASSIGNMENT((#18074));
#18074 = SURFACE_STYLE_USAGE(.BOTH.,#18075);
#18075 = SURFACE_SIDE_STYLE('',(#18076));
#18076 = SURFACE_STYLE_FILL_AREA(#18077);
#18077 = FILL_AREA_STYLE('',(#18078));
#18078 = FILL_AREA_STYLE_COLOUR('',#17882);
#18079 = STYLED_ITEM('color',(#18080),#10801);
#18080 = PRESENTATION_STYLE_ASSIGNMENT((#18081));
#18081 = SURFACE_STYLE_USAGE(.BOTH.,#18082);
#18082 = SURFACE_SIDE_STYLE('',(#18083));
#18083 = SURFACE_STYLE_FILL_AREA(#18084);
#18084 = FILL_AREA_STYLE('',(#18085));
#18085 = FILL_AREA_STYLE_COLOUR('',#17882);
#18086 = STYLED_ITEM('color',(#18087),#10825);
#18087 = PRESENTATION_STYLE_ASSIGNMENT((#18088));
#18088 = SURFACE_STYLE_USAGE(.BOTH.,#18089);
#18089 = SURFACE_SIDE_STYLE('',(#18090));
#18090 = SURFACE_STYLE_FILL_AREA(#18091);
#18091 = FILL_AREA_STYLE('',(#18092));
#18092 = FILL_AREA_STYLE_COLOUR('',#17882);
#18093 = STYLED_ITEM('color',(#18094),#10883);
#18094 = PRESENTATION_STYLE_ASSIGNMENT((#18095));
#18095 = SURFACE_STYLE_USAGE(.BOTH.,#18096);
#18096 = SURFACE_SIDE_STYLE('',(#18097));
#18097 = SURFACE_STYLE_FILL_AREA(#18098);
#18098 = FILL_AREA_STYLE('',(#18099));
#18099 = FILL_AREA_STYLE_COLOUR('',#17882);
#18100 = STYLED_ITEM('color',(#18101),#10900);
#18101 = PRESENTATION_STYLE_ASSIGNMENT((#18102));
#18102 = SURFACE_STYLE_USAGE(.BOTH.,#18103);
#18103 = SURFACE_SIDE_STYLE('',(#18104));
#18104 = SURFACE_STYLE_FILL_AREA(#18105);
#18105 = FILL_AREA_STYLE('',(#18106));
#18106 = FILL_AREA_STYLE_COLOUR('',#17882);
#18107 = STYLED_ITEM('color',(#18108),#10997);
#18108 = PRESENTATION_STYLE_ASSIGNMENT((#18109));
#18109 = SURFACE_STYLE_USAGE(.BOTH.,#18110);
#18110 = SURFACE_SIDE_STYLE('',(#18111));
#18111 = SURFACE_STYLE_FILL_AREA(#18112);
#18112 = FILL_AREA_STYLE('',(#18113));
#18113 = FILL_AREA_STYLE_COLOUR('',#17882);
#18114 = STYLED_ITEM('color',(#18115),#11021);
#18115 = PRESENTATION_STYLE_ASSIGNMENT((#18116));
#18116 = SURFACE_STYLE_USAGE(.BOTH.,#18117);
#18117 = SURFACE_SIDE_STYLE('',(#18118));
#18118 = SURFACE_STYLE_FILL_AREA(#18119);
#18119 = FILL_AREA_STYLE('',(#18120));
#18120 = FILL_AREA_STYLE_COLOUR('',#17882);
#18121 = STYLED_ITEM('color',(#18122),#11111);
#18122 = PRESENTATION_STYLE_ASSIGNMENT((#18123));
#18123 = SURFACE_STYLE_USAGE(.BOTH.,#18124);
#18124 = SURFACE_SIDE_STYLE('',(#18125));
#18125 = SURFACE_STYLE_FILL_AREA(#18126);
#18126 = FILL_AREA_STYLE('',(#18127));
#18127 = FILL_AREA_STYLE_COLOUR('',#17882);
#18128 = STYLED_ITEM('color',(#18129),#11128);
#18129 = PRESENTATION_STYLE_ASSIGNMENT((#18130));
#18130 = SURFACE_STYLE_USAGE(.BOTH.,#18131);
#18131 = SURFACE_SIDE_STYLE('',(#18132));
#18132 = SURFACE_STYLE_FILL_AREA(#18133);
#18133 = FILL_AREA_STYLE('',(#18134));
#18134 = FILL_AREA_STYLE_COLOUR('',#17230);
#18135 = STYLED_ITEM('color',(#18136),#11153);
#18136 = PRESENTATION_STYLE_ASSIGNMENT((#18137));
#18137 = SURFACE_STYLE_USAGE(.BOTH.,#18138);
#18138 = SURFACE_SIDE_STYLE('',(#18139));
#18139 = SURFACE_STYLE_FILL_AREA(#18140);
#18140 = FILL_AREA_STYLE('',(#18141));
#18141 = FILL_AREA_STYLE_COLOUR('',#17230);
#18142 = STYLED_ITEM('color',(#18143),#11170);
#18143 = PRESENTATION_STYLE_ASSIGNMENT((#18144));
#18144 = SURFACE_STYLE_USAGE(.BOTH.,#18145);
#18145 = SURFACE_SIDE_STYLE('',(#18146));
#18146 = SURFACE_STYLE_FILL_AREA(#18147);
#18147 = FILL_AREA_STYLE('',(#18148));
#18148 = FILL_AREA_STYLE_COLOUR('',#17230);
#18149 = STYLED_ITEM('color',(#18150),#11197);
#18150 = PRESENTATION_STYLE_ASSIGNMENT((#18151));
#18151 = SURFACE_STYLE_USAGE(.BOTH.,#18152);
#18152 = SURFACE_SIDE_STYLE('',(#18153));
#18153 = SURFACE_STYLE_FILL_AREA(#18154);
#18154 = FILL_AREA_STYLE('',(#18155));
#18155 = FILL_AREA_STYLE_COLOUR('',#17230);
#18156 = STYLED_ITEM('color',(#18157),#11224);
#18157 = PRESENTATION_STYLE_ASSIGNMENT((#18158));
#18158 = SURFACE_STYLE_USAGE(.BOTH.,#18159);
#18159 = SURFACE_SIDE_STYLE('',(#18160));
#18160 = SURFACE_STYLE_FILL_AREA(#18161);
#18161 = FILL_AREA_STYLE('',(#18162));
#18162 = FILL_AREA_STYLE_COLOUR('',#17230);
#18163 = STYLED_ITEM('color',(#18164),#11241);
#18164 = PRESENTATION_STYLE_ASSIGNMENT((#18165));
#18165 = SURFACE_STYLE_USAGE(.BOTH.,#18166);
#18166 = SURFACE_SIDE_STYLE('',(#18167));
#18167 = SURFACE_STYLE_FILL_AREA(#18168);
#18168 = FILL_AREA_STYLE('',(#18169));
#18169 = FILL_AREA_STYLE_COLOUR('',#17230);
#18170 = STYLED_ITEM('color',(#18171),#11559);
#18171 = PRESENTATION_STYLE_ASSIGNMENT((#18172));
#18172 = SURFACE_STYLE_USAGE(.BOTH.,#18173);
#18173 = SURFACE_SIDE_STYLE('',(#18174));
#18174 = SURFACE_STYLE_FILL_AREA(#18175);
#18175 = FILL_AREA_STYLE('',(#18176));
#18176 = FILL_AREA_STYLE_COLOUR('',#17882);
#18177 = STYLED_ITEM('color',(#18178),#11576);
#18178 = PRESENTATION_STYLE_ASSIGNMENT((#18179));
#18179 = SURFACE_STYLE_USAGE(.BOTH.,#18180);
#18180 = SURFACE_SIDE_STYLE('',(#18181));
#18181 = SURFACE_STYLE_FILL_AREA(#18182);
#18182 = FILL_AREA_STYLE('',(#18183));
#18183 = FILL_AREA_STYLE_COLOUR('',#17882);
#18184 = STYLED_ITEM('color',(#18185),#11593);
#18185 = PRESENTATION_STYLE_ASSIGNMENT((#18186));
#18186 = SURFACE_STYLE_USAGE(.BOTH.,#18187);
#18187 = SURFACE_SIDE_STYLE('',(#18188));
#18188 = SURFACE_STYLE_FILL_AREA(#18189);
#18189 = FILL_AREA_STYLE('',(#18190));
#18190 = FILL_AREA_STYLE_COLOUR('',#17882);
#18191 = STYLED_ITEM('color',(#18192),#11610);
#18192 = PRESENTATION_STYLE_ASSIGNMENT((#18193));
#18193 = SURFACE_STYLE_USAGE(.BOTH.,#18194);
#18194 = SURFACE_SIDE_STYLE('',(#18195));
#18195 = SURFACE_STYLE_FILL_AREA(#18196);
#18196 = FILL_AREA_STYLE('',(#18197));
#18197 = FILL_AREA_STYLE_COLOUR('',#17882);
#18198 = STYLED_ITEM('color',(#18199),#11643);
#18199 = PRESENTATION_STYLE_ASSIGNMENT((#18200));
#18200 = SURFACE_STYLE_USAGE(.BOTH.,#18201);
#18201 = SURFACE_SIDE_STYLE('',(#18202));
#18202 = SURFACE_STYLE_FILL_AREA(#18203);
#18203 = FILL_AREA_STYLE('',(#18204));
#18204 = FILL_AREA_STYLE_COLOUR('',#17882);
#18205 = STYLED_ITEM('color',(#18206),#11683);
#18206 = PRESENTATION_STYLE_ASSIGNMENT((#18207));
#18207 = SURFACE_STYLE_USAGE(.BOTH.,#18208);
#18208 = SURFACE_SIDE_STYLE('',(#18209));
#18209 = SURFACE_STYLE_FILL_AREA(#18210);
#18210 = FILL_AREA_STYLE('',(#18211));
#18211 = FILL_AREA_STYLE_COLOUR('',#17882);
#18212 = STYLED_ITEM('color',(#18213),#11714);
#18213 = PRESENTATION_STYLE_ASSIGNMENT((#18214));
#18214 = SURFACE_STYLE_USAGE(.BOTH.,#18215);
#18215 = SURFACE_SIDE_STYLE('',(#18216));
#18216 = SURFACE_STYLE_FILL_AREA(#18217);
#18217 = FILL_AREA_STYLE('',(#18218));
#18218 = FILL_AREA_STYLE_COLOUR('',#17882);
#18219 = STYLED_ITEM('color',(#18220),#11731);
#18220 = PRESENTATION_STYLE_ASSIGNMENT((#18221));
#18221 = SURFACE_STYLE_USAGE(.BOTH.,#18222);
#18222 = SURFACE_SIDE_STYLE('',(#18223));
#18223 = SURFACE_STYLE_FILL_AREA(#18224);
#18224 = FILL_AREA_STYLE('',(#18225));
#18225 = FILL_AREA_STYLE_COLOUR('',#17882);
#18226 = STYLED_ITEM('color',(#18227),#11748);
#18227 = PRESENTATION_STYLE_ASSIGNMENT((#18228));
#18228 = SURFACE_STYLE_USAGE(.BOTH.,#18229);
#18229 = SURFACE_SIDE_STYLE('',(#18230));
#18230 = SURFACE_STYLE_FILL_AREA(#18231);
#18231 = FILL_AREA_STYLE('',(#18232));
#18232 = FILL_AREA_STYLE_COLOUR('',#17882);
#18233 = STYLED_ITEM('color',(#18234),#11760);
#18234 = PRESENTATION_STYLE_ASSIGNMENT((#18235));
#18235 = SURFACE_STYLE_USAGE(.BOTH.,#18236);
#18236 = SURFACE_SIDE_STYLE('',(#18237));
#18237 = SURFACE_STYLE_FILL_AREA(#18238);
#18238 = FILL_AREA_STYLE('',(#18239));
#18239 = FILL_AREA_STYLE_COLOUR('',#17882);
#18240 = STYLED_ITEM('color',(#18241),#11793);
#18241 = PRESENTATION_STYLE_ASSIGNMENT((#18242));
#18242 = SURFACE_STYLE_USAGE(.BOTH.,#18243);
#18243 = SURFACE_SIDE_STYLE('',(#18244));
#18244 = SURFACE_STYLE_FILL_AREA(#18245);
#18245 = FILL_AREA_STYLE('',(#18246));
#18246 = FILL_AREA_STYLE_COLOUR('',#17882);
#18247 = STYLED_ITEM('color',(#18248),#11810);
#18248 = PRESENTATION_STYLE_ASSIGNMENT((#18249));
#18249 = SURFACE_STYLE_USAGE(.BOTH.,#18250);
#18250 = SURFACE_SIDE_STYLE('',(#18251));
#18251 = SURFACE_STYLE_FILL_AREA(#18252);
#18252 = FILL_AREA_STYLE('',(#18253));
#18253 = FILL_AREA_STYLE_COLOUR('',#17882);
#18254 = STYLED_ITEM('color',(#18255),#11827);
#18255 = PRESENTATION_STYLE_ASSIGNMENT((#18256));
#18256 = SURFACE_STYLE_USAGE(.BOTH.,#18257);
#18257 = SURFACE_SIDE_STYLE('',(#18258));
#18258 = SURFACE_STYLE_FILL_AREA(#18259);
#18259 = FILL_AREA_STYLE('',(#18260));
#18260 = FILL_AREA_STYLE_COLOUR('',#17882);
#18261 = STYLED_ITEM('color',(#18262),#11858);
#18262 = PRESENTATION_STYLE_ASSIGNMENT((#18263));
#18263 = SURFACE_STYLE_USAGE(.BOTH.,#18264);
#18264 = SURFACE_SIDE_STYLE('',(#18265));
#18265 = SURFACE_STYLE_FILL_AREA(#18266);
#18266 = FILL_AREA_STYLE('',(#18267));
#18267 = FILL_AREA_STYLE_COLOUR('',#17882);
#18268 = STYLED_ITEM('color',(#18269),#11880);
#18269 = PRESENTATION_STYLE_ASSIGNMENT((#18270));
#18270 = SURFACE_STYLE_USAGE(.BOTH.,#18271);
#18271 = SURFACE_SIDE_STYLE('',(#18272));
#18272 = SURFACE_STYLE_FILL_AREA(#18273);
#18273 = FILL_AREA_STYLE('',(#18274));
#18274 = FILL_AREA_STYLE_COLOUR('',#17882);
#18275 = STYLED_ITEM('color',(#18276),#11892);
#18276 = PRESENTATION_STYLE_ASSIGNMENT((#18277));
#18277 = SURFACE_STYLE_USAGE(.BOTH.,#18278);
#18278 = SURFACE_SIDE_STYLE('',(#18279));
#18279 = SURFACE_STYLE_FILL_AREA(#18280);
#18280 = FILL_AREA_STYLE('',(#18281));
#18281 = FILL_AREA_STYLE_COLOUR('',#17882);
#18282 = STYLED_ITEM('color',(#18283),#11923);
#18283 = PRESENTATION_STYLE_ASSIGNMENT((#18284));
#18284 = SURFACE_STYLE_USAGE(.BOTH.,#18285);
#18285 = SURFACE_SIDE_STYLE('',(#18286));
#18286 = SURFACE_STYLE_FILL_AREA(#18287);
#18287 = FILL_AREA_STYLE('',(#18288));
#18288 = FILL_AREA_STYLE_COLOUR('',#17882);
#18289 = STYLED_ITEM('color',(#18290),#11940);
#18290 = PRESENTATION_STYLE_ASSIGNMENT((#18291));
#18291 = SURFACE_STYLE_USAGE(.BOTH.,#18292);
#18292 = SURFACE_SIDE_STYLE('',(#18293));
#18293 = SURFACE_STYLE_FILL_AREA(#18294);
#18294 = FILL_AREA_STYLE('',(#18295));
#18295 = FILL_AREA_STYLE_COLOUR('',#17882);
#18296 = STYLED_ITEM('color',(#18297),#11957);
#18297 = PRESENTATION_STYLE_ASSIGNMENT((#18298));
#18298 = SURFACE_STYLE_USAGE(.BOTH.,#18299);
#18299 = SURFACE_SIDE_STYLE('',(#18300));
#18300 = SURFACE_STYLE_FILL_AREA(#18301);
#18301 = FILL_AREA_STYLE('',(#18302));
#18302 = FILL_AREA_STYLE_COLOUR('',#17882);
#18303 = STYLED_ITEM('color',(#18304),#11988);
#18304 = PRESENTATION_STYLE_ASSIGNMENT((#18305));
#18305 = SURFACE_STYLE_USAGE(.BOTH.,#18306);
#18306 = SURFACE_SIDE_STYLE('',(#18307));
#18307 = SURFACE_STYLE_FILL_AREA(#18308);
#18308 = FILL_AREA_STYLE('',(#18309));
#18309 = FILL_AREA_STYLE_COLOUR('',#17882);
#18310 = STYLED_ITEM('color',(#18311),#12010);
#18311 = PRESENTATION_STYLE_ASSIGNMENT((#18312));
#18312 = SURFACE_STYLE_USAGE(.BOTH.,#18313);
#18313 = SURFACE_SIDE_STYLE('',(#18314));
#18314 = SURFACE_STYLE_FILL_AREA(#18315);
#18315 = FILL_AREA_STYLE('',(#18316));
#18316 = FILL_AREA_STYLE_COLOUR('',#17882);
#18317 = STYLED_ITEM('color',(#18318),#12022);
#18318 = PRESENTATION_STYLE_ASSIGNMENT((#18319));
#18319 = SURFACE_STYLE_USAGE(.BOTH.,#18320);
#18320 = SURFACE_SIDE_STYLE('',(#18321));
#18321 = SURFACE_STYLE_FILL_AREA(#18322);
#18322 = FILL_AREA_STYLE('',(#18323));
#18323 = FILL_AREA_STYLE_COLOUR('',#17882);
#18324 = STYLED_ITEM('color',(#18325),#12053);
#18325 = PRESENTATION_STYLE_ASSIGNMENT((#18326));
#18326 = SURFACE_STYLE_USAGE(.BOTH.,#18327);
#18327 = SURFACE_SIDE_STYLE('',(#18328));
#18328 = SURFACE_STYLE_FILL_AREA(#18329);
#18329 = FILL_AREA_STYLE('',(#18330));
#18330 = FILL_AREA_STYLE_COLOUR('',#17882);
#18331 = STYLED_ITEM('color',(#18332),#12070);
#18332 = PRESENTATION_STYLE_ASSIGNMENT((#18333));
#18333 = SURFACE_STYLE_USAGE(.BOTH.,#18334);
#18334 = SURFACE_SIDE_STYLE('',(#18335));
#18335 = SURFACE_STYLE_FILL_AREA(#18336);
#18336 = FILL_AREA_STYLE('',(#18337));
#18337 = FILL_AREA_STYLE_COLOUR('',#17882);
#18338 = STYLED_ITEM('color',(#18339),#12087);
#18339 = PRESENTATION_STYLE_ASSIGNMENT((#18340));
#18340 = SURFACE_STYLE_USAGE(.BOTH.,#18341);
#18341 = SURFACE_SIDE_STYLE('',(#18342));
#18342 = SURFACE_STYLE_FILL_AREA(#18343);
#18343 = FILL_AREA_STYLE('',(#18344));
#18344 = FILL_AREA_STYLE_COLOUR('',#17882);
#18345 = STYLED_ITEM('color',(#18346),#12118);
#18346 = PRESENTATION_STYLE_ASSIGNMENT((#18347));
#18347 = SURFACE_STYLE_USAGE(.BOTH.,#18348);
#18348 = SURFACE_SIDE_STYLE('',(#18349));
#18349 = SURFACE_STYLE_FILL_AREA(#18350);
#18350 = FILL_AREA_STYLE('',(#18351));
#18351 = FILL_AREA_STYLE_COLOUR('',#17882);
#18352 = STYLED_ITEM('color',(#18353),#12140);
#18353 = PRESENTATION_STYLE_ASSIGNMENT((#18354));
#18354 = SURFACE_STYLE_USAGE(.BOTH.,#18355);
#18355 = SURFACE_SIDE_STYLE('',(#18356));
#18356 = SURFACE_STYLE_FILL_AREA(#18357);
#18357 = FILL_AREA_STYLE('',(#18358));
#18358 = FILL_AREA_STYLE_COLOUR('',#17882);
#18359 = STYLED_ITEM('color',(#18360),#12152);
#18360 = PRESENTATION_STYLE_ASSIGNMENT((#18361));
#18361 = SURFACE_STYLE_USAGE(.BOTH.,#18362);
#18362 = SURFACE_SIDE_STYLE('',(#18363));
#18363 = SURFACE_STYLE_FILL_AREA(#18364);
#18364 = FILL_AREA_STYLE('',(#18365));
#18365 = FILL_AREA_STYLE_COLOUR('',#17882);
#18366 = STYLED_ITEM('color',(#18367),#12183);
#18367 = PRESENTATION_STYLE_ASSIGNMENT((#18368));
#18368 = SURFACE_STYLE_USAGE(.BOTH.,#18369);
#18369 = SURFACE_SIDE_STYLE('',(#18370));
#18370 = SURFACE_STYLE_FILL_AREA(#18371);
#18371 = FILL_AREA_STYLE('',(#18372));
#18372 = FILL_AREA_STYLE_COLOUR('',#17882);
#18373 = STYLED_ITEM('color',(#18374),#12200);
#18374 = PRESENTATION_STYLE_ASSIGNMENT((#18375));
#18375 = SURFACE_STYLE_USAGE(.BOTH.,#18376);
#18376 = SURFACE_SIDE_STYLE('',(#18377));
#18377 = SURFACE_STYLE_FILL_AREA(#18378);
#18378 = FILL_AREA_STYLE('',(#18379));
#18379 = FILL_AREA_STYLE_COLOUR('',#17882);
#18380 = STYLED_ITEM('color',(#18381),#12217);
#18381 = PRESENTATION_STYLE_ASSIGNMENT((#18382));
#18382 = SURFACE_STYLE_USAGE(.BOTH.,#18383);
#18383 = SURFACE_SIDE_STYLE('',(#18384));
#18384 = SURFACE_STYLE_FILL_AREA(#18385);
#18385 = FILL_AREA_STYLE('',(#18386));
#18386 = FILL_AREA_STYLE_COLOUR('',#17882);
#18387 = STYLED_ITEM('color',(#18388),#12234);
#18388 = PRESENTATION_STYLE_ASSIGNMENT((#18389));
#18389 = SURFACE_STYLE_USAGE(.BOTH.,#18390);
#18390 = SURFACE_SIDE_STYLE('',(#18391));
#18391 = SURFACE_STYLE_FILL_AREA(#18392);
#18392 = FILL_AREA_STYLE('',(#18393));
#18393 = FILL_AREA_STYLE_COLOUR('',#17882);
#18394 = STYLED_ITEM('color',(#18395),#12265);
#18395 = PRESENTATION_STYLE_ASSIGNMENT((#18396));
#18396 = SURFACE_STYLE_USAGE(.BOTH.,#18397);
#18397 = SURFACE_SIDE_STYLE('',(#18398));
#18398 = SURFACE_STYLE_FILL_AREA(#18399);
#18399 = FILL_AREA_STYLE('',(#18400));
#18400 = FILL_AREA_STYLE_COLOUR('',#17882);
#18401 = STYLED_ITEM('color',(#18402),#12282);
#18402 = PRESENTATION_STYLE_ASSIGNMENT((#18403));
#18403 = SURFACE_STYLE_USAGE(.BOTH.,#18404);
#18404 = SURFACE_SIDE_STYLE('',(#18405));
#18405 = SURFACE_STYLE_FILL_AREA(#18406);
#18406 = FILL_AREA_STYLE('',(#18407));
#18407 = FILL_AREA_STYLE_COLOUR('',#17882);
#18408 = STYLED_ITEM('color',(#18409),#12313);
#18409 = PRESENTATION_STYLE_ASSIGNMENT((#18410));
#18410 = SURFACE_STYLE_USAGE(.BOTH.,#18411);
#18411 = SURFACE_SIDE_STYLE('',(#18412));
#18412 = SURFACE_STYLE_FILL_AREA(#18413);
#18413 = FILL_AREA_STYLE('',(#18414));
#18414 = FILL_AREA_STYLE_COLOUR('',#17882);
#18415 = STYLED_ITEM('color',(#18416),#12330);
#18416 = PRESENTATION_STYLE_ASSIGNMENT((#18417));
#18417 = SURFACE_STYLE_USAGE(.BOTH.,#18418);
#18418 = SURFACE_SIDE_STYLE('',(#18419));
#18419 = SURFACE_STYLE_FILL_AREA(#18420);
#18420 = FILL_AREA_STYLE('',(#18421));
#18421 = FILL_AREA_STYLE_COLOUR('',#17882);
#18422 = STYLED_ITEM('color',(#18423),#12347);
#18423 = PRESENTATION_STYLE_ASSIGNMENT((#18424));
#18424 = SURFACE_STYLE_USAGE(.BOTH.,#18425);
#18425 = SURFACE_SIDE_STYLE('',(#18426));
#18426 = SURFACE_STYLE_FILL_AREA(#18427);
#18427 = FILL_AREA_STYLE('',(#18428));
#18428 = FILL_AREA_STYLE_COLOUR('',#17882);
#18429 = STYLED_ITEM('color',(#18430),#12364);
#18430 = PRESENTATION_STYLE_ASSIGNMENT((#18431));
#18431 = SURFACE_STYLE_USAGE(.BOTH.,#18432);
#18432 = SURFACE_SIDE_STYLE('',(#18433));
#18433 = SURFACE_STYLE_FILL_AREA(#18434);
#18434 = FILL_AREA_STYLE('',(#18435));
#18435 = FILL_AREA_STYLE_COLOUR('',#17882);
#18436 = STYLED_ITEM('color',(#18437),#12395);
#18437 = PRESENTATION_STYLE_ASSIGNMENT((#18438));
#18438 = SURFACE_STYLE_USAGE(.BOTH.,#18439);
#18439 = SURFACE_SIDE_STYLE('',(#18440));
#18440 = SURFACE_STYLE_FILL_AREA(#18441);
#18441 = FILL_AREA_STYLE('',(#18442));
#18442 = FILL_AREA_STYLE_COLOUR('',#17882);
#18443 = STYLED_ITEM('color',(#18444),#12412);
#18444 = PRESENTATION_STYLE_ASSIGNMENT((#18445));
#18445 = SURFACE_STYLE_USAGE(.BOTH.,#18446);
#18446 = SURFACE_SIDE_STYLE('',(#18447));
#18447 = SURFACE_STYLE_FILL_AREA(#18448);
#18448 = FILL_AREA_STYLE('',(#18449));
#18449 = FILL_AREA_STYLE_COLOUR('',#17882);
#18450 = STYLED_ITEM('color',(#18451),#12443);
#18451 = PRESENTATION_STYLE_ASSIGNMENT((#18452));
#18452 = SURFACE_STYLE_USAGE(.BOTH.,#18453);
#18453 = SURFACE_SIDE_STYLE('',(#18454));
#18454 = SURFACE_STYLE_FILL_AREA(#18455);
#18455 = FILL_AREA_STYLE('',(#18456));
#18456 = FILL_AREA_STYLE_COLOUR('',#17882);
#18457 = STYLED_ITEM('color',(#18458),#12460);
#18458 = PRESENTATION_STYLE_ASSIGNMENT((#18459));
#18459 = SURFACE_STYLE_USAGE(.BOTH.,#18460);
#18460 = SURFACE_SIDE_STYLE('',(#18461));
#18461 = SURFACE_STYLE_FILL_AREA(#18462);
#18462 = FILL_AREA_STYLE('',(#18463));
#18463 = FILL_AREA_STYLE_COLOUR('',#17882);
#18464 = STYLED_ITEM('color',(#18465),#12477);
#18465 = PRESENTATION_STYLE_ASSIGNMENT((#18466));
#18466 = SURFACE_STYLE_USAGE(.BOTH.,#18467);
#18467 = SURFACE_SIDE_STYLE('',(#18468));
#18468 = SURFACE_STYLE_FILL_AREA(#18469);
#18469 = FILL_AREA_STYLE('',(#18470));
#18470 = FILL_AREA_STYLE_COLOUR('',#17882);
#18471 = STYLED_ITEM('color',(#18472),#12508);
#18472 = PRESENTATION_STYLE_ASSIGNMENT((#18473));
#18473 = SURFACE_STYLE_USAGE(.BOTH.,#18474);
#18474 = SURFACE_SIDE_STYLE('',(#18475));
#18475 = SURFACE_STYLE_FILL_AREA(#18476);
#18476 = FILL_AREA_STYLE('',(#18477));
#18477 = FILL_AREA_STYLE_COLOUR('',#17882);
#18478 = STYLED_ITEM('color',(#18479),#12530);
#18479 = PRESENTATION_STYLE_ASSIGNMENT((#18480));
#18480 = SURFACE_STYLE_USAGE(.BOTH.,#18481);
#18481 = SURFACE_SIDE_STYLE('',(#18482));
#18482 = SURFACE_STYLE_FILL_AREA(#18483);
#18483 = FILL_AREA_STYLE('',(#18484));
#18484 = FILL_AREA_STYLE_COLOUR('',#17882);
#18485 = STYLED_ITEM('color',(#18486),#12542);
#18486 = PRESENTATION_STYLE_ASSIGNMENT((#18487));
#18487 = SURFACE_STYLE_USAGE(.BOTH.,#18488);
#18488 = SURFACE_SIDE_STYLE('',(#18489));
#18489 = SURFACE_STYLE_FILL_AREA(#18490);
#18490 = FILL_AREA_STYLE('',(#18491));
#18491 = FILL_AREA_STYLE_COLOUR('',#17882);
#18492 = STYLED_ITEM('color',(#18493),#12573);
#18493 = PRESENTATION_STYLE_ASSIGNMENT((#18494));
#18494 = SURFACE_STYLE_USAGE(.BOTH.,#18495);
#18495 = SURFACE_SIDE_STYLE('',(#18496));
#18496 = SURFACE_STYLE_FILL_AREA(#18497);
#18497 = FILL_AREA_STYLE('',(#18498));
#18498 = FILL_AREA_STYLE_COLOUR('',#17882);
#18499 = STYLED_ITEM('color',(#18500),#12590);
#18500 = PRESENTATION_STYLE_ASSIGNMENT((#18501));
#18501 = SURFACE_STYLE_USAGE(.BOTH.,#18502);
#18502 = SURFACE_SIDE_STYLE('',(#18503));
#18503 = SURFACE_STYLE_FILL_AREA(#18504);
#18504 = FILL_AREA_STYLE('',(#18505));
#18505 = FILL_AREA_STYLE_COLOUR('',#17882);
#18506 = STYLED_ITEM('color',(#18507),#12607);
#18507 = PRESENTATION_STYLE_ASSIGNMENT((#18508));
#18508 = SURFACE_STYLE_USAGE(.BOTH.,#18509);
#18509 = SURFACE_SIDE_STYLE('',(#18510));
#18510 = SURFACE_STYLE_FILL_AREA(#18511);
#18511 = FILL_AREA_STYLE('',(#18512));
#18512 = FILL_AREA_STYLE_COLOUR('',#17882);
#18513 = STYLED_ITEM('color',(#18514),#12638);
#18514 = PRESENTATION_STYLE_ASSIGNMENT((#18515));
#18515 = SURFACE_STYLE_USAGE(.BOTH.,#18516);
#18516 = SURFACE_SIDE_STYLE('',(#18517));
#18517 = SURFACE_STYLE_FILL_AREA(#18518);
#18518 = FILL_AREA_STYLE('',(#18519));
#18519 = FILL_AREA_STYLE_COLOUR('',#17882);
#18520 = STYLED_ITEM('color',(#18521),#12660);
#18521 = PRESENTATION_STYLE_ASSIGNMENT((#18522));
#18522 = SURFACE_STYLE_USAGE(.BOTH.,#18523);
#18523 = SURFACE_SIDE_STYLE('',(#18524));
#18524 = SURFACE_STYLE_FILL_AREA(#18525);
#18525 = FILL_AREA_STYLE('',(#18526));
#18526 = FILL_AREA_STYLE_COLOUR('',#17882);
#18527 = STYLED_ITEM('color',(#18528),#12672);
#18528 = PRESENTATION_STYLE_ASSIGNMENT((#18529));
#18529 = SURFACE_STYLE_USAGE(.BOTH.,#18530);
#18530 = SURFACE_SIDE_STYLE('',(#18531));
#18531 = SURFACE_STYLE_FILL_AREA(#18532);
#18532 = FILL_AREA_STYLE('',(#18533));
#18533 = FILL_AREA_STYLE_COLOUR('',#17882);
#18534 = STYLED_ITEM('color',(#18535),#12703);
#18535 = PRESENTATION_STYLE_ASSIGNMENT((#18536));
#18536 = SURFACE_STYLE_USAGE(.BOTH.,#18537);
#18537 = SURFACE_SIDE_STYLE('',(#18538));
#18538 = SURFACE_STYLE_FILL_AREA(#18539);
#18539 = FILL_AREA_STYLE('',(#18540));
#18540 = FILL_AREA_STYLE_COLOUR('',#17882);
#18541 = STYLED_ITEM('color',(#18542),#12720);
#18542 = PRESENTATION_STYLE_ASSIGNMENT((#18543));
#18543 = SURFACE_STYLE_USAGE(.BOTH.,#18544);
#18544 = SURFACE_SIDE_STYLE('',(#18545));
#18545 = SURFACE_STYLE_FILL_AREA(#18546);
#18546 = FILL_AREA_STYLE('',(#18547));
#18547 = FILL_AREA_STYLE_COLOUR('',#17882);
#18548 = STYLED_ITEM('color',(#18549),#12737);
#18549 = PRESENTATION_STYLE_ASSIGNMENT((#18550));
#18550 = SURFACE_STYLE_USAGE(.BOTH.,#18551);
#18551 = SURFACE_SIDE_STYLE('',(#18552));
#18552 = SURFACE_STYLE_FILL_AREA(#18553);
#18553 = FILL_AREA_STYLE('',(#18554));
#18554 = FILL_AREA_STYLE_COLOUR('',#17882);
#18555 = STYLED_ITEM('color',(#18556),#12754);
#18556 = PRESENTATION_STYLE_ASSIGNMENT((#18557));
#18557 = SURFACE_STYLE_USAGE(.BOTH.,#18558);
#18558 = SURFACE_SIDE_STYLE('',(#18559));
#18559 = SURFACE_STYLE_FILL_AREA(#18560);
#18560 = FILL_AREA_STYLE('',(#18561));
#18561 = FILL_AREA_STYLE_COLOUR('',#17882);
#18562 = STYLED_ITEM('color',(#18563),#12787);
#18563 = PRESENTATION_STYLE_ASSIGNMENT((#18564));
#18564 = SURFACE_STYLE_USAGE(.BOTH.,#18565);
#18565 = SURFACE_SIDE_STYLE('',(#18566));
#18566 = SURFACE_STYLE_FILL_AREA(#18567);
#18567 = FILL_AREA_STYLE('',(#18568));
#18568 = FILL_AREA_STYLE_COLOUR('',#17882);
#18569 = STYLED_ITEM('color',(#18570),#12827);
#18570 = PRESENTATION_STYLE_ASSIGNMENT((#18571));
#18571 = SURFACE_STYLE_USAGE(.BOTH.,#18572);
#18572 = SURFACE_SIDE_STYLE('',(#18573));
#18573 = SURFACE_STYLE_FILL_AREA(#18574);
#18574 = FILL_AREA_STYLE('',(#18575));
#18575 = FILL_AREA_STYLE_COLOUR('',#17882);
#18576 = STYLED_ITEM('color',(#18577),#12858);
#18577 = PRESENTATION_STYLE_ASSIGNMENT((#18578));
#18578 = SURFACE_STYLE_USAGE(.BOTH.,#18579);
#18579 = SURFACE_SIDE_STYLE('',(#18580));
#18580 = SURFACE_STYLE_FILL_AREA(#18581);
#18581 = FILL_AREA_STYLE('',(#18582));
#18582 = FILL_AREA_STYLE_COLOUR('',#17882);
#18583 = STYLED_ITEM('color',(#18584),#12875);
#18584 = PRESENTATION_STYLE_ASSIGNMENT((#18585));
#18585 = SURFACE_STYLE_USAGE(.BOTH.,#18586);
#18586 = SURFACE_SIDE_STYLE('',(#18587));
#18587 = SURFACE_STYLE_FILL_AREA(#18588);
#18588 = FILL_AREA_STYLE('',(#18589));
#18589 = FILL_AREA_STYLE_COLOUR('',#17882);
#18590 = STYLED_ITEM('color',(#18591),#12892);
#18591 = PRESENTATION_STYLE_ASSIGNMENT((#18592));
#18592 = SURFACE_STYLE_USAGE(.BOTH.,#18593);
#18593 = SURFACE_SIDE_STYLE('',(#18594));
#18594 = SURFACE_STYLE_FILL_AREA(#18595);
#18595 = FILL_AREA_STYLE('',(#18596));
#18596 = FILL_AREA_STYLE_COLOUR('',#17882);
#18597 = STYLED_ITEM('color',(#18598),#12904);
#18598 = PRESENTATION_STYLE_ASSIGNMENT((#18599));
#18599 = SURFACE_STYLE_USAGE(.BOTH.,#18600);
#18600 = SURFACE_SIDE_STYLE('',(#18601));
#18601 = SURFACE_STYLE_FILL_AREA(#18602);
#18602 = FILL_AREA_STYLE('',(#18603));
#18603 = FILL_AREA_STYLE_COLOUR('',#17882);
#18604 = STYLED_ITEM('color',(#18605),#12937);
#18605 = PRESENTATION_STYLE_ASSIGNMENT((#18606));
#18606 = SURFACE_STYLE_USAGE(.BOTH.,#18607);
#18607 = SURFACE_SIDE_STYLE('',(#18608));
#18608 = SURFACE_STYLE_FILL_AREA(#18609);
#18609 = FILL_AREA_STYLE('',(#18610));
#18610 = FILL_AREA_STYLE_COLOUR('',#17882);
#18611 = STYLED_ITEM('color',(#18612),#12968);
#18612 = PRESENTATION_STYLE_ASSIGNMENT((#18613));
#18613 = SURFACE_STYLE_USAGE(.BOTH.,#18614);
#18614 = SURFACE_SIDE_STYLE('',(#18615));
#18615 = SURFACE_STYLE_FILL_AREA(#18616);
#18616 = FILL_AREA_STYLE('',(#18617));
#18617 = FILL_AREA_STYLE_COLOUR('',#17882);
#18618 = STYLED_ITEM('color',(#18619),#12992);
#18619 = PRESENTATION_STYLE_ASSIGNMENT((#18620));
#18620 = SURFACE_STYLE_USAGE(.BOTH.,#18621);
#18621 = SURFACE_SIDE_STYLE('',(#18622));
#18622 = SURFACE_STYLE_FILL_AREA(#18623);
#18623 = FILL_AREA_STYLE('',(#18624));
#18624 = FILL_AREA_STYLE_COLOUR('',#17882);
#18625 = STYLED_ITEM('color',(#18626),#13016);
#18626 = PRESENTATION_STYLE_ASSIGNMENT((#18627));
#18627 = SURFACE_STYLE_USAGE(.BOTH.,#18628);
#18628 = SURFACE_SIDE_STYLE('',(#18629));
#18629 = SURFACE_STYLE_FILL_AREA(#18630);
#18630 = FILL_AREA_STYLE('',(#18631));
#18631 = FILL_AREA_STYLE_COLOUR('',#17882);
#18632 = STYLED_ITEM('color',(#18633),#13033);
#18633 = PRESENTATION_STYLE_ASSIGNMENT((#18634));
#18634 = SURFACE_STYLE_USAGE(.BOTH.,#18635);
#18635 = SURFACE_SIDE_STYLE('',(#18636));
#18636 = SURFACE_STYLE_FILL_AREA(#18637);
#18637 = FILL_AREA_STYLE('',(#18638));
#18638 = FILL_AREA_STYLE_COLOUR('',#17882);
#18639 = STYLED_ITEM('color',(#18640),#13064);
#18640 = PRESENTATION_STYLE_ASSIGNMENT((#18641));
#18641 = SURFACE_STYLE_USAGE(.BOTH.,#18642);
#18642 = SURFACE_SIDE_STYLE('',(#18643));
#18643 = SURFACE_STYLE_FILL_AREA(#18644);
#18644 = FILL_AREA_STYLE('',(#18645));
#18645 = FILL_AREA_STYLE_COLOUR('',#17882);
#18646 = STYLED_ITEM('color',(#18647),#13088);
#18647 = PRESENTATION_STYLE_ASSIGNMENT((#18648));
#18648 = SURFACE_STYLE_USAGE(.BOTH.,#18649);
#18649 = SURFACE_SIDE_STYLE('',(#18650));
#18650 = SURFACE_STYLE_FILL_AREA(#18651);
#18651 = FILL_AREA_STYLE('',(#18652));
#18652 = FILL_AREA_STYLE_COLOUR('',#17882);
#18653 = STYLED_ITEM('color',(#18654),#13112);
#18654 = PRESENTATION_STYLE_ASSIGNMENT((#18655));
#18655 = SURFACE_STYLE_USAGE(.BOTH.,#18656);
#18656 = SURFACE_SIDE_STYLE('',(#18657));
#18657 = SURFACE_STYLE_FILL_AREA(#18658);
#18658 = FILL_AREA_STYLE('',(#18659));
#18659 = FILL_AREA_STYLE_COLOUR('',#17882);
#18660 = STYLED_ITEM('color',(#18661),#13129);
#18661 = PRESENTATION_STYLE_ASSIGNMENT((#18662));
#18662 = SURFACE_STYLE_USAGE(.BOTH.,#18663);
#18663 = SURFACE_SIDE_STYLE('',(#18664));
#18664 = SURFACE_STYLE_FILL_AREA(#18665);
#18665 = FILL_AREA_STYLE('',(#18666));
#18666 = FILL_AREA_STYLE_COLOUR('',#17882);
#18667 = STYLED_ITEM('color',(#18668),#13160);
#18668 = PRESENTATION_STYLE_ASSIGNMENT((#18669));
#18669 = SURFACE_STYLE_USAGE(.BOTH.,#18670);
#18670 = SURFACE_SIDE_STYLE('',(#18671));
#18671 = SURFACE_STYLE_FILL_AREA(#18672);
#18672 = FILL_AREA_STYLE('',(#18673));
#18673 = FILL_AREA_STYLE_COLOUR('',#17882);
#18674 = STYLED_ITEM('color',(#18675),#13184);
#18675 = PRESENTATION_STYLE_ASSIGNMENT((#18676));
#18676 = SURFACE_STYLE_USAGE(.BOTH.,#18677);
#18677 = SURFACE_SIDE_STYLE('',(#18678));
#18678 = SURFACE_STYLE_FILL_AREA(#18679);
#18679 = FILL_AREA_STYLE('',(#18680));
#18680 = FILL_AREA_STYLE_COLOUR('',#17882);
#18681 = STYLED_ITEM('color',(#18682),#13208);
#18682 = PRESENTATION_STYLE_ASSIGNMENT((#18683));
#18683 = SURFACE_STYLE_USAGE(.BOTH.,#18684);
#18684 = SURFACE_SIDE_STYLE('',(#18685));
#18685 = SURFACE_STYLE_FILL_AREA(#18686);
#18686 = FILL_AREA_STYLE('',(#18687));
#18687 = FILL_AREA_STYLE_COLOUR('',#17882);
#18688 = STYLED_ITEM('color',(#18689),#13225);
#18689 = PRESENTATION_STYLE_ASSIGNMENT((#18690));
#18690 = SURFACE_STYLE_USAGE(.BOTH.,#18691);
#18691 = SURFACE_SIDE_STYLE('',(#18692));
#18692 = SURFACE_STYLE_FILL_AREA(#18693);
#18693 = FILL_AREA_STYLE('',(#18694));
#18694 = FILL_AREA_STYLE_COLOUR('',#17882);
#18695 = STYLED_ITEM('color',(#18696),#13256);
#18696 = PRESENTATION_STYLE_ASSIGNMENT((#18697));
#18697 = SURFACE_STYLE_USAGE(.BOTH.,#18698);
#18698 = SURFACE_SIDE_STYLE('',(#18699));
#18699 = SURFACE_STYLE_FILL_AREA(#18700);
#18700 = FILL_AREA_STYLE('',(#18701));
#18701 = FILL_AREA_STYLE_COLOUR('',#17882);
#18702 = STYLED_ITEM('color',(#18703),#13280);
#18703 = PRESENTATION_STYLE_ASSIGNMENT((#18704));
#18704 = SURFACE_STYLE_USAGE(.BOTH.,#18705);
#18705 = SURFACE_SIDE_STYLE('',(#18706));
#18706 = SURFACE_STYLE_FILL_AREA(#18707);
#18707 = FILL_AREA_STYLE('',(#18708));
#18708 = FILL_AREA_STYLE_COLOUR('',#17882);
#18709 = STYLED_ITEM('color',(#18710),#13304);
#18710 = PRESENTATION_STYLE_ASSIGNMENT((#18711));
#18711 = SURFACE_STYLE_USAGE(.BOTH.,#18712);
#18712 = SURFACE_SIDE_STYLE('',(#18713));
#18713 = SURFACE_STYLE_FILL_AREA(#18714);
#18714 = FILL_AREA_STYLE('',(#18715));
#18715 = FILL_AREA_STYLE_COLOUR('',#17882);
#18716 = STYLED_ITEM('color',(#18717),#13321);
#18717 = PRESENTATION_STYLE_ASSIGNMENT((#18718));
#18718 = SURFACE_STYLE_USAGE(.BOTH.,#18719);
#18719 = SURFACE_SIDE_STYLE('',(#18720));
#18720 = SURFACE_STYLE_FILL_AREA(#18721);
#18721 = FILL_AREA_STYLE('',(#18722));
#18722 = FILL_AREA_STYLE_COLOUR('',#17882);
#18723 = STYLED_ITEM('color',(#18724),#13352);
#18724 = PRESENTATION_STYLE_ASSIGNMENT((#18725));
#18725 = SURFACE_STYLE_USAGE(.BOTH.,#18726);
#18726 = SURFACE_SIDE_STYLE('',(#18727));
#18727 = SURFACE_STYLE_FILL_AREA(#18728);
#18728 = FILL_AREA_STYLE('',(#18729));
#18729 = FILL_AREA_STYLE_COLOUR('',#17882);
#18730 = STYLED_ITEM('color',(#18731),#13376);
#18731 = PRESENTATION_STYLE_ASSIGNMENT((#18732));
#18732 = SURFACE_STYLE_USAGE(.BOTH.,#18733);
#18733 = SURFACE_SIDE_STYLE('',(#18734));
#18734 = SURFACE_STYLE_FILL_AREA(#18735);
#18735 = FILL_AREA_STYLE('',(#18736));
#18736 = FILL_AREA_STYLE_COLOUR('',#17882);
#18737 = STYLED_ITEM('color',(#18738),#13400);
#18738 = PRESENTATION_STYLE_ASSIGNMENT((#18739));
#18739 = SURFACE_STYLE_USAGE(.BOTH.,#18740);
#18740 = SURFACE_SIDE_STYLE('',(#18741));
#18741 = SURFACE_STYLE_FILL_AREA(#18742);
#18742 = FILL_AREA_STYLE('',(#18743));
#18743 = FILL_AREA_STYLE_COLOUR('',#17882);
#18744 = STYLED_ITEM('color',(#18745),#13417);
#18745 = PRESENTATION_STYLE_ASSIGNMENT((#18746));
#18746 = SURFACE_STYLE_USAGE(.BOTH.,#18747);
#18747 = SURFACE_SIDE_STYLE('',(#18748));
#18748 = SURFACE_STYLE_FILL_AREA(#18749);
#18749 = FILL_AREA_STYLE('',(#18750));
#18750 = FILL_AREA_STYLE_COLOUR('',#17882);
#18751 = STYLED_ITEM('color',(#18752),#13448);
#18752 = PRESENTATION_STYLE_ASSIGNMENT((#18753));
#18753 = SURFACE_STYLE_USAGE(.BOTH.,#18754);
#18754 = SURFACE_SIDE_STYLE('',(#18755));
#18755 = SURFACE_STYLE_FILL_AREA(#18756);
#18756 = FILL_AREA_STYLE('',(#18757));
#18757 = FILL_AREA_STYLE_COLOUR('',#17882);
#18758 = STYLED_ITEM('color',(#18759),#13472);
#18759 = PRESENTATION_STYLE_ASSIGNMENT((#18760));
#18760 = SURFACE_STYLE_USAGE(.BOTH.,#18761);
#18761 = SURFACE_SIDE_STYLE('',(#18762));
#18762 = SURFACE_STYLE_FILL_AREA(#18763);
#18763 = FILL_AREA_STYLE('',(#18764));
#18764 = FILL_AREA_STYLE_COLOUR('',#17882);
#18765 = STYLED_ITEM('color',(#18766),#13496);
#18766 = PRESENTATION_STYLE_ASSIGNMENT((#18767));
#18767 = SURFACE_STYLE_USAGE(.BOTH.,#18768);
#18768 = SURFACE_SIDE_STYLE('',(#18769));
#18769 = SURFACE_STYLE_FILL_AREA(#18770);
#18770 = FILL_AREA_STYLE('',(#18771));
#18771 = FILL_AREA_STYLE_COLOUR('',#17882);
#18772 = STYLED_ITEM('color',(#18773),#13513);
#18773 = PRESENTATION_STYLE_ASSIGNMENT((#18774));
#18774 = SURFACE_STYLE_USAGE(.BOTH.,#18775);
#18775 = SURFACE_SIDE_STYLE('',(#18776));
#18776 = SURFACE_STYLE_FILL_AREA(#18777);
#18777 = FILL_AREA_STYLE('',(#18778));
#18778 = FILL_AREA_STYLE_COLOUR('',#17882);
#18779 = STYLED_ITEM('color',(#18780),#13544);
#18780 = PRESENTATION_STYLE_ASSIGNMENT((#18781));
#18781 = SURFACE_STYLE_USAGE(.BOTH.,#18782);
#18782 = SURFACE_SIDE_STYLE('',(#18783));
#18783 = SURFACE_STYLE_FILL_AREA(#18784);
#18784 = FILL_AREA_STYLE('',(#18785));
#18785 = FILL_AREA_STYLE_COLOUR('',#17882);
#18786 = STYLED_ITEM('color',(#18787),#13568);
#18787 = PRESENTATION_STYLE_ASSIGNMENT((#18788));
#18788 = SURFACE_STYLE_USAGE(.BOTH.,#18789);
#18789 = SURFACE_SIDE_STYLE('',(#18790));
#18790 = SURFACE_STYLE_FILL_AREA(#18791);
#18791 = FILL_AREA_STYLE('',(#18792));
#18792 = FILL_AREA_STYLE_COLOUR('',#17882);
#18793 = STYLED_ITEM('color',(#18794),#13592);
#18794 = PRESENTATION_STYLE_ASSIGNMENT((#18795));
#18795 = SURFACE_STYLE_USAGE(.BOTH.,#18796);
#18796 = SURFACE_SIDE_STYLE('',(#18797));
#18797 = SURFACE_STYLE_FILL_AREA(#18798);
#18798 = FILL_AREA_STYLE('',(#18799));
#18799 = FILL_AREA_STYLE_COLOUR('',#17882);
#18800 = STYLED_ITEM('color',(#18801),#13609);
#18801 = PRESENTATION_STYLE_ASSIGNMENT((#18802));
#18802 = SURFACE_STYLE_USAGE(.BOTH.,#18803);
#18803 = SURFACE_SIDE_STYLE('',(#18804));
#18804 = SURFACE_STYLE_FILL_AREA(#18805);
#18805 = FILL_AREA_STYLE('',(#18806));
#18806 = FILL_AREA_STYLE_COLOUR('',#17882);
#18807 = STYLED_ITEM('color',(#18808),#13640);
#18808 = PRESENTATION_STYLE_ASSIGNMENT((#18809));
#18809 = SURFACE_STYLE_USAGE(.BOTH.,#18810);
#18810 = SURFACE_SIDE_STYLE('',(#18811));
#18811 = SURFACE_STYLE_FILL_AREA(#18812);
#18812 = FILL_AREA_STYLE('',(#18813));
#18813 = FILL_AREA_STYLE_COLOUR('',#17882);
#18814 = STYLED_ITEM('color',(#18815),#13664);
#18815 = PRESENTATION_STYLE_ASSIGNMENT((#18816));
#18816 = SURFACE_STYLE_USAGE(.BOTH.,#18817);
#18817 = SURFACE_SIDE_STYLE('',(#18818));
#18818 = SURFACE_STYLE_FILL_AREA(#18819);
#18819 = FILL_AREA_STYLE('',(#18820));
#18820 = FILL_AREA_STYLE_COLOUR('',#17882);
#18821 = STYLED_ITEM('color',(#18822),#13688);
#18822 = PRESENTATION_STYLE_ASSIGNMENT((#18823));
#18823 = SURFACE_STYLE_USAGE(.BOTH.,#18824);
#18824 = SURFACE_SIDE_STYLE('',(#18825));
#18825 = SURFACE_STYLE_FILL_AREA(#18826);
#18826 = FILL_AREA_STYLE('',(#18827));
#18827 = FILL_AREA_STYLE_COLOUR('',#17882);
#18828 = STYLED_ITEM('color',(#18829),#13705);
#18829 = PRESENTATION_STYLE_ASSIGNMENT((#18830));
#18830 = SURFACE_STYLE_USAGE(.BOTH.,#18831);
#18831 = SURFACE_SIDE_STYLE('',(#18832));
#18832 = SURFACE_STYLE_FILL_AREA(#18833);
#18833 = FILL_AREA_STYLE('',(#18834));
#18834 = FILL_AREA_STYLE_COLOUR('',#17882);
#18835 = STYLED_ITEM('color',(#18836),#13736);
#18836 = PRESENTATION_STYLE_ASSIGNMENT((#18837));
#18837 = SURFACE_STYLE_USAGE(.BOTH.,#18838);
#18838 = SURFACE_SIDE_STYLE('',(#18839));
#18839 = SURFACE_STYLE_FILL_AREA(#18840);
#18840 = FILL_AREA_STYLE('',(#18841));
#18841 = FILL_AREA_STYLE_COLOUR('',#17882);
#18842 = STYLED_ITEM('color',(#18843),#13760);
#18843 = PRESENTATION_STYLE_ASSIGNMENT((#18844));
#18844 = SURFACE_STYLE_USAGE(.BOTH.,#18845);
#18845 = SURFACE_SIDE_STYLE('',(#18846));
#18846 = SURFACE_STYLE_FILL_AREA(#18847);
#18847 = FILL_AREA_STYLE('',(#18848));
#18848 = FILL_AREA_STYLE_COLOUR('',#17882);
#18849 = STYLED_ITEM('color',(#18850),#13784);
#18850 = PRESENTATION_STYLE_ASSIGNMENT((#18851));
#18851 = SURFACE_STYLE_USAGE(.BOTH.,#18852);
#18852 = SURFACE_SIDE_STYLE('',(#18853));
#18853 = SURFACE_STYLE_FILL_AREA(#18854);
#18854 = FILL_AREA_STYLE('',(#18855));
#18855 = FILL_AREA_STYLE_COLOUR('',#17882);
#18856 = STYLED_ITEM('color',(#18857),#13801);
#18857 = PRESENTATION_STYLE_ASSIGNMENT((#18858));
#18858 = SURFACE_STYLE_USAGE(.BOTH.,#18859);
#18859 = SURFACE_SIDE_STYLE('',(#18860));
#18860 = SURFACE_STYLE_FILL_AREA(#18861);
#18861 = FILL_AREA_STYLE('',(#18862));
#18862 = FILL_AREA_STYLE_COLOUR('',#17882);
#18863 = STYLED_ITEM('color',(#18864),#13818);
#18864 = PRESENTATION_STYLE_ASSIGNMENT((#18865));
#18865 = SURFACE_STYLE_USAGE(.BOTH.,#18866);
#18866 = SURFACE_SIDE_STYLE('',(#18867));
#18867 = SURFACE_STYLE_FILL_AREA(#18868);
#18868 = FILL_AREA_STYLE('',(#18869));
#18869 = FILL_AREA_STYLE_COLOUR('',#17882);
#18870 = STYLED_ITEM('color',(#18871),#13835);
#18871 = PRESENTATION_STYLE_ASSIGNMENT((#18872));
#18872 = SURFACE_STYLE_USAGE(.BOTH.,#18873);
#18873 = SURFACE_SIDE_STYLE('',(#18874));
#18874 = SURFACE_STYLE_FILL_AREA(#18875);
#18875 = FILL_AREA_STYLE('',(#18876));
#18876 = FILL_AREA_STYLE_COLOUR('',#17882);
#18877 = STYLED_ITEM('color',(#18878),#13847);
#18878 = PRESENTATION_STYLE_ASSIGNMENT((#18879));
#18879 = SURFACE_STYLE_USAGE(.BOTH.,#18880);
#18880 = SURFACE_SIDE_STYLE('',(#18881));
#18881 = SURFACE_STYLE_FILL_AREA(#18882);
#18882 = FILL_AREA_STYLE('',(#18883));
#18883 = FILL_AREA_STYLE_COLOUR('',#17882);
#18884 = STYLED_ITEM('color',(#18885),#13864);
#18885 = PRESENTATION_STYLE_ASSIGNMENT((#18886));
#18886 = SURFACE_STYLE_USAGE(.BOTH.,#18887);
#18887 = SURFACE_SIDE_STYLE('',(#18888));
#18888 = SURFACE_STYLE_FILL_AREA(#18889);
#18889 = FILL_AREA_STYLE('',(#18890));
#18890 = FILL_AREA_STYLE_COLOUR('',#17882);
#18891 = STYLED_ITEM('color',(#18892),#13881);
#18892 = PRESENTATION_STYLE_ASSIGNMENT((#18893));
#18893 = SURFACE_STYLE_USAGE(.BOTH.,#18894);
#18894 = SURFACE_SIDE_STYLE('',(#18895));
#18895 = SURFACE_STYLE_FILL_AREA(#18896);
#18896 = FILL_AREA_STYLE('',(#18897));
#18897 = FILL_AREA_STYLE_COLOUR('',#17882);
#18898 = STYLED_ITEM('color',(#18899),#13893);
#18899 = PRESENTATION_STYLE_ASSIGNMENT((#18900));
#18900 = SURFACE_STYLE_USAGE(.BOTH.,#18901);
#18901 = SURFACE_SIDE_STYLE('',(#18902));
#18902 = SURFACE_STYLE_FILL_AREA(#18903);
#18903 = FILL_AREA_STYLE('',(#18904));
#18904 = FILL_AREA_STYLE_COLOUR('',#17882);
#18905 = STYLED_ITEM('color',(#18906),#13910);
#18906 = PRESENTATION_STYLE_ASSIGNMENT((#18907));
#18907 = SURFACE_STYLE_USAGE(.BOTH.,#18908);
#18908 = SURFACE_SIDE_STYLE('',(#18909));
#18909 = SURFACE_STYLE_FILL_AREA(#18910);
#18910 = FILL_AREA_STYLE('',(#18911));
#18911 = FILL_AREA_STYLE_COLOUR('',#17882);
#18912 = STYLED_ITEM('color',(#18913),#13927);
#18913 = PRESENTATION_STYLE_ASSIGNMENT((#18914));
#18914 = SURFACE_STYLE_USAGE(.BOTH.,#18915);
#18915 = SURFACE_SIDE_STYLE('',(#18916));
#18916 = SURFACE_STYLE_FILL_AREA(#18917);
#18917 = FILL_AREA_STYLE('',(#18918));
#18918 = FILL_AREA_STYLE_COLOUR('',#17882);
#18919 = STYLED_ITEM('color',(#18920),#13939);
#18920 = PRESENTATION_STYLE_ASSIGNMENT((#18921));
#18921 = SURFACE_STYLE_USAGE(.BOTH.,#18922);
#18922 = SURFACE_SIDE_STYLE('',(#18923));
#18923 = SURFACE_STYLE_FILL_AREA(#18924);
#18924 = FILL_AREA_STYLE('',(#18925));
#18925 = FILL_AREA_STYLE_COLOUR('',#17882);
#18926 = STYLED_ITEM('color',(#18927),#13956);
#18927 = PRESENTATION_STYLE_ASSIGNMENT((#18928));
#18928 = SURFACE_STYLE_USAGE(.BOTH.,#18929);
#18929 = SURFACE_SIDE_STYLE('',(#18930));
#18930 = SURFACE_STYLE_FILL_AREA(#18931);
#18931 = FILL_AREA_STYLE('',(#18932));
#18932 = FILL_AREA_STYLE_COLOUR('',#17882);
#18933 = STYLED_ITEM('color',(#18934),#13973);
#18934 = PRESENTATION_STYLE_ASSIGNMENT((#18935));
#18935 = SURFACE_STYLE_USAGE(.BOTH.,#18936);
#18936 = SURFACE_SIDE_STYLE('',(#18937));
#18937 = SURFACE_STYLE_FILL_AREA(#18938);
#18938 = FILL_AREA_STYLE('',(#18939));
#18939 = FILL_AREA_STYLE_COLOUR('',#17882);
#18940 = STYLED_ITEM('color',(#18941),#13985);
#18941 = PRESENTATION_STYLE_ASSIGNMENT((#18942));
#18942 = SURFACE_STYLE_USAGE(.BOTH.,#18943);
#18943 = SURFACE_SIDE_STYLE('',(#18944));
#18944 = SURFACE_STYLE_FILL_AREA(#18945);
#18945 = FILL_AREA_STYLE('',(#18946));
#18946 = FILL_AREA_STYLE_COLOUR('',#17882);
#18947 = STYLED_ITEM('color',(#18948),#14002);
#18948 = PRESENTATION_STYLE_ASSIGNMENT((#18949));
#18949 = SURFACE_STYLE_USAGE(.BOTH.,#18950);
#18950 = SURFACE_SIDE_STYLE('',(#18951));
#18951 = SURFACE_STYLE_FILL_AREA(#18952);
#18952 = FILL_AREA_STYLE('',(#18953));
#18953 = FILL_AREA_STYLE_COLOUR('',#17882);
#18954 = STYLED_ITEM('color',(#18955),#14019);
#18955 = PRESENTATION_STYLE_ASSIGNMENT((#18956));
#18956 = SURFACE_STYLE_USAGE(.BOTH.,#18957);
#18957 = SURFACE_SIDE_STYLE('',(#18958));
#18958 = SURFACE_STYLE_FILL_AREA(#18959);
#18959 = FILL_AREA_STYLE('',(#18960));
#18960 = FILL_AREA_STYLE_COLOUR('',#17882);
#18961 = STYLED_ITEM('color',(#18962),#14031);
#18962 = PRESENTATION_STYLE_ASSIGNMENT((#18963));
#18963 = SURFACE_STYLE_USAGE(.BOTH.,#18964);
#18964 = SURFACE_SIDE_STYLE('',(#18965));
#18965 = SURFACE_STYLE_FILL_AREA(#18966);
#18966 = FILL_AREA_STYLE('',(#18967));
#18967 = FILL_AREA_STYLE_COLOUR('',#17882);
#18968 = STYLED_ITEM('color',(#18969),#14048);
#18969 = PRESENTATION_STYLE_ASSIGNMENT((#18970));
#18970 = SURFACE_STYLE_USAGE(.BOTH.,#18971);
#18971 = SURFACE_SIDE_STYLE('',(#18972));
#18972 = SURFACE_STYLE_FILL_AREA(#18973);
#18973 = FILL_AREA_STYLE('',(#18974));
#18974 = FILL_AREA_STYLE_COLOUR('',#17882);
#18975 = STYLED_ITEM('color',(#18976),#14065);
#18976 = PRESENTATION_STYLE_ASSIGNMENT((#18977));
#18977 = SURFACE_STYLE_USAGE(.BOTH.,#18978);
#18978 = SURFACE_SIDE_STYLE('',(#18979));
#18979 = SURFACE_STYLE_FILL_AREA(#18980);
#18980 = FILL_AREA_STYLE('',(#18981));
#18981 = FILL_AREA_STYLE_COLOUR('',#17882);
#18982 = STYLED_ITEM('color',(#18983),#14077);
#18983 = PRESENTATION_STYLE_ASSIGNMENT((#18984));
#18984 = SURFACE_STYLE_USAGE(.BOTH.,#18985);
#18985 = SURFACE_SIDE_STYLE('',(#18986));
#18986 = SURFACE_STYLE_FILL_AREA(#18987);
#18987 = FILL_AREA_STYLE('',(#18988));
#18988 = FILL_AREA_STYLE_COLOUR('',#17882);
#18989 = STYLED_ITEM('color',(#18990),#14094);
#18990 = PRESENTATION_STYLE_ASSIGNMENT((#18991));
#18991 = SURFACE_STYLE_USAGE(.BOTH.,#18992);
#18992 = SURFACE_SIDE_STYLE('',(#18993));
#18993 = SURFACE_STYLE_FILL_AREA(#18994);
#18994 = FILL_AREA_STYLE('',(#18995));
#18995 = FILL_AREA_STYLE_COLOUR('',#17882);
#18996 = STYLED_ITEM('color',(#18997),#14111);
#18997 = PRESENTATION_STYLE_ASSIGNMENT((#18998));
#18998 = SURFACE_STYLE_USAGE(.BOTH.,#18999);
#18999 = SURFACE_SIDE_STYLE('',(#19000));
#19000 = SURFACE_STYLE_FILL_AREA(#19001);
#19001 = FILL_AREA_STYLE('',(#19002));
#19002 = FILL_AREA_STYLE_COLOUR('',#17882);
#19003 = STYLED_ITEM('color',(#19004),#14123);
#19004 = PRESENTATION_STYLE_ASSIGNMENT((#19005));
#19005 = SURFACE_STYLE_USAGE(.BOTH.,#19006);
#19006 = SURFACE_SIDE_STYLE('',(#19007));
#19007 = SURFACE_STYLE_FILL_AREA(#19008);
#19008 = FILL_AREA_STYLE('',(#19009));
#19009 = FILL_AREA_STYLE_COLOUR('',#17882);
#19010 = STYLED_ITEM('color',(#19011),#14140);
#19011 = PRESENTATION_STYLE_ASSIGNMENT((#19012));
#19012 = SURFACE_STYLE_USAGE(.BOTH.,#19013);
#19013 = SURFACE_SIDE_STYLE('',(#19014));
#19014 = SURFACE_STYLE_FILL_AREA(#19015);
#19015 = FILL_AREA_STYLE('',(#19016));
#19016 = FILL_AREA_STYLE_COLOUR('',#17882);
#19017 = STYLED_ITEM('color',(#19018),#14157);
#19018 = PRESENTATION_STYLE_ASSIGNMENT((#19019));
#19019 = SURFACE_STYLE_USAGE(.BOTH.,#19020);
#19020 = SURFACE_SIDE_STYLE('',(#19021));
#19021 = SURFACE_STYLE_FILL_AREA(#19022);
#19022 = FILL_AREA_STYLE('',(#19023));
#19023 = FILL_AREA_STYLE_COLOUR('',#17882);
#19024 = STYLED_ITEM('color',(#19025),#14169);
#19025 = PRESENTATION_STYLE_ASSIGNMENT((#19026));
#19026 = SURFACE_STYLE_USAGE(.BOTH.,#19027);
#19027 = SURFACE_SIDE_STYLE('',(#19028));
#19028 = SURFACE_STYLE_FILL_AREA(#19029);
#19029 = FILL_AREA_STYLE('',(#19030));
#19030 = FILL_AREA_STYLE_COLOUR('',#17882);
#19031 = STYLED_ITEM('color',(#19032),#14186);
#19032 = PRESENTATION_STYLE_ASSIGNMENT((#19033));
#19033 = SURFACE_STYLE_USAGE(.BOTH.,#19034);
#19034 = SURFACE_SIDE_STYLE('',(#19035));
#19035 = SURFACE_STYLE_FILL_AREA(#19036);
#19036 = FILL_AREA_STYLE('',(#19037));
#19037 = FILL_AREA_STYLE_COLOUR('',#17882);
#19038 = STYLED_ITEM('color',(#19039),#14203);
#19039 = PRESENTATION_STYLE_ASSIGNMENT((#19040));
#19040 = SURFACE_STYLE_USAGE(.BOTH.,#19041);
#19041 = SURFACE_SIDE_STYLE('',(#19042));
#19042 = SURFACE_STYLE_FILL_AREA(#19043);
#19043 = FILL_AREA_STYLE('',(#19044));
#19044 = FILL_AREA_STYLE_COLOUR('',#17882);
#19045 = STYLED_ITEM('color',(#19046),#14215);
#19046 = PRESENTATION_STYLE_ASSIGNMENT((#19047));
#19047 = SURFACE_STYLE_USAGE(.BOTH.,#19048);
#19048 = SURFACE_SIDE_STYLE('',(#19049));
#19049 = SURFACE_STYLE_FILL_AREA(#19050);
#19050 = FILL_AREA_STYLE('',(#19051));
#19051 = FILL_AREA_STYLE_COLOUR('',#17882);
#19052 = STYLED_ITEM('color',(#19053),#14246);
#19053 = PRESENTATION_STYLE_ASSIGNMENT((#19054));
#19054 = SURFACE_STYLE_USAGE(.BOTH.,#19055);
#19055 = SURFACE_SIDE_STYLE('',(#19056));
#19056 = SURFACE_STYLE_FILL_AREA(#19057);
#19057 = FILL_AREA_STYLE('',(#19058));
#19058 = FILL_AREA_STYLE_COLOUR('',#17882);
#19059 = STYLED_ITEM('color',(#19060),#14270);
#19060 = PRESENTATION_STYLE_ASSIGNMENT((#19061));
#19061 = SURFACE_STYLE_USAGE(.BOTH.,#19062);
#19062 = SURFACE_SIDE_STYLE('',(#19063));
#19063 = SURFACE_STYLE_FILL_AREA(#19064);
#19064 = FILL_AREA_STYLE('',(#19065));
#19065 = FILL_AREA_STYLE_COLOUR('',#17882);
#19066 = STYLED_ITEM('color',(#19067),#14294);
#19067 = PRESENTATION_STYLE_ASSIGNMENT((#19068));
#19068 = SURFACE_STYLE_USAGE(.BOTH.,#19069);
#19069 = SURFACE_SIDE_STYLE('',(#19070));
#19070 = SURFACE_STYLE_FILL_AREA(#19071);
#19071 = FILL_AREA_STYLE('',(#19072));
#19072 = FILL_AREA_STYLE_COLOUR('',#17882);
#19073 = STYLED_ITEM('color',(#19074),#14311);
#19074 = PRESENTATION_STYLE_ASSIGNMENT((#19075));
#19075 = SURFACE_STYLE_USAGE(.BOTH.,#19076);
#19076 = SURFACE_SIDE_STYLE('',(#19077));
#19077 = SURFACE_STYLE_FILL_AREA(#19078);
#19078 = FILL_AREA_STYLE('',(#19079));
#19079 = FILL_AREA_STYLE_COLOUR('',#17882);
#19080 = STYLED_ITEM('color',(#19081),#14342);
#19081 = PRESENTATION_STYLE_ASSIGNMENT((#19082));
#19082 = SURFACE_STYLE_USAGE(.BOTH.,#19083);
#19083 = SURFACE_SIDE_STYLE('',(#19084));
#19084 = SURFACE_STYLE_FILL_AREA(#19085);
#19085 = FILL_AREA_STYLE('',(#19086));
#19086 = FILL_AREA_STYLE_COLOUR('',#17882);
#19087 = STYLED_ITEM('color',(#19088),#14366);
#19088 = PRESENTATION_STYLE_ASSIGNMENT((#19089));
#19089 = SURFACE_STYLE_USAGE(.BOTH.,#19090);
#19090 = SURFACE_SIDE_STYLE('',(#19091));
#19091 = SURFACE_STYLE_FILL_AREA(#19092);
#19092 = FILL_AREA_STYLE('',(#19093));
#19093 = FILL_AREA_STYLE_COLOUR('',#17882);
#19094 = STYLED_ITEM('color',(#19095),#14390);
#19095 = PRESENTATION_STYLE_ASSIGNMENT((#19096));
#19096 = SURFACE_STYLE_USAGE(.BOTH.,#19097);
#19097 = SURFACE_SIDE_STYLE('',(#19098));
#19098 = SURFACE_STYLE_FILL_AREA(#19099);
#19099 = FILL_AREA_STYLE('',(#19100));
#19100 = FILL_AREA_STYLE_COLOUR('',#17882);
#19101 = STYLED_ITEM('color',(#19102),#14407);
#19102 = PRESENTATION_STYLE_ASSIGNMENT((#19103));
#19103 = SURFACE_STYLE_USAGE(.BOTH.,#19104);
#19104 = SURFACE_SIDE_STYLE('',(#19105));
#19105 = SURFACE_STYLE_FILL_AREA(#19106);
#19106 = FILL_AREA_STYLE('',(#19107));
#19107 = FILL_AREA_STYLE_COLOUR('',#17882);
#19108 = STYLED_ITEM('color',(#19109),#14438);
#19109 = PRESENTATION_STYLE_ASSIGNMENT((#19110));
#19110 = SURFACE_STYLE_USAGE(.BOTH.,#19111);
#19111 = SURFACE_SIDE_STYLE('',(#19112));
#19112 = SURFACE_STYLE_FILL_AREA(#19113);
#19113 = FILL_AREA_STYLE('',(#19114));
#19114 = FILL_AREA_STYLE_COLOUR('',#17882);
#19115 = STYLED_ITEM('color',(#19116),#14462);
#19116 = PRESENTATION_STYLE_ASSIGNMENT((#19117));
#19117 = SURFACE_STYLE_USAGE(.BOTH.,#19118);
#19118 = SURFACE_SIDE_STYLE('',(#19119));
#19119 = SURFACE_STYLE_FILL_AREA(#19120);
#19120 = FILL_AREA_STYLE('',(#19121));
#19121 = FILL_AREA_STYLE_COLOUR('',#17882);
#19122 = STYLED_ITEM('color',(#19123),#14486);
#19123 = PRESENTATION_STYLE_ASSIGNMENT((#19124));
#19124 = SURFACE_STYLE_USAGE(.BOTH.,#19125);
#19125 = SURFACE_SIDE_STYLE('',(#19126));
#19126 = SURFACE_STYLE_FILL_AREA(#19127);
#19127 = FILL_AREA_STYLE('',(#19128));
#19128 = FILL_AREA_STYLE_COLOUR('',#17882);
#19129 = STYLED_ITEM('color',(#19130),#14503);
#19130 = PRESENTATION_STYLE_ASSIGNMENT((#19131));
#19131 = SURFACE_STYLE_USAGE(.BOTH.,#19132);
#19132 = SURFACE_SIDE_STYLE('',(#19133));
#19133 = SURFACE_STYLE_FILL_AREA(#19134);
#19134 = FILL_AREA_STYLE('',(#19135));
#19135 = FILL_AREA_STYLE_COLOUR('',#17882);
#19136 = STYLED_ITEM('color',(#19137),#14534);
#19137 = PRESENTATION_STYLE_ASSIGNMENT((#19138));
#19138 = SURFACE_STYLE_USAGE(.BOTH.,#19139);
#19139 = SURFACE_SIDE_STYLE('',(#19140));
#19140 = SURFACE_STYLE_FILL_AREA(#19141);
#19141 = FILL_AREA_STYLE('',(#19142));
#19142 = FILL_AREA_STYLE_COLOUR('',#17882);
#19143 = STYLED_ITEM('color',(#19144),#14558);
#19144 = PRESENTATION_STYLE_ASSIGNMENT((#19145));
#19145 = SURFACE_STYLE_USAGE(.BOTH.,#19146);
#19146 = SURFACE_SIDE_STYLE('',(#19147));
#19147 = SURFACE_STYLE_FILL_AREA(#19148);
#19148 = FILL_AREA_STYLE('',(#19149));
#19149 = FILL_AREA_STYLE_COLOUR('',#17882);
#19150 = STYLED_ITEM('color',(#19151),#14582);
#19151 = PRESENTATION_STYLE_ASSIGNMENT((#19152));
#19152 = SURFACE_STYLE_USAGE(.BOTH.,#19153);
#19153 = SURFACE_SIDE_STYLE('',(#19154));
#19154 = SURFACE_STYLE_FILL_AREA(#19155);
#19155 = FILL_AREA_STYLE('',(#19156));
#19156 = FILL_AREA_STYLE_COLOUR('',#17882);
#19157 = STYLED_ITEM('color',(#19158),#14599);
#19158 = PRESENTATION_STYLE_ASSIGNMENT((#19159));
#19159 = SURFACE_STYLE_USAGE(.BOTH.,#19160);
#19160 = SURFACE_SIDE_STYLE('',(#19161));
#19161 = SURFACE_STYLE_FILL_AREA(#19162);
#19162 = FILL_AREA_STYLE('',(#19163));
#19163 = FILL_AREA_STYLE_COLOUR('',#17882);
#19164 = STYLED_ITEM('color',(#19165),#14630);
#19165 = PRESENTATION_STYLE_ASSIGNMENT((#19166));
#19166 = SURFACE_STYLE_USAGE(.BOTH.,#19167);
#19167 = SURFACE_SIDE_STYLE('',(#19168));
#19168 = SURFACE_STYLE_FILL_AREA(#19169);
#19169 = FILL_AREA_STYLE('',(#19170));
#19170 = FILL_AREA_STYLE_COLOUR('',#17882);
#19171 = STYLED_ITEM('color',(#19172),#14654);
#19172 = PRESENTATION_STYLE_ASSIGNMENT((#19173));
#19173 = SURFACE_STYLE_USAGE(.BOTH.,#19174);
#19174 = SURFACE_SIDE_STYLE('',(#19175));
#19175 = SURFACE_STYLE_FILL_AREA(#19176);
#19176 = FILL_AREA_STYLE('',(#19177));
#19177 = FILL_AREA_STYLE_COLOUR('',#17882);
#19178 = STYLED_ITEM('color',(#19179),#14678);
#19179 = PRESENTATION_STYLE_ASSIGNMENT((#19180));
#19180 = SURFACE_STYLE_USAGE(.BOTH.,#19181);
#19181 = SURFACE_SIDE_STYLE('',(#19182));
#19182 = SURFACE_STYLE_FILL_AREA(#19183);
#19183 = FILL_AREA_STYLE('',(#19184));
#19184 = FILL_AREA_STYLE_COLOUR('',#17882);
#19185 = STYLED_ITEM('color',(#19186),#14695);
#19186 = PRESENTATION_STYLE_ASSIGNMENT((#19187));
#19187 = SURFACE_STYLE_USAGE(.BOTH.,#19188);
#19188 = SURFACE_SIDE_STYLE('',(#19189));
#19189 = SURFACE_STYLE_FILL_AREA(#19190);
#19190 = FILL_AREA_STYLE('',(#19191));
#19191 = FILL_AREA_STYLE_COLOUR('',#17882);
#19192 = STYLED_ITEM('color',(#19193),#14726);
#19193 = PRESENTATION_STYLE_ASSIGNMENT((#19194));
#19194 = SURFACE_STYLE_USAGE(.BOTH.,#19195);
#19195 = SURFACE_SIDE_STYLE('',(#19196));
#19196 = SURFACE_STYLE_FILL_AREA(#19197);
#19197 = FILL_AREA_STYLE('',(#19198));
#19198 = FILL_AREA_STYLE_COLOUR('',#17882);
#19199 = STYLED_ITEM('color',(#19200),#14750);
#19200 = PRESENTATION_STYLE_ASSIGNMENT((#19201));
#19201 = SURFACE_STYLE_USAGE(.BOTH.,#19202);
#19202 = SURFACE_SIDE_STYLE('',(#19203));
#19203 = SURFACE_STYLE_FILL_AREA(#19204);
#19204 = FILL_AREA_STYLE('',(#19205));
#19205 = FILL_AREA_STYLE_COLOUR('',#17882);
#19206 = STYLED_ITEM('color',(#19207),#14774);
#19207 = PRESENTATION_STYLE_ASSIGNMENT((#19208));
#19208 = SURFACE_STYLE_USAGE(.BOTH.,#19209);
#19209 = SURFACE_SIDE_STYLE('',(#19210));
#19210 = SURFACE_STYLE_FILL_AREA(#19211);
#19211 = FILL_AREA_STYLE('',(#19212));
#19212 = FILL_AREA_STYLE_COLOUR('',#17882);
#19213 = STYLED_ITEM('color',(#19214),#14791);
#19214 = PRESENTATION_STYLE_ASSIGNMENT((#19215));
#19215 = SURFACE_STYLE_USAGE(.BOTH.,#19216);
#19216 = SURFACE_SIDE_STYLE('',(#19217));
#19217 = SURFACE_STYLE_FILL_AREA(#19218);
#19218 = FILL_AREA_STYLE('',(#19219));
#19219 = FILL_AREA_STYLE_COLOUR('',#17882);
#19220 = STYLED_ITEM('color',(#19221),#14822);
#19221 = PRESENTATION_STYLE_ASSIGNMENT((#19222));
#19222 = SURFACE_STYLE_USAGE(.BOTH.,#19223);
#19223 = SURFACE_SIDE_STYLE('',(#19224));
#19224 = SURFACE_STYLE_FILL_AREA(#19225);
#19225 = FILL_AREA_STYLE('',(#19226));
#19226 = FILL_AREA_STYLE_COLOUR('',#17882);
#19227 = STYLED_ITEM('color',(#19228),#14846);
#19228 = PRESENTATION_STYLE_ASSIGNMENT((#19229));
#19229 = SURFACE_STYLE_USAGE(.BOTH.,#19230);
#19230 = SURFACE_SIDE_STYLE('',(#19231));
#19231 = SURFACE_STYLE_FILL_AREA(#19232);
#19232 = FILL_AREA_STYLE('',(#19233));
#19233 = FILL_AREA_STYLE_COLOUR('',#17882);
#19234 = STYLED_ITEM('color',(#19235),#14870);
#19235 = PRESENTATION_STYLE_ASSIGNMENT((#19236));
#19236 = SURFACE_STYLE_USAGE(.BOTH.,#19237);
#19237 = SURFACE_SIDE_STYLE('',(#19238));
#19238 = SURFACE_STYLE_FILL_AREA(#19239);
#19239 = FILL_AREA_STYLE('',(#19240));
#19240 = FILL_AREA_STYLE_COLOUR('',#17882);
#19241 = STYLED_ITEM('color',(#19242),#14887);
#19242 = PRESENTATION_STYLE_ASSIGNMENT((#19243));
#19243 = SURFACE_STYLE_USAGE(.BOTH.,#19244);
#19244 = SURFACE_SIDE_STYLE('',(#19245));
#19245 = SURFACE_STYLE_FILL_AREA(#19246);
#19246 = FILL_AREA_STYLE('',(#19247));
#19247 = FILL_AREA_STYLE_COLOUR('',#17882);
#19248 = STYLED_ITEM('color',(#19249),#14918);
#19249 = PRESENTATION_STYLE_ASSIGNMENT((#19250));
#19250 = SURFACE_STYLE_USAGE(.BOTH.,#19251);
#19251 = SURFACE_SIDE_STYLE('',(#19252));
#19252 = SURFACE_STYLE_FILL_AREA(#19253);
#19253 = FILL_AREA_STYLE('',(#19254));
#19254 = FILL_AREA_STYLE_COLOUR('',#17882);
#19255 = STYLED_ITEM('color',(#19256),#14942);
#19256 = PRESENTATION_STYLE_ASSIGNMENT((#19257));
#19257 = SURFACE_STYLE_USAGE(.BOTH.,#19258);
#19258 = SURFACE_SIDE_STYLE('',(#19259));
#19259 = SURFACE_STYLE_FILL_AREA(#19260);
#19260 = FILL_AREA_STYLE('',(#19261));
#19261 = FILL_AREA_STYLE_COLOUR('',#17882);
#19262 = STYLED_ITEM('color',(#19263),#14966);
#19263 = PRESENTATION_STYLE_ASSIGNMENT((#19264));
#19264 = SURFACE_STYLE_USAGE(.BOTH.,#19265);
#19265 = SURFACE_SIDE_STYLE('',(#19266));
#19266 = SURFACE_STYLE_FILL_AREA(#19267);
#19267 = FILL_AREA_STYLE('',(#19268));
#19268 = FILL_AREA_STYLE_COLOUR('',#17882);
#19269 = STYLED_ITEM('color',(#19270),#14983);
#19270 = PRESENTATION_STYLE_ASSIGNMENT((#19271));
#19271 = SURFACE_STYLE_USAGE(.BOTH.,#19272);
#19272 = SURFACE_SIDE_STYLE('',(#19273));
#19273 = SURFACE_STYLE_FILL_AREA(#19274);
#19274 = FILL_AREA_STYLE('',(#19275));
#19275 = FILL_AREA_STYLE_COLOUR('',#17882);
#19276 = STYLED_ITEM('color',(#19277),#15014);
#19277 = PRESENTATION_STYLE_ASSIGNMENT((#19278));
#19278 = SURFACE_STYLE_USAGE(.BOTH.,#19279);
#19279 = SURFACE_SIDE_STYLE('',(#19280));
#19280 = SURFACE_STYLE_FILL_AREA(#19281);
#19281 = FILL_AREA_STYLE('',(#19282));
#19282 = FILL_AREA_STYLE_COLOUR('',#17882);
#19283 = STYLED_ITEM('color',(#19284),#15038);
#19284 = PRESENTATION_STYLE_ASSIGNMENT((#19285));
#19285 = SURFACE_STYLE_USAGE(.BOTH.,#19286);
#19286 = SURFACE_SIDE_STYLE('',(#19287));
#19287 = SURFACE_STYLE_FILL_AREA(#19288);
#19288 = FILL_AREA_STYLE('',(#19289));
#19289 = FILL_AREA_STYLE_COLOUR('',#17882);
#19290 = STYLED_ITEM('color',(#19291),#15062);
#19291 = PRESENTATION_STYLE_ASSIGNMENT((#19292));
#19292 = SURFACE_STYLE_USAGE(.BOTH.,#19293);
#19293 = SURFACE_SIDE_STYLE('',(#19294));
#19294 = SURFACE_STYLE_FILL_AREA(#19295);
#19295 = FILL_AREA_STYLE('',(#19296));
#19296 = FILL_AREA_STYLE_COLOUR('',#17882);
#19297 = STYLED_ITEM('color',(#19298),#15079);
#19298 = PRESENTATION_STYLE_ASSIGNMENT((#19299));
#19299 = SURFACE_STYLE_USAGE(.BOTH.,#19300);
#19300 = SURFACE_SIDE_STYLE('',(#19301));
#19301 = SURFACE_STYLE_FILL_AREA(#19302);
#19302 = FILL_AREA_STYLE('',(#19303));
#19303 = FILL_AREA_STYLE_COLOUR('',#17882);
#19304 = STYLED_ITEM('color',(#19305),#15091);
#19305 = PRESENTATION_STYLE_ASSIGNMENT((#19306));
#19306 = SURFACE_STYLE_USAGE(.BOTH.,#19307);
#19307 = SURFACE_SIDE_STYLE('',(#19308));
#19308 = SURFACE_STYLE_FILL_AREA(#19309);
#19309 = FILL_AREA_STYLE('',(#19310));
#19310 = FILL_AREA_STYLE_COLOUR('',#17882);
#19311 = STYLED_ITEM('color',(#19312),#15103);
#19312 = PRESENTATION_STYLE_ASSIGNMENT((#19313));
#19313 = SURFACE_STYLE_USAGE(.BOTH.,#19314);
#19314 = SURFACE_SIDE_STYLE('',(#19315));
#19315 = SURFACE_STYLE_FILL_AREA(#19316);
#19316 = FILL_AREA_STYLE('',(#19317));
#19317 = FILL_AREA_STYLE_COLOUR('',#17882);
#19318 = STYLED_ITEM('color',(#19319),#15115);
#19319 = PRESENTATION_STYLE_ASSIGNMENT((#19320));
#19320 = SURFACE_STYLE_USAGE(.BOTH.,#19321);
#19321 = SURFACE_SIDE_STYLE('',(#19322));
#19322 = SURFACE_STYLE_FILL_AREA(#19323);
#19323 = FILL_AREA_STYLE('',(#19324));
#19324 = FILL_AREA_STYLE_COLOUR('',#17882);
#19325 = STYLED_ITEM('color',(#19326),#15127);
#19326 = PRESENTATION_STYLE_ASSIGNMENT((#19327));
#19327 = SURFACE_STYLE_USAGE(.BOTH.,#19328);
#19328 = SURFACE_SIDE_STYLE('',(#19329));
#19329 = SURFACE_STYLE_FILL_AREA(#19330);
#19330 = FILL_AREA_STYLE('',(#19331));
#19331 = FILL_AREA_STYLE_COLOUR('',#17882);
#19332 = STYLED_ITEM('color',(#19333),#15139);
#19333 = PRESENTATION_STYLE_ASSIGNMENT((#19334));
#19334 = SURFACE_STYLE_USAGE(.BOTH.,#19335);
#19335 = SURFACE_SIDE_STYLE('',(#19336));
#19336 = SURFACE_STYLE_FILL_AREA(#19337);
#19337 = FILL_AREA_STYLE('',(#19338));
#19338 = FILL_AREA_STYLE_COLOUR('',#17882);
#19339 = STYLED_ITEM('color',(#19340),#15151);
#19340 = PRESENTATION_STYLE_ASSIGNMENT((#19341));
#19341 = SURFACE_STYLE_USAGE(.BOTH.,#19342);
#19342 = SURFACE_SIDE_STYLE('',(#19343));
#19343 = SURFACE_STYLE_FILL_AREA(#19344);
#19344 = FILL_AREA_STYLE('',(#19345));
#19345 = FILL_AREA_STYLE_COLOUR('',#17882);
#19346 = STYLED_ITEM('color',(#19347),#15163);
#19347 = PRESENTATION_STYLE_ASSIGNMENT((#19348));
#19348 = SURFACE_STYLE_USAGE(.BOTH.,#19349);
#19349 = SURFACE_SIDE_STYLE('',(#19350));
#19350 = SURFACE_STYLE_FILL_AREA(#19351);
#19351 = FILL_AREA_STYLE('',(#19352));
#19352 = FILL_AREA_STYLE_COLOUR('',#17882);
#19353 = STYLED_ITEM('color',(#19354),#15175);
#19354 = PRESENTATION_STYLE_ASSIGNMENT((#19355));
#19355 = SURFACE_STYLE_USAGE(.BOTH.,#19356);
#19356 = SURFACE_SIDE_STYLE('',(#19357));
#19357 = SURFACE_STYLE_FILL_AREA(#19358);
#19358 = FILL_AREA_STYLE('',(#19359));
#19359 = FILL_AREA_STYLE_COLOUR('',#17882);
#19360 = MECHANICAL_DESIGN_GEOMETRIC_PRESENTATION_REPRESENTATION('',(
    #19361,#19369,#19376,#19383,#19390,#19397,#19404,#19411,#19418,
    #19425,#19432,#19440,#19447,#19454,#19461,#19468,#19475,#19482,
    #19489,#19496,#19503,#19510,#19517,#19524,#19531,#19538,#19545,
    #19552),#6090);
#19361 = STYLED_ITEM('color',(#19362),#5238);
#19362 = PRESENTATION_STYLE_ASSIGNMENT((#19363));
#19363 = SURFACE_STYLE_USAGE(.BOTH.,#19364);
#19364 = SURFACE_SIDE_STYLE('',(#19365));
#19365 = SURFACE_STYLE_FILL_AREA(#19366);
#19366 = FILL_AREA_STYLE('',(#19367));
#19367 = FILL_AREA_STYLE_COLOUR('',#19368);
#19368 = COLOUR_RGB('',0.823999987314,0.819999987296,0.781000009244);
#19369 = STYLED_ITEM('color',(#19370),#5314);
#19370 = PRESENTATION_STYLE_ASSIGNMENT((#19371));
#19371 = SURFACE_STYLE_USAGE(.BOTH.,#19372);
#19372 = SURFACE_SIDE_STYLE('',(#19373));
#19373 = SURFACE_STYLE_FILL_AREA(#19374);
#19374 = FILL_AREA_STYLE('',(#19375));
#19375 = FILL_AREA_STYLE_COLOUR('',#19368);
#19376 = STYLED_ITEM('color',(#19377),#5345);
#19377 = PRESENTATION_STYLE_ASSIGNMENT((#19378));
#19378 = SURFACE_STYLE_USAGE(.BOTH.,#19379);
#19379 = SURFACE_SIDE_STYLE('',(#19380));
#19380 = SURFACE_STYLE_FILL_AREA(#19381);
#19381 = FILL_AREA_STYLE('',(#19382));
#19382 = FILL_AREA_STYLE_COLOUR('',#19368);
#19383 = STYLED_ITEM('color',(#19384),#5370);
#19384 = PRESENTATION_STYLE_ASSIGNMENT((#19385));
#19385 = SURFACE_STYLE_USAGE(.BOTH.,#19386);
#19386 = SURFACE_SIDE_STYLE('',(#19387));
#19387 = SURFACE_STYLE_FILL_AREA(#19388);
#19388 = FILL_AREA_STYLE('',(#19389));
#19389 = FILL_AREA_STYLE_COLOUR('',#19368);
#19390 = STYLED_ITEM('color',(#19391),#5395);
#19391 = PRESENTATION_STYLE_ASSIGNMENT((#19392));
#19392 = SURFACE_STYLE_USAGE(.BOTH.,#19393);
#19393 = SURFACE_SIDE_STYLE('',(#19394));
#19394 = SURFACE_STYLE_FILL_AREA(#19395);
#19395 = FILL_AREA_STYLE('',(#19396));
#19396 = FILL_AREA_STYLE_COLOUR('',#19368);
#19397 = STYLED_ITEM('color',(#19398),#5419);
#19398 = PRESENTATION_STYLE_ASSIGNMENT((#19399));
#19399 = SURFACE_STYLE_USAGE(.BOTH.,#19400);
#19400 = SURFACE_SIDE_STYLE('',(#19401));
#19401 = SURFACE_STYLE_FILL_AREA(#19402);
#19402 = FILL_AREA_STYLE('',(#19403));
#19403 = FILL_AREA_STYLE_COLOUR('',#19368);
#19404 = STYLED_ITEM('color',(#19405),#5443);
#19405 = PRESENTATION_STYLE_ASSIGNMENT((#19406));
#19406 = SURFACE_STYLE_USAGE(.BOTH.,#19407);
#19407 = SURFACE_SIDE_STYLE('',(#19408));
#19408 = SURFACE_STYLE_FILL_AREA(#19409);
#19409 = FILL_AREA_STYLE('',(#19410));
#19410 = FILL_AREA_STYLE_COLOUR('',#19368);
#19411 = STYLED_ITEM('color',(#19412),#5468);
#19412 = PRESENTATION_STYLE_ASSIGNMENT((#19413));
#19413 = SURFACE_STYLE_USAGE(.BOTH.,#19414);
#19414 = SURFACE_SIDE_STYLE('',(#19415));
#19415 = SURFACE_STYLE_FILL_AREA(#19416);
#19416 = FILL_AREA_STYLE('',(#19417));
#19417 = FILL_AREA_STYLE_COLOUR('',#19368);
#19418 = STYLED_ITEM('color',(#19419),#5493);
#19419 = PRESENTATION_STYLE_ASSIGNMENT((#19420));
#19420 = SURFACE_STYLE_USAGE(.BOTH.,#19421);
#19421 = SURFACE_SIDE_STYLE('',(#19422));
#19422 = SURFACE_STYLE_FILL_AREA(#19423);
#19423 = FILL_AREA_STYLE('',(#19424));
#19424 = FILL_AREA_STYLE_COLOUR('',#19368);
#19425 = STYLED_ITEM('color',(#19426),#5510);
#19426 = PRESENTATION_STYLE_ASSIGNMENT((#19427));
#19427 = SURFACE_STYLE_USAGE(.BOTH.,#19428);
#19428 = SURFACE_SIDE_STYLE('',(#19429));
#19429 = SURFACE_STYLE_FILL_AREA(#19430);
#19430 = FILL_AREA_STYLE('',(#19431));
#19431 = FILL_AREA_STYLE_COLOUR('',#19368);
#19432 = STYLED_ITEM('color',(#19433),#5596);
#19433 = PRESENTATION_STYLE_ASSIGNMENT((#19434));
#19434 = SURFACE_STYLE_USAGE(.BOTH.,#19435);
#19435 = SURFACE_SIDE_STYLE('',(#19436));
#19436 = SURFACE_STYLE_FILL_AREA(#19437);
#19437 = FILL_AREA_STYLE('',(#19438));
#19438 = FILL_AREA_STYLE_COLOUR('',#19439);
#19439 = COLOUR_RGB('',0.379000005575,0.270000008848,0.214999999939);
#19440 = STYLED_ITEM('color',(#19441),#5628);
#19441 = PRESENTATION_STYLE_ASSIGNMENT((#19442));
#19442 = SURFACE_STYLE_USAGE(.BOTH.,#19443);
#19443 = SURFACE_SIDE_STYLE('',(#19444));
#19444 = SURFACE_STYLE_FILL_AREA(#19445);
#19445 = FILL_AREA_STYLE('',(#19446));
#19446 = FILL_AREA_STYLE_COLOUR('',#19439);
#19447 = STYLED_ITEM('color',(#19448),#5652);
#19448 = PRESENTATION_STYLE_ASSIGNMENT((#19449));
#19449 = SURFACE_STYLE_USAGE(.BOTH.,#19450);
#19450 = SURFACE_SIDE_STYLE('',(#19451));
#19451 = SURFACE_STYLE_FILL_AREA(#19452);
#19452 = FILL_AREA_STYLE('',(#19453));
#19453 = FILL_AREA_STYLE_COLOUR('',#19439);
#19454 = STYLED_ITEM('color',(#19455),#5677);
#19455 = PRESENTATION_STYLE_ASSIGNMENT((#19456));
#19456 = SURFACE_STYLE_USAGE(.BOTH.,#19457);
#19457 = SURFACE_SIDE_STYLE('',(#19458));
#19458 = SURFACE_STYLE_FILL_AREA(#19459);
#19459 = FILL_AREA_STYLE('',(#19460));
#19460 = FILL_AREA_STYLE_COLOUR('',#19439);
#19461 = STYLED_ITEM('color',(#19462),#5701);
#19462 = PRESENTATION_STYLE_ASSIGNMENT((#19463));
#19463 = SURFACE_STYLE_USAGE(.BOTH.,#19464);
#19464 = SURFACE_SIDE_STYLE('',(#19465));
#19465 = SURFACE_STYLE_FILL_AREA(#19466);
#19466 = FILL_AREA_STYLE('',(#19467));
#19467 = FILL_AREA_STYLE_COLOUR('',#19439);
#19468 = STYLED_ITEM('color',(#19469),#5726);
#19469 = PRESENTATION_STYLE_ASSIGNMENT((#19470));
#19470 = SURFACE_STYLE_USAGE(.BOTH.,#19471);
#19471 = SURFACE_SIDE_STYLE('',(#19472));
#19472 = SURFACE_STYLE_FILL_AREA(#19473);
#19473 = FILL_AREA_STYLE('',(#19474));
#19474 = FILL_AREA_STYLE_COLOUR('',#19439);
#19475 = STYLED_ITEM('color',(#19476),#5750);
#19476 = PRESENTATION_STYLE_ASSIGNMENT((#19477));
#19477 = SURFACE_STYLE_USAGE(.BOTH.,#19478);
#19478 = SURFACE_SIDE_STYLE('',(#19479));
#19479 = SURFACE_STYLE_FILL_AREA(#19480);
#19480 = FILL_AREA_STYLE('',(#19481));
#19481 = FILL_AREA_STYLE_COLOUR('',#19439);
#19482 = STYLED_ITEM('color',(#19483),#5775);
#19483 = PRESENTATION_STYLE_ASSIGNMENT((#19484));
#19484 = SURFACE_STYLE_USAGE(.BOTH.,#19485);
#19485 = SURFACE_SIDE_STYLE('',(#19486));
#19486 = SURFACE_STYLE_FILL_AREA(#19487);
#19487 = FILL_AREA_STYLE('',(#19488));
#19488 = FILL_AREA_STYLE_COLOUR('',#19439);
#19489 = STYLED_ITEM('color',(#19490),#5792);
#19490 = PRESENTATION_STYLE_ASSIGNMENT((#19491));
#19491 = SURFACE_STYLE_USAGE(.BOTH.,#19492);
#19492 = SURFACE_SIDE_STYLE('',(#19493));
#19493 = SURFACE_STYLE_FILL_AREA(#19494);
#19494 = FILL_AREA_STYLE('',(#19495));
#19495 = FILL_AREA_STYLE_COLOUR('',#19368);
#19496 = STYLED_ITEM('color',(#19497),#5878);
#19497 = PRESENTATION_STYLE_ASSIGNMENT((#19498));
#19498 = SURFACE_STYLE_USAGE(.BOTH.,#19499);
#19499 = SURFACE_SIDE_STYLE('',(#19500));
#19500 = SURFACE_STYLE_FILL_AREA(#19501);
#19501 = FILL_AREA_STYLE('',(#19502));
#19502 = FILL_AREA_STYLE_COLOUR('',#19368);
#19503 = STYLED_ITEM('color',(#19504),#5909);
#19504 = PRESENTATION_STYLE_ASSIGNMENT((#19505));
#19505 = SURFACE_STYLE_USAGE(.BOTH.,#19506);
#19506 = SURFACE_SIDE_STYLE('',(#19507));
#19507 = SURFACE_STYLE_FILL_AREA(#19508);
#19508 = FILL_AREA_STYLE('',(#19509));
#19509 = FILL_AREA_STYLE_COLOUR('',#19368);
#19510 = STYLED_ITEM('color',(#19511),#5934);
#19511 = PRESENTATION_STYLE_ASSIGNMENT((#19512));
#19512 = SURFACE_STYLE_USAGE(.BOTH.,#19513);
#19513 = SURFACE_SIDE_STYLE('',(#19514));
#19514 = SURFACE_STYLE_FILL_AREA(#19515);
#19515 = FILL_AREA_STYLE('',(#19516));
#19516 = FILL_AREA_STYLE_COLOUR('',#19368);
#19517 = STYLED_ITEM('color',(#19518),#5959);
#19518 = PRESENTATION_STYLE_ASSIGNMENT((#19519));
#19519 = SURFACE_STYLE_USAGE(.BOTH.,#19520);
#19520 = SURFACE_SIDE_STYLE('',(#19521));
#19521 = SURFACE_STYLE_FILL_AREA(#19522);
#19522 = FILL_AREA_STYLE('',(#19523));
#19523 = FILL_AREA_STYLE_COLOUR('',#19368);
#19524 = STYLED_ITEM('color',(#19525),#5983);
#19525 = PRESENTATION_STYLE_ASSIGNMENT((#19526));
#19526 = SURFACE_STYLE_USAGE(.BOTH.,#19527);
#19527 = SURFACE_SIDE_STYLE('',(#19528));
#19528 = SURFACE_STYLE_FILL_AREA(#19529);
#19529 = FILL_AREA_STYLE('',(#19530));
#19530 = FILL_AREA_STYLE_COLOUR('',#19368);
#19531 = STYLED_ITEM('color',(#19532),#6007);
#19532 = PRESENTATION_STYLE_ASSIGNMENT((#19533));
#19533 = SURFACE_STYLE_USAGE(.BOTH.,#19534);
#19534 = SURFACE_SIDE_STYLE('',(#19535));
#19535 = SURFACE_STYLE_FILL_AREA(#19536);
#19536 = FILL_AREA_STYLE('',(#19537));
#19537 = FILL_AREA_STYLE_COLOUR('',#19368);
#19538 = STYLED_ITEM('color',(#19539),#6032);
#19539 = PRESENTATION_STYLE_ASSIGNMENT((#19540));
#19540 = SURFACE_STYLE_USAGE(.BOTH.,#19541);
#19541 = SURFACE_SIDE_STYLE('',(#19542));
#19542 = SURFACE_STYLE_FILL_AREA(#19543);
#19543 = FILL_AREA_STYLE('',(#19544));
#19544 = FILL_AREA_STYLE_COLOUR('',#19368);
#19545 = STYLED_ITEM('color',(#19546),#6057);
#19546 = PRESENTATION_STYLE_ASSIGNMENT((#19547));
#19547 = SURFACE_STYLE_USAGE(.BOTH.,#19548);
#19548 = SURFACE_SIDE_STYLE('',(#19549));
#19549 = SURFACE_STYLE_FILL_AREA(#19550);
#19550 = FILL_AREA_STYLE('',(#19551));
#19551 = FILL_AREA_STYLE_COLOUR('',#19368);
#19552 = STYLED_ITEM('color',(#19553),#6074);
#19553 = PRESENTATION_STYLE_ASSIGNMENT((#19554));
#19554 = SURFACE_STYLE_USAGE(.BOTH.,#19555);
#19555 = SURFACE_SIDE_STYLE('',(#19556));
#19556 = SURFACE_STYLE_FILL_AREA(#19557);
#19557 = FILL_AREA_STYLE('',(#19558));
#19558 = FILL_AREA_STYLE_COLOUR('',#19368);
#19559 = MECHANICAL_DESIGN_GEOMETRIC_PRESENTATION_REPRESENTATION('',(
    #19560,#19568,#19575,#19582,#19589,#19596,#19603,#19610,#19617,
    #19624,#19631,#19638,#19645,#19652,#19659,#19666,#19673,#19680,
    #19687,#19694,#19701,#19708,#19715,#19722,#19729,#19736,#19743,
    #19750,#19757,#19764,#19771,#19778,#19785,#19792,#19799,#19806,
    #19814,#19821,#19828,#19835,#19842,#19849,#19856,#19863,#19870,
    #19877,#19884,#19891,#19898,#19905),#1604);
#19560 = STYLED_ITEM('color',(#19561),#83);
#19561 = PRESENTATION_STYLE_ASSIGNMENT((#19562));
#19562 = SURFACE_STYLE_USAGE(.BOTH.,#19563);
#19563 = SURFACE_SIDE_STYLE('',(#19564));
#19564 = SURFACE_STYLE_FILL_AREA(#19565);
#19565 = FILL_AREA_STYLE('',(#19566));
#19566 = FILL_AREA_STYLE_COLOUR('',#19567);
#19567 = COLOUR_RGB('',0.894999966383,0.890999961016,0.813000030345);
#19568 = STYLED_ITEM('color',(#19569),#123);
#19569 = PRESENTATION_STYLE_ASSIGNMENT((#19570));
#19570 = SURFACE_STYLE_USAGE(.BOTH.,#19571);
#19571 = SURFACE_SIDE_STYLE('',(#19572));
#19572 = SURFACE_STYLE_FILL_AREA(#19573);
#19573 = FILL_AREA_STYLE('',(#19574));
#19574 = FILL_AREA_STYLE_COLOUR('',#19567);
#19575 = STYLED_ITEM('color',(#19576),#170);
#19576 = PRESENTATION_STYLE_ASSIGNMENT((#19577));
#19577 = SURFACE_STYLE_USAGE(.BOTH.,#19578);
#19578 = SURFACE_SIDE_STYLE('',(#19579));
#19579 = SURFACE_STYLE_FILL_AREA(#19580);
#19580 = FILL_AREA_STYLE('',(#19581));
#19581 = FILL_AREA_STYLE_COLOUR('',#19567);
#19582 = STYLED_ITEM('color',(#19583),#249);
#19583 = PRESENTATION_STYLE_ASSIGNMENT((#19584));
#19584 = SURFACE_STYLE_USAGE(.BOTH.,#19585);
#19585 = SURFACE_SIDE_STYLE('',(#19586));
#19586 = SURFACE_STYLE_FILL_AREA(#19587);
#19587 = FILL_AREA_STYLE('',(#19588));
#19588 = FILL_AREA_STYLE_COLOUR('',#19567);
#19589 = STYLED_ITEM('color',(#19590),#273);
#19590 = PRESENTATION_STYLE_ASSIGNMENT((#19591));
#19591 = SURFACE_STYLE_USAGE(.BOTH.,#19592);
#19592 = SURFACE_SIDE_STYLE('',(#19593));
#19593 = SURFACE_STYLE_FILL_AREA(#19594);
#19594 = FILL_AREA_STYLE('',(#19595));
#19595 = FILL_AREA_STYLE_COLOUR('',#19567);
#19596 = STYLED_ITEM('color',(#19597),#313);
#19597 = PRESENTATION_STYLE_ASSIGNMENT((#19598));
#19598 = SURFACE_STYLE_USAGE(.BOTH.,#19599);
#19599 = SURFACE_SIDE_STYLE('',(#19600));
#19600 = SURFACE_STYLE_FILL_AREA(#19601);
#19601 = FILL_AREA_STYLE('',(#19602));
#19602 = FILL_AREA_STYLE_COLOUR('',#19567);
#19603 = STYLED_ITEM('color',(#19604),#344);
#19604 = PRESENTATION_STYLE_ASSIGNMENT((#19605));
#19605 = SURFACE_STYLE_USAGE(.BOTH.,#19606);
#19606 = SURFACE_SIDE_STYLE('',(#19607));
#19607 = SURFACE_STYLE_FILL_AREA(#19608);
#19608 = FILL_AREA_STYLE('',(#19609));
#19609 = FILL_AREA_STYLE_COLOUR('',#19567);
#19610 = STYLED_ITEM('color',(#19611),#361);
#19611 = PRESENTATION_STYLE_ASSIGNMENT((#19612));
#19612 = SURFACE_STYLE_USAGE(.BOTH.,#19613);
#19613 = SURFACE_SIDE_STYLE('',(#19614));
#19614 = SURFACE_STYLE_FILL_AREA(#19615);
#19615 = FILL_AREA_STYLE('',(#19616));
#19616 = FILL_AREA_STYLE_COLOUR('',#16724);
#19617 = STYLED_ITEM('color',(#19618),#394);
#19618 = PRESENTATION_STYLE_ASSIGNMENT((#19619));
#19619 = SURFACE_STYLE_USAGE(.BOTH.,#19620);
#19620 = SURFACE_SIDE_STYLE('',(#19621));
#19621 = SURFACE_STYLE_FILL_AREA(#19622);
#19622 = FILL_AREA_STYLE('',(#19623));
#19623 = FILL_AREA_STYLE_COLOUR('',#19567);
#19624 = STYLED_ITEM('color',(#19625),#418);
#19625 = PRESENTATION_STYLE_ASSIGNMENT((#19626));
#19626 = SURFACE_STYLE_USAGE(.BOTH.,#19627);
#19627 = SURFACE_SIDE_STYLE('',(#19628));
#19628 = SURFACE_STYLE_FILL_AREA(#19629);
#19629 = FILL_AREA_STYLE('',(#19630));
#19630 = FILL_AREA_STYLE_COLOUR('',#16724);
#19631 = STYLED_ITEM('color',(#19632),#485);
#19632 = PRESENTATION_STYLE_ASSIGNMENT((#19633));
#19633 = SURFACE_STYLE_USAGE(.BOTH.,#19634);
#19634 = SURFACE_SIDE_STYLE('',(#19635));
#19635 = SURFACE_STYLE_FILL_AREA(#19636);
#19636 = FILL_AREA_STYLE('',(#19637));
#19637 = FILL_AREA_STYLE_COLOUR('',#19567);
#19638 = STYLED_ITEM('color',(#19639),#606);
#19639 = PRESENTATION_STYLE_ASSIGNMENT((#19640));
#19640 = SURFACE_STYLE_USAGE(.BOTH.,#19641);
#19641 = SURFACE_SIDE_STYLE('',(#19642));
#19642 = SURFACE_STYLE_FILL_AREA(#19643);
#19643 = FILL_AREA_STYLE('',(#19644));
#19644 = FILL_AREA_STYLE_COLOUR('',#16724);
#19645 = STYLED_ITEM('color',(#19646),#673);
#19646 = PRESENTATION_STYLE_ASSIGNMENT((#19647));
#19647 = SURFACE_STYLE_USAGE(.BOTH.,#19648);
#19648 = SURFACE_SIDE_STYLE('',(#19649));
#19649 = SURFACE_STYLE_FILL_AREA(#19650);
#19650 = FILL_AREA_STYLE('',(#19651));
#19651 = FILL_AREA_STYLE_COLOUR('',#19567);
#19652 = STYLED_ITEM('color',(#19653),#697);
#19653 = PRESENTATION_STYLE_ASSIGNMENT((#19654));
#19654 = SURFACE_STYLE_USAGE(.BOTH.,#19655);
#19655 = SURFACE_SIDE_STYLE('',(#19656));
#19656 = SURFACE_STYLE_FILL_AREA(#19657);
#19657 = FILL_AREA_STYLE('',(#19658));
#19658 = FILL_AREA_STYLE_COLOUR('',#19567);
#19659 = STYLED_ITEM('color',(#19660),#728);
#19660 = PRESENTATION_STYLE_ASSIGNMENT((#19661));
#19661 = SURFACE_STYLE_USAGE(.BOTH.,#19662);
#19662 = SURFACE_SIDE_STYLE('',(#19663));
#19663 = SURFACE_STYLE_FILL_AREA(#19664);
#19664 = FILL_AREA_STYLE('',(#19665));
#19665 = FILL_AREA_STYLE_COLOUR('',#16724);
#19666 = STYLED_ITEM('color',(#19667),#761);
#19667 = PRESENTATION_STYLE_ASSIGNMENT((#19668));
#19668 = SURFACE_STYLE_USAGE(.BOTH.,#19669);
#19669 = SURFACE_SIDE_STYLE('',(#19670));
#19670 = SURFACE_STYLE_FILL_AREA(#19671);
#19671 = FILL_AREA_STYLE('',(#19672));
#19672 = FILL_AREA_STYLE_COLOUR('',#19567);
#19673 = STYLED_ITEM('color',(#19674),#817);
#19674 = PRESENTATION_STYLE_ASSIGNMENT((#19675));
#19675 = SURFACE_STYLE_USAGE(.BOTH.,#19676);
#19676 = SURFACE_SIDE_STYLE('',(#19677));
#19677 = SURFACE_STYLE_FILL_AREA(#19678);
#19678 = FILL_AREA_STYLE('',(#19679));
#19679 = FILL_AREA_STYLE_COLOUR('',#16724);
#19680 = STYLED_ITEM('color',(#19681),#841);
#19681 = PRESENTATION_STYLE_ASSIGNMENT((#19682));
#19682 = SURFACE_STYLE_USAGE(.BOTH.,#19683);
#19683 = SURFACE_SIDE_STYLE('',(#19684));
#19684 = SURFACE_STYLE_FILL_AREA(#19685);
#19685 = FILL_AREA_STYLE('',(#19686));
#19686 = FILL_AREA_STYLE_COLOUR('',#16724);
#19687 = STYLED_ITEM('color',(#19688),#865);
#19688 = PRESENTATION_STYLE_ASSIGNMENT((#19689));
#19689 = SURFACE_STYLE_USAGE(.BOTH.,#19690);
#19690 = SURFACE_SIDE_STYLE('',(#19691));
#19691 = SURFACE_STYLE_FILL_AREA(#19692);
#19692 = FILL_AREA_STYLE('',(#19693));
#19693 = FILL_AREA_STYLE_COLOUR('',#16724);
#19694 = STYLED_ITEM('color',(#19695),#889);
#19695 = PRESENTATION_STYLE_ASSIGNMENT((#19696));
#19696 = SURFACE_STYLE_USAGE(.BOTH.,#19697);
#19697 = SURFACE_SIDE_STYLE('',(#19698));
#19698 = SURFACE_STYLE_FILL_AREA(#19699);
#19699 = FILL_AREA_STYLE('',(#19700));
#19700 = FILL_AREA_STYLE_COLOUR('',#16724);
#19701 = STYLED_ITEM('color',(#19702),#922);
#19702 = PRESENTATION_STYLE_ASSIGNMENT((#19703));
#19703 = SURFACE_STYLE_USAGE(.BOTH.,#19704);
#19704 = SURFACE_SIDE_STYLE('',(#19705));
#19705 = SURFACE_STYLE_FILL_AREA(#19706);
#19706 = FILL_AREA_STYLE('',(#19707));
#19707 = FILL_AREA_STYLE_COLOUR('',#16724);
#19708 = STYLED_ITEM('color',(#19709),#934);
#19709 = PRESENTATION_STYLE_ASSIGNMENT((#19710));
#19710 = SURFACE_STYLE_USAGE(.BOTH.,#19711);
#19711 = SURFACE_SIDE_STYLE('',(#19712));
#19712 = SURFACE_STYLE_FILL_AREA(#19713);
#19713 = FILL_AREA_STYLE('',(#19714));
#19714 = FILL_AREA_STYLE_COLOUR('',#16724);
#19715 = STYLED_ITEM('color',(#19716),#997);
#19716 = PRESENTATION_STYLE_ASSIGNMENT((#19717));
#19717 = SURFACE_STYLE_USAGE(.BOTH.,#19718);
#19718 = SURFACE_SIDE_STYLE('',(#19719));
#19719 = SURFACE_STYLE_FILL_AREA(#19720);
#19720 = FILL_AREA_STYLE('',(#19721));
#19721 = FILL_AREA_STYLE_COLOUR('',#16724);
#19722 = STYLED_ITEM('color',(#19723),#1022);
#19723 = PRESENTATION_STYLE_ASSIGNMENT((#19724));
#19724 = SURFACE_STYLE_USAGE(.BOTH.,#19725);
#19725 = SURFACE_SIDE_STYLE('',(#19726));
#19726 = SURFACE_STYLE_FILL_AREA(#19727);
#19727 = FILL_AREA_STYLE('',(#19728));
#19728 = FILL_AREA_STYLE_COLOUR('',#16724);
#19729 = STYLED_ITEM('color',(#19730),#1039);
#19730 = PRESENTATION_STYLE_ASSIGNMENT((#19731));
#19731 = SURFACE_STYLE_USAGE(.BOTH.,#19732);
#19732 = SURFACE_SIDE_STYLE('',(#19733));
#19733 = SURFACE_STYLE_FILL_AREA(#19734);
#19734 = FILL_AREA_STYLE('',(#19735));
#19735 = FILL_AREA_STYLE_COLOUR('',#16724);
#19736 = STYLED_ITEM('color',(#19737),#1063);
#19737 = PRESENTATION_STYLE_ASSIGNMENT((#19738));
#19738 = SURFACE_STYLE_USAGE(.BOTH.,#19739);
#19739 = SURFACE_SIDE_STYLE('',(#19740));
#19740 = SURFACE_STYLE_FILL_AREA(#19741);
#19741 = FILL_AREA_STYLE('',(#19742));
#19742 = FILL_AREA_STYLE_COLOUR('',#16724);
#19743 = STYLED_ITEM('color',(#19744),#1081);
#19744 = PRESENTATION_STYLE_ASSIGNMENT((#19745));
#19745 = SURFACE_STYLE_USAGE(.BOTH.,#19746);
#19746 = SURFACE_SIDE_STYLE('',(#19747));
#19747 = SURFACE_STYLE_FILL_AREA(#19748);
#19748 = FILL_AREA_STYLE('',(#19749));
#19749 = FILL_AREA_STYLE_COLOUR('',#16724);
#19750 = STYLED_ITEM('color',(#19751),#1099);
#19751 = PRESENTATION_STYLE_ASSIGNMENT((#19752));
#19752 = SURFACE_STYLE_USAGE(.BOTH.,#19753);
#19753 = SURFACE_SIDE_STYLE('',(#19754));
#19754 = SURFACE_STYLE_FILL_AREA(#19755);
#19755 = FILL_AREA_STYLE('',(#19756));
#19756 = FILL_AREA_STYLE_COLOUR('',#16724);
#19757 = STYLED_ITEM('color',(#19758),#1117);
#19758 = PRESENTATION_STYLE_ASSIGNMENT((#19759));
#19759 = SURFACE_STYLE_USAGE(.BOTH.,#19760);
#19760 = SURFACE_SIDE_STYLE('',(#19761));
#19761 = SURFACE_STYLE_FILL_AREA(#19762);
#19762 = FILL_AREA_STYLE('',(#19763));
#19763 = FILL_AREA_STYLE_COLOUR('',#16724);
#19764 = STYLED_ITEM('color',(#19765),#1134);
#19765 = PRESENTATION_STYLE_ASSIGNMENT((#19766));
#19766 = SURFACE_STYLE_USAGE(.BOTH.,#19767);
#19767 = SURFACE_SIDE_STYLE('',(#19768));
#19768 = SURFACE_STYLE_FILL_AREA(#19769);
#19769 = FILL_AREA_STYLE('',(#19770));
#19770 = FILL_AREA_STYLE_COLOUR('',#16724);
#19771 = STYLED_ITEM('color',(#19772),#1151);
#19772 = PRESENTATION_STYLE_ASSIGNMENT((#19773));
#19773 = SURFACE_STYLE_USAGE(.BOTH.,#19774);
#19774 = SURFACE_SIDE_STYLE('',(#19775));
#19775 = SURFACE_STYLE_FILL_AREA(#19776);
#19776 = FILL_AREA_STYLE('',(#19777));
#19777 = FILL_AREA_STYLE_COLOUR('',#16724);
#19778 = STYLED_ITEM('color',(#19779),#1182);
#19779 = PRESENTATION_STYLE_ASSIGNMENT((#19780));
#19780 = SURFACE_STYLE_USAGE(.BOTH.,#19781);
#19781 = SURFACE_SIDE_STYLE('',(#19782));
#19782 = SURFACE_STYLE_FILL_AREA(#19783);
#19783 = FILL_AREA_STYLE('',(#19784));
#19784 = FILL_AREA_STYLE_COLOUR('',#16724);
#19785 = STYLED_ITEM('color',(#19786),#1207);
#19786 = PRESENTATION_STYLE_ASSIGNMENT((#19787));
#19787 = SURFACE_STYLE_USAGE(.BOTH.,#19788);
#19788 = SURFACE_SIDE_STYLE('',(#19789));
#19789 = SURFACE_STYLE_FILL_AREA(#19790);
#19790 = FILL_AREA_STYLE('',(#19791));
#19791 = FILL_AREA_STYLE_COLOUR('',#16724);
#19792 = STYLED_ITEM('color',(#19793),#1232);
#19793 = PRESENTATION_STYLE_ASSIGNMENT((#19794));
#19794 = SURFACE_STYLE_USAGE(.BOTH.,#19795);
#19795 = SURFACE_SIDE_STYLE('',(#19796));
#19796 = SURFACE_STYLE_FILL_AREA(#19797);
#19797 = FILL_AREA_STYLE('',(#19798));
#19798 = FILL_AREA_STYLE_COLOUR('',#16724);
#19799 = STYLED_ITEM('color',(#19800),#1256);
#19800 = PRESENTATION_STYLE_ASSIGNMENT((#19801));
#19801 = SURFACE_STYLE_USAGE(.BOTH.,#19802);
#19802 = SURFACE_SIDE_STYLE('',(#19803));
#19803 = SURFACE_STYLE_FILL_AREA(#19804);
#19804 = FILL_AREA_STYLE('',(#19805));
#19805 = FILL_AREA_STYLE_COLOUR('',#16724);
#19806 = STYLED_ITEM('color',(#19807),#1273);
#19807 = PRESENTATION_STYLE_ASSIGNMENT((#19808));
#19808 = SURFACE_STYLE_USAGE(.BOTH.,#19809);
#19809 = SURFACE_SIDE_STYLE('',(#19810));
#19810 = SURFACE_STYLE_FILL_AREA(#19811);
#19811 = FILL_AREA_STYLE('',(#19812));
#19812 = FILL_AREA_STYLE_COLOUR('',#19813);
#19813 = COLOUR_RGB('',0.340000006699,0.68000001254,0.444999988852);
#19814 = STYLED_ITEM('color',(#19815),#1304);
#19815 = PRESENTATION_STYLE_ASSIGNMENT((#19816));
#19816 = SURFACE_STYLE_USAGE(.BOTH.,#19817);
#19817 = SURFACE_SIDE_STYLE('',(#19818));
#19818 = SURFACE_STYLE_FILL_AREA(#19819);
#19819 = FILL_AREA_STYLE('',(#19820));
#19820 = FILL_AREA_STYLE_COLOUR('',#19813);
#19821 = STYLED_ITEM('color',(#19822),#1328);
#19822 = PRESENTATION_STYLE_ASSIGNMENT((#19823));
#19823 = SURFACE_STYLE_USAGE(.BOTH.,#19824);
#19824 = SURFACE_SIDE_STYLE('',(#19825));
#19825 = SURFACE_STYLE_FILL_AREA(#19826);
#19826 = FILL_AREA_STYLE('',(#19827));
#19827 = FILL_AREA_STYLE_COLOUR('',#19813);
#19828 = STYLED_ITEM('color',(#19829),#1345);
#19829 = PRESENTATION_STYLE_ASSIGNMENT((#19830));
#19830 = SURFACE_STYLE_USAGE(.BOTH.,#19831);
#19831 = SURFACE_SIDE_STYLE('',(#19832));
#19832 = SURFACE_STYLE_FILL_AREA(#19833);
#19833 = FILL_AREA_STYLE('',(#19834));
#19834 = FILL_AREA_STYLE_COLOUR('',#16724);
#19835 = STYLED_ITEM('color',(#19836),#1373);
#19836 = PRESENTATION_STYLE_ASSIGNMENT((#19837));
#19837 = SURFACE_STYLE_USAGE(.BOTH.,#19838);
#19838 = SURFACE_SIDE_STYLE('',(#19839));
#19839 = SURFACE_STYLE_FILL_AREA(#19840);
#19840 = FILL_AREA_STYLE('',(#19841));
#19841 = FILL_AREA_STYLE_COLOUR('',#16724);
#19842 = STYLED_ITEM('color',(#19843),#1398);
#19843 = PRESENTATION_STYLE_ASSIGNMENT((#19844));
#19844 = SURFACE_STYLE_USAGE(.BOTH.,#19845);
#19845 = SURFACE_SIDE_STYLE('',(#19846));
#19846 = SURFACE_STYLE_FILL_AREA(#19847);
#19847 = FILL_AREA_STYLE('',(#19848));
#19848 = FILL_AREA_STYLE_COLOUR('',#16724);
#19849 = STYLED_ITEM('color',(#19850),#1422);
#19850 = PRESENTATION_STYLE_ASSIGNMENT((#19851));
#19851 = SURFACE_STYLE_USAGE(.BOTH.,#19852);
#19852 = SURFACE_SIDE_STYLE('',(#19853));
#19853 = SURFACE_STYLE_FILL_AREA(#19854);
#19854 = FILL_AREA_STYLE('',(#19855));
#19855 = FILL_AREA_STYLE_COLOUR('',#16724);
#19856 = STYLED_ITEM('color',(#19857),#1447);
#19857 = PRESENTATION_STYLE_ASSIGNMENT((#19858));
#19858 = SURFACE_STYLE_USAGE(.BOTH.,#19859);
#19859 = SURFACE_SIDE_STYLE('',(#19860));
#19860 = SURFACE_STYLE_FILL_AREA(#19861);
#19861 = FILL_AREA_STYLE('',(#19862));
#19862 = FILL_AREA_STYLE_COLOUR('',#16724);
#19863 = STYLED_ITEM('color',(#19864),#1494);
#19864 = PRESENTATION_STYLE_ASSIGNMENT((#19865));
#19865 = SURFACE_STYLE_USAGE(.BOTH.,#19866);
#19866 = SURFACE_SIDE_STYLE('',(#19867));
#19867 = SURFACE_STYLE_FILL_AREA(#19868);
#19868 = FILL_AREA_STYLE('',(#19869));
#19869 = FILL_AREA_STYLE_COLOUR('',#16724);
#19870 = STYLED_ITEM('color',(#19871),#1511);
#19871 = PRESENTATION_STYLE_ASSIGNMENT((#19872));
#19872 = SURFACE_STYLE_USAGE(.BOTH.,#19873);
#19873 = SURFACE_SIDE_STYLE('',(#19874));
#19874 = SURFACE_STYLE_FILL_AREA(#19875);
#19875 = FILL_AREA_STYLE('',(#19876));
#19876 = FILL_AREA_STYLE_COLOUR('',#16724);
#19877 = STYLED_ITEM('color',(#19878),#1523);
#19878 = PRESENTATION_STYLE_ASSIGNMENT((#19879));
#19879 = SURFACE_STYLE_USAGE(.BOTH.,#19880);
#19880 = SURFACE_SIDE_STYLE('',(#19881));
#19881 = SURFACE_STYLE_FILL_AREA(#19882);
#19882 = FILL_AREA_STYLE('',(#19883));
#19883 = FILL_AREA_STYLE_COLOUR('',#16724);
#19884 = STYLED_ITEM('color',(#19885),#1545);
#19885 = PRESENTATION_STYLE_ASSIGNMENT((#19886));
#19886 = SURFACE_STYLE_USAGE(.BOTH.,#19887);
#19887 = SURFACE_SIDE_STYLE('',(#19888));
#19888 = SURFACE_STYLE_FILL_AREA(#19889);
#19889 = FILL_AREA_STYLE('',(#19890));
#19890 = FILL_AREA_STYLE_COLOUR('',#16724);
#19891 = STYLED_ITEM('color',(#19892),#1557);
#19892 = PRESENTATION_STYLE_ASSIGNMENT((#19893));
#19893 = SURFACE_STYLE_USAGE(.BOTH.,#19894);
#19894 = SURFACE_SIDE_STYLE('',(#19895));
#19895 = SURFACE_STYLE_FILL_AREA(#19896);
#19896 = FILL_AREA_STYLE('',(#19897));
#19897 = FILL_AREA_STYLE_COLOUR('',#16724);
#19898 = STYLED_ITEM('color',(#19899),#1575);
#19899 = PRESENTATION_STYLE_ASSIGNMENT((#19900));
#19900 = SURFACE_STYLE_USAGE(.BOTH.,#19901);
#19901 = SURFACE_SIDE_STYLE('',(#19902));
#19902 = SURFACE_STYLE_FILL_AREA(#19903);
#19903 = FILL_AREA_STYLE('',(#19904));
#19904 = FILL_AREA_STYLE_COLOUR('',#16724);
#19905 = STYLED_ITEM('color',(#19906),#1593);
#19906 = PRESENTATION_STYLE_ASSIGNMENT((#19907));
#19907 = SURFACE_STYLE_USAGE(.BOTH.,#19908);
#19908 = SURFACE_SIDE_STYLE('',(#19909));
#19909 = SURFACE_STYLE_FILL_AREA(#19910);
#19910 = FILL_AREA_STYLE('',(#19911));
#19911 = FILL_AREA_STYLE_COLOUR('',#19813);
#19912 = MECHANICAL_DESIGN_GEOMETRIC_PRESENTATION_REPRESENTATION('',(
    #19913,#19920,#19927,#19934,#19941,#19948,#19955,#19962,#19969,
    #19976,#19983,#19990,#19997,#20004,#20012,#20019,#20026,#20033,
    #20040,#20047,#20054,#20061,#20068,#20075,#20082,#20089),#5217);
#19913 = STYLED_ITEM('color',(#19914),#4429);
#19914 = PRESENTATION_STYLE_ASSIGNMENT((#19915));
#19915 = SURFACE_STYLE_USAGE(.BOTH.,#19916);
#19916 = SURFACE_SIDE_STYLE('',(#19917));
#19917 = SURFACE_STYLE_FILL_AREA(#19918);
#19918 = FILL_AREA_STYLE('',(#19919));
#19919 = FILL_AREA_STYLE_COLOUR('',#19368);
#19920 = STYLED_ITEM('color',(#19921),#4469);
#19921 = PRESENTATION_STYLE_ASSIGNMENT((#19922));
#19922 = SURFACE_STYLE_USAGE(.BOTH.,#19923);
#19923 = SURFACE_SIDE_STYLE('',(#19924));
#19924 = SURFACE_STYLE_FILL_AREA(#19925);
#19925 = FILL_AREA_STYLE('',(#19926));
#19926 = FILL_AREA_STYLE_COLOUR('',#19368);
#19927 = STYLED_ITEM('color',(#19928),#4552);
#19928 = PRESENTATION_STYLE_ASSIGNMENT((#19929));
#19929 = SURFACE_STYLE_USAGE(.BOTH.,#19930);
#19930 = SURFACE_SIDE_STYLE('',(#19931));
#19931 = SURFACE_STYLE_FILL_AREA(#19932);
#19932 = FILL_AREA_STYLE('',(#19933));
#19933 = FILL_AREA_STYLE_COLOUR('',#19368);
#19934 = STYLED_ITEM('color',(#19935),#4577);
#19935 = PRESENTATION_STYLE_ASSIGNMENT((#19936));
#19936 = SURFACE_STYLE_USAGE(.BOTH.,#19937);
#19937 = SURFACE_SIDE_STYLE('',(#19938));
#19938 = SURFACE_STYLE_FILL_AREA(#19939);
#19939 = FILL_AREA_STYLE('',(#19940));
#19940 = FILL_AREA_STYLE_COLOUR('',#19368);
#19941 = STYLED_ITEM('color',(#19942),#4602);
#19942 = PRESENTATION_STYLE_ASSIGNMENT((#19943));
#19943 = SURFACE_STYLE_USAGE(.BOTH.,#19944);
#19944 = SURFACE_SIDE_STYLE('',(#19945));
#19945 = SURFACE_STYLE_FILL_AREA(#19946);
#19946 = FILL_AREA_STYLE('',(#19947));
#19947 = FILL_AREA_STYLE_COLOUR('',#19368);
#19948 = STYLED_ITEM('color',(#19949),#4669);
#19949 = PRESENTATION_STYLE_ASSIGNMENT((#19950));
#19950 = SURFACE_STYLE_USAGE(.BOTH.,#19951);
#19951 = SURFACE_SIDE_STYLE('',(#19952));
#19952 = SURFACE_STYLE_FILL_AREA(#19953);
#19953 = FILL_AREA_STYLE('',(#19954));
#19954 = FILL_AREA_STYLE_COLOUR('',#19368);
#19955 = STYLED_ITEM('color',(#19956),#4686);
#19956 = PRESENTATION_STYLE_ASSIGNMENT((#19957));
#19957 = SURFACE_STYLE_USAGE(.BOTH.,#19958);
#19958 = SURFACE_SIDE_STYLE('',(#19959));
#19959 = SURFACE_STYLE_FILL_AREA(#19960);
#19960 = FILL_AREA_STYLE('',(#19961));
#19961 = FILL_AREA_STYLE_COLOUR('',#19368);
#19962 = STYLED_ITEM('color',(#19963),#4703);
#19963 = PRESENTATION_STYLE_ASSIGNMENT((#19964));
#19964 = SURFACE_STYLE_USAGE(.BOTH.,#19965);
#19965 = SURFACE_SIDE_STYLE('',(#19966));
#19966 = SURFACE_STYLE_FILL_AREA(#19967);
#19967 = FILL_AREA_STYLE('',(#19968));
#19968 = FILL_AREA_STYLE_COLOUR('',#19567);
#19969 = STYLED_ITEM('color',(#19970),#4752);
#19970 = PRESENTATION_STYLE_ASSIGNMENT((#19971));
#19971 = SURFACE_STYLE_USAGE(.BOTH.,#19972);
#19972 = SURFACE_SIDE_STYLE('',(#19973));
#19973 = SURFACE_STYLE_FILL_AREA(#19974);
#19974 = FILL_AREA_STYLE('',(#19975));
#19975 = FILL_AREA_STYLE_COLOUR('',#19368);
#19976 = STYLED_ITEM('color',(#19977),#4769);
#19977 = PRESENTATION_STYLE_ASSIGNMENT((#19978));
#19978 = SURFACE_STYLE_USAGE(.BOTH.,#19979);
#19979 = SURFACE_SIDE_STYLE('',(#19980));
#19980 = SURFACE_STYLE_FILL_AREA(#19981);
#19981 = FILL_AREA_STYLE('',(#19982));
#19982 = FILL_AREA_STYLE_COLOUR('',#19368);
#19983 = STYLED_ITEM('color',(#19984),#4786);
#19984 = PRESENTATION_STYLE_ASSIGNMENT((#19985));
#19985 = SURFACE_STYLE_USAGE(.BOTH.,#19986);
#19986 = SURFACE_SIDE_STYLE('',(#19987));
#19987 = SURFACE_STYLE_FILL_AREA(#19988);
#19988 = FILL_AREA_STYLE('',(#19989));
#19989 = FILL_AREA_STYLE_COLOUR('',#19567);
#19990 = STYLED_ITEM('color',(#19991),#4835);
#19991 = PRESENTATION_STYLE_ASSIGNMENT((#19992));
#19992 = SURFACE_STYLE_USAGE(.BOTH.,#19993);
#19993 = SURFACE_SIDE_STYLE('',(#19994));
#19994 = SURFACE_STYLE_FILL_AREA(#19995);
#19995 = FILL_AREA_STYLE('',(#19996));
#19996 = FILL_AREA_STYLE_COLOUR('',#19567);
#19997 = STYLED_ITEM('color',(#19998),#4852);
#19998 = PRESENTATION_STYLE_ASSIGNMENT((#19999));
#19999 = SURFACE_STYLE_USAGE(.BOTH.,#20000);
#20000 = SURFACE_SIDE_STYLE('',(#20001));
#20001 = SURFACE_STYLE_FILL_AREA(#20002);
#20002 = FILL_AREA_STYLE('',(#20003));
#20003 = FILL_AREA_STYLE_COLOUR('',#19368);
#20004 = STYLED_ITEM('color',(#20005),#4921);
#20005 = PRESENTATION_STYLE_ASSIGNMENT((#20006));
#20006 = SURFACE_STYLE_USAGE(.BOTH.,#20007);
#20007 = SURFACE_SIDE_STYLE('',(#20008));
#20008 = SURFACE_STYLE_FILL_AREA(#20009);
#20009 = FILL_AREA_STYLE('',(#20010));
#20010 = FILL_AREA_STYLE_COLOUR('',#20011);
#20011 = COLOUR_RGB('',8.200000279077E-02,8.600000121357E-02,
  9.399999706163E-02);
#20012 = STYLED_ITEM('color',(#20013),#4952);
#20013 = PRESENTATION_STYLE_ASSIGNMENT((#20014));
#20014 = SURFACE_STYLE_USAGE(.BOTH.,#20015);
#20015 = SURFACE_SIDE_STYLE('',(#20016));
#20016 = SURFACE_STYLE_FILL_AREA(#20017);
#20017 = FILL_AREA_STYLE('',(#20018));
#20018 = FILL_AREA_STYLE_COLOUR('',#20011);
#20019 = STYLED_ITEM('color',(#20020),#4976);
#20020 = PRESENTATION_STYLE_ASSIGNMENT((#20021));
#20021 = SURFACE_STYLE_USAGE(.BOTH.,#20022);
#20022 = SURFACE_SIDE_STYLE('',(#20023));
#20023 = SURFACE_STYLE_FILL_AREA(#20024);
#20024 = FILL_AREA_STYLE('',(#20025));
#20025 = FILL_AREA_STYLE_COLOUR('',#19368);
#20026 = STYLED_ITEM('color',(#20027),#5045);
#20027 = PRESENTATION_STYLE_ASSIGNMENT((#20028));
#20028 = SURFACE_STYLE_USAGE(.BOTH.,#20029);
#20029 = SURFACE_SIDE_STYLE('',(#20030));
#20030 = SURFACE_STYLE_FILL_AREA(#20031);
#20031 = FILL_AREA_STYLE('',(#20032));
#20032 = FILL_AREA_STYLE_COLOUR('',#20011);
#20033 = STYLED_ITEM('color',(#20034),#5069);
#20034 = PRESENTATION_STYLE_ASSIGNMENT((#20035));
#20035 = SURFACE_STYLE_USAGE(.BOTH.,#20036);
#20036 = SURFACE_SIDE_STYLE('',(#20037));
#20037 = SURFACE_STYLE_FILL_AREA(#20038);
#20038 = FILL_AREA_STYLE('',(#20039));
#20039 = FILL_AREA_STYLE_COLOUR('',#19368);
#20040 = STYLED_ITEM('color',(#20041),#5086);
#20041 = PRESENTATION_STYLE_ASSIGNMENT((#20042));
#20042 = SURFACE_STYLE_USAGE(.BOTH.,#20043);
#20043 = SURFACE_SIDE_STYLE('',(#20044));
#20044 = SURFACE_STYLE_FILL_AREA(#20045);
#20045 = FILL_AREA_STYLE('',(#20046));
#20046 = FILL_AREA_STYLE_COLOUR('',#19368);
#20047 = STYLED_ITEM('color',(#20048),#5103);
#20048 = PRESENTATION_STYLE_ASSIGNMENT((#20049));
#20049 = SURFACE_STYLE_USAGE(.BOTH.,#20050);
#20050 = SURFACE_SIDE_STYLE('',(#20051));
#20051 = SURFACE_STYLE_FILL_AREA(#20052);
#20052 = FILL_AREA_STYLE('',(#20053));
#20053 = FILL_AREA_STYLE_COLOUR('',#19368);
#20054 = STYLED_ITEM('color',(#20055),#5120);
#20055 = PRESENTATION_STYLE_ASSIGNMENT((#20056));
#20056 = SURFACE_STYLE_USAGE(.BOTH.,#20057);
#20057 = SURFACE_SIDE_STYLE('',(#20058));
#20058 = SURFACE_STYLE_FILL_AREA(#20059);
#20059 = FILL_AREA_STYLE('',(#20060));
#20060 = FILL_AREA_STYLE_COLOUR('',#19368);
#20061 = STYLED_ITEM('color',(#20062),#5137);
#20062 = PRESENTATION_STYLE_ASSIGNMENT((#20063));
#20063 = SURFACE_STYLE_USAGE(.BOTH.,#20064);
#20064 = SURFACE_SIDE_STYLE('',(#20065));
#20065 = SURFACE_STYLE_FILL_AREA(#20066);
#20066 = FILL_AREA_STYLE('',(#20067));
#20067 = FILL_AREA_STYLE_COLOUR('',#19368);
#20068 = STYLED_ITEM('color',(#20069),#5154);
#20069 = PRESENTATION_STYLE_ASSIGNMENT((#20070));
#20070 = SURFACE_STYLE_USAGE(.BOTH.,#20071);
#20071 = SURFACE_SIDE_STYLE('',(#20072));
#20072 = SURFACE_STYLE_FILL_AREA(#20073);
#20073 = FILL_AREA_STYLE('',(#20074));
#20074 = FILL_AREA_STYLE_COLOUR('',#19368);
#20075 = STYLED_ITEM('color',(#20076),#5171);
#20076 = PRESENTATION_STYLE_ASSIGNMENT((#20077));
#20077 = SURFACE_STYLE_USAGE(.BOTH.,#20078);
#20078 = SURFACE_SIDE_STYLE('',(#20079));
#20079 = SURFACE_STYLE_FILL_AREA(#20080);
#20080 = FILL_AREA_STYLE('',(#20081));
#20081 = FILL_AREA_STYLE_COLOUR('',#19368);
#20082 = STYLED_ITEM('color',(#20083),#5188);
#20083 = PRESENTATION_STYLE_ASSIGNMENT((#20084));
#20084 = SURFACE_STYLE_USAGE(.BOTH.,#20085);
#20085 = SURFACE_SIDE_STYLE('',(#20086));
#20086 = SURFACE_STYLE_FILL_AREA(#20087);
#20087 = FILL_AREA_STYLE('',(#20088));
#20088 = FILL_AREA_STYLE_COLOUR('',#20011);
#20089 = STYLED_ITEM('color',(#20090),#5205);
#20090 = PRESENTATION_STYLE_ASSIGNMENT((#20091));
#20091 = SURFACE_STYLE_USAGE(.BOTH.,#20092);
#20092 = SURFACE_SIDE_STYLE('',(#20093));
#20093 = SURFACE_STYLE_FILL_AREA(#20094);
#20094 = FILL_AREA_STYLE('',(#20095));
#20095 = FILL_AREA_STYLE_COLOUR('',#20011);
ENDSEC;
END-ISO-10303-21;
